-- MySQL dump 10.13  Distrib 8.0.19, for Linux (x86_64)
--
-- Host: localhost    Database: top_hotels
-- ------------------------------------------------------
-- Server version	8.0.19

/*!40101 SET @OLD_CHARACTER_SET_CLIENT=@@CHARACTER_SET_CLIENT */;
/*!40101 SET @OLD_CHARACTER_SET_RESULTS=@@CHARACTER_SET_RESULTS */;
/*!40101 SET @OLD_COLLATION_CONNECTION=@@COLLATION_CONNECTION */;
/*!50503 SET NAMES utf8mb4 */;
/*!40103 SET @OLD_TIME_ZONE=@@TIME_ZONE */;
/*!40103 SET TIME_ZONE='+00:00' */;
/*!40014 SET @OLD_UNIQUE_CHECKS=@@UNIQUE_CHECKS, UNIQUE_CHECKS=0 */;
/*!40014 SET @OLD_FOREIGN_KEY_CHECKS=@@FOREIGN_KEY_CHECKS, FOREIGN_KEY_CHECKS=0 */;
/*!40101 SET @OLD_SQL_MODE=@@SQL_MODE, SQL_MODE='NO_AUTO_VALUE_ON_ZERO' */;
/*!40111 SET @OLD_SQL_NOTES=@@SQL_NOTES, SQL_NOTES=0 */;

--
-- Table structure for table `categories_media`
--

DROP TABLE IF EXISTS `categories_media`;
/*!40101 SET @saved_cs_client     = @@character_set_client */;
/*!50503 SET character_set_client = utf8mb4 */;
CREATE TABLE `categories_media` (
  `id` int unsigned NOT NULL AUTO_INCREMENT,
  `name` varchar(255) NOT NULL,
  PRIMARY KEY (`id`),
  UNIQUE KEY `name` (`name`)
) ENGINE=InnoDB AUTO_INCREMENT=28 DEFAULT CHARSET=utf8mb4 COLLATE=utf8mb4_0900_ai_ci;
/*!40101 SET character_set_client = @saved_cs_client */;

--
-- Dumping data for table `categories_media`
--

LOCK TABLES `categories_media` WRITE;
/*!40000 ALTER TABLE `categories_media` DISABLE KEYS */;
INSERT INTO `categories_media` VALUES (14,'animation'),(13,'area'),(4,'bars'),(10,'beach'),(5,'conference-hall'),(2,'hotel'),(11,'logo'),(8,'map'),(9,'near'),(12,'others'),(1,'rooms'),(7,'spa'),(6,'sports'),(3,'view rooms');
/*!40000 ALTER TABLE `categories_media` ENABLE KEYS */;
UNLOCK TABLES;

--
-- Table structure for table `cities`
--

DROP TABLE IF EXISTS `cities`;
/*!40101 SET @saved_cs_client     = @@character_set_client */;
/*!50503 SET character_set_client = utf8mb4 */;
CREATE TABLE `cities` (
  `id` int unsigned NOT NULL AUTO_INCREMENT,
  `name` varchar(255) CHARACTER SET utf8 COLLATE utf8_unicode_ci NOT NULL,
  `region_id` int unsigned NOT NULL,
  PRIMARY KEY (`id`),
  KEY `cities_region_id_fk` (`region_id`),
  CONSTRAINT `cities_region_id_fk` FOREIGN KEY (`region_id`) REFERENCES `regions` (`id`) ON DELETE CASCADE
) ENGINE=InnoDB AUTO_INCREMENT=101 DEFAULT CHARSET=utf8 COLLATE=utf8_unicode_ci;
/*!40101 SET character_set_client = @saved_cs_client */;

--
-- Dumping data for table `cities`
--

LOCK TABLES `cities` WRITE;
/*!40000 ALTER TABLE `cities` DISABLE KEYS */;
INSERT INTO `cities` VALUES (1,'South Emery',47),(2,'Port Karinastad',35),(3,'South Napoleonport',57),(4,'Hackettbury',60),(5,'Port Pearl',10),(6,'Zulaufhaven',48),(7,'O\'Keefeville',21),(8,'Hillsside',69),(9,'Lake Rolandoville',98),(10,'South Lucie',60),(11,'Jarrettmouth',56),(12,'Dickinsonville',38),(13,'New Dalton',82),(14,'East Judahside',84),(15,'Schaefermouth',17),(16,'Schmelerville',24),(17,'West Odellville',20),(18,'New Lexusbury',48),(19,'Bashirianhaven',16),(20,'Collinborough',72),(21,'Lake Ashlynnmouth',100),(22,'Hahnfort',60),(23,'North Kipport',30),(24,'Mohrfurt',45),(25,'Port Dannyport',52),(26,'Wymanberg',32),(27,'Port Lillian',83),(28,'Port Desmondfurt',62),(29,'Trantowshire',100),(30,'East Laurianneshire',4),(31,'Lake Lenora',26),(32,'Shirleyside',18),(33,'Port Damianville',15),(34,'South Rogers',19),(35,'South Rahul',99),(36,'Ruthside',43),(37,'South Madelineview',59),(38,'Steuberport',37),(39,'South Hankburgh',38),(40,'Johnstonmouth',88),(41,'Shieldsville',97),(42,'East Leslie',48),(43,'North Ron',35),(44,'Bomouth',82),(45,'Sporerland',2),(46,'Stantonville',62),(47,'East Eloisaville',34),(48,'Robinview',62),(49,'Batzmouth',45),(50,'West Bernice',1),(51,'South Amira',48),(52,'Terrencemouth',65),(53,'Wolffbury',94),(54,'East Kiannashire',39),(55,'Alenamouth',27),(56,'Olaburgh',19),(57,'Giuseppehaven',50),(58,'Chaztown',81),(59,'Kleintown',44),(60,'Port Hildaton',81),(61,'Elbertberg',18),(62,'Kristown',89),(63,'Schultzshire',99),(64,'Deionstad',40),(65,'Aufderharland',31),(66,'Krajcikland',28),(67,'Stephanieshire',46),(68,'North Christiana',1),(69,'Zellafurt',78),(70,'West Marisolshire',33),(71,'Lake Jofort',89),(72,'Dachport',48),(73,'Port Tateburgh',95),(74,'Erickaville',93),(75,'Kurtistown',99),(76,'North Javier',33),(77,'Wardville',72),(78,'Kassulketown',21),(79,'Destanybury',48),(80,'North Orionhaven',37),(81,'West Garrickburgh',67),(82,'Orrinmouth',99),(83,'New Maryjane',62),(84,'South Lois',57),(85,'New Dillonmouth',99),(86,'New Mekhi',42),(87,'New Maxmouth',47),(88,'South Keyshawnmouth',58),(89,'New Tod',77),(90,'New Leland',36),(91,'Ronnyhaven',18),(92,'Hermanview',70),(93,'Harriston',23),(94,'South Effie',80),(95,'North Stephania',77),(96,'Marshallchester',27),(97,'East Jaden',72),(98,'Lednerberg',67),(99,'Cartwrightbury',77),(100,'Port Tracy',62);
/*!40000 ALTER TABLE `cities` ENABLE KEYS */;
UNLOCK TABLES;

--
-- Table structure for table `countries`
--

DROP TABLE IF EXISTS `countries`;
/*!40101 SET @saved_cs_client     = @@character_set_client */;
/*!50503 SET character_set_client = utf8mb4 */;
CREATE TABLE `countries` (
  `id` int unsigned NOT NULL AUTO_INCREMENT,
  `name` varchar(255) NOT NULL,
  PRIMARY KEY (`id`),
  UNIQUE KEY `name` (`name`),
  UNIQUE KEY `countries_name_idx` (`name`)
) ENGINE=InnoDB AUTO_INCREMENT=101 DEFAULT CHARSET=utf8mb4 COLLATE=utf8mb4_0900_ai_ci;
/*!40101 SET character_set_client = @saved_cs_client */;

--
-- Dumping data for table `countries`
--

LOCK TABLES `countries` WRITE;
/*!40000 ALTER TABLE `countries` DISABLE KEYS */;
INSERT INTO `countries` VALUES (35,'Afghanistan'),(81,'Albania'),(34,'Algeria'),(28,'American Samoa'),(95,'Andorra'),(67,'Antigua and Barbuda'),(65,'Armenia'),(85,'Azerbaijan'),(2,'Bahamas'),(68,'Belgium'),(58,'Belize'),(36,'Bermuda'),(79,'Bolivia'),(43,'Bosnia and Herzegovina'),(84,'Botswana'),(4,'Bouvet Island (Bouvetoya)'),(38,'Brazil'),(98,'British Virgin Islands'),(26,'Brunei Darussalam'),(14,'Cambodia'),(24,'Cameroon'),(20,'Cayman Islands'),(99,'Central African Republic'),(12,'Chile'),(8,'China'),(74,'Comoros'),(92,'Cote d\'Ivoire'),(54,'Cuba'),(69,'Cyprus'),(5,'Czech Republic'),(46,'Dominican Republic'),(7,'Ecuador'),(37,'El Salvador'),(41,'Equatorial Guinea'),(19,'Ethiopia'),(45,'Falkland Islands (Malvinas)'),(90,'Fiji'),(57,'France'),(30,'French Southern Territories'),(86,'Germany'),(83,'Greenland'),(42,'Grenada'),(1,'Guadeloupe'),(82,'Guinea'),(71,'Guinea-Bissau'),(10,'Heard Island and McDonald Islands'),(9,'Hong Kong'),(64,'Isle of Man'),(21,'Kuwait'),(17,'Kyrgyz Republic'),(61,'Latvia'),(11,'Lesotho'),(96,'Libyan Arab Jamahiriya'),(88,'Liechtenstein'),(53,'Macedonia'),(47,'Madagascar'),(16,'Malawi'),(40,'Maldives'),(73,'Mayotte'),(70,'Mexico'),(27,'Mongolia'),(94,'Montenegro'),(78,'Montserrat'),(87,'Morocco'),(48,'Namibia'),(72,'New Zealand'),(32,'Nicaragua'),(15,'Nigeria'),(100,'Niue'),(62,'Norfolk Island'),(33,'Panama'),(3,'Papua New Guinea'),(56,'Paraguay'),(44,'Poland'),(80,'Puerto Rico'),(49,'Romania'),(55,'Russian Federation'),(18,'Rwanda'),(31,'Saint Vincent and the Grenadines'),(13,'Sao Tome and Principe'),(22,'Saudi Arabia'),(29,'Serbia'),(39,'Seychelles'),(59,'Solomon Islands'),(75,'Somalia'),(23,'Spain'),(6,'Sweden'),(51,'Switzerland'),(93,'Syrian Arab Republic'),(89,'Tajikistan'),(25,'Tanzania'),(76,'Tunisia'),(77,'Turks and Caicos Islands'),(50,'Uganda'),(52,'United States Minor Outlying Islands'),(63,'Uzbekistan'),(66,'Vanuatu'),(60,'Yemen'),(97,'Zambia'),(91,'Zimbabwe');
/*!40000 ALTER TABLE `countries` ENABLE KEYS */;
UNLOCK TABLES;

--
-- Table structure for table `hotels`
--

DROP TABLE IF EXISTS `hotels`;
/*!40101 SET @saved_cs_client     = @@character_set_client */;
/*!50503 SET character_set_client = utf8mb4 */;
CREATE TABLE `hotels` (
  `id` int unsigned NOT NULL AUTO_INCREMENT,
  `name` varchar(255) NOT NULL,
  `type_hotel_id` int unsigned DEFAULT NULL,
  `star_category_id` int unsigned DEFAULT NULL,
  `type_location_id` int unsigned DEFAULT NULL,
  `description` text,
  `city_id` int unsigned DEFAULT NULL,
  `adress` varchar(255) NOT NULL,
  `contacts` varchar(255) NOT NULL,
  `building_date` date NOT NULL,
  `reconstruct_date` date NOT NULL,
  `created_at` datetime DEFAULT CURRENT_TIMESTAMP,
  `updated_at` datetime DEFAULT CURRENT_TIMESTAMP ON UPDATE CURRENT_TIMESTAMP,
  PRIMARY KEY (`id`),
  UNIQUE KEY `name` (`name`),
  KEY `hotels_name_idx` (`name`),
  KEY `hotels_type_hotel_id_fk` (`type_hotel_id`),
  KEY `hotels_star_category_id_fk` (`star_category_id`),
  KEY `hotels_type_location_id_fk` (`type_location_id`),
  KEY `hotels_city_id_fk` (`city_id`),
  CONSTRAINT `hotels_city_id_fk` FOREIGN KEY (`city_id`) REFERENCES `cities` (`id`) ON DELETE CASCADE,
  CONSTRAINT `hotels_star_category_id_fk` FOREIGN KEY (`star_category_id`) REFERENCES `star_categories` (`id`) ON DELETE SET NULL,
  CONSTRAINT `hotels_type_hotel_id_fk` FOREIGN KEY (`type_hotel_id`) REFERENCES `type_hotels` (`id`) ON DELETE SET NULL,
  CONSTRAINT `hotels_type_location_id_fk` FOREIGN KEY (`type_location_id`) REFERENCES `type_locations` (`id`) ON DELETE SET NULL
) ENGINE=InnoDB AUTO_INCREMENT=101 DEFAULT CHARSET=utf8mb4 COLLATE=utf8mb4_0900_ai_ci;
/*!40101 SET character_set_client = @saved_cs_client */;

--
-- Dumping data for table `hotels`
--

LOCK TABLES `hotels` WRITE;
/*!40000 ALTER TABLE `hotels` DISABLE KEYS */;
INSERT INTO `hotels` VALUES (1,'Self-enabling optimal parallelism',5,4,4,'Sed aliquid vel explicabo qui voluptatum ullam. Quis neque eum a adipisci sequi. Dolores assumenda et reiciendis placeat dolorem eveniet aut. Ut neque est nemo id corrupti voluptas repellat repudiandae.',75,'5849 Royal Port','+79162895435','1981-09-25','2020-05-06','1999-09-22 14:29:06','2020-05-06 20:41:22'),(2,'Networked static neural-net',2,7,4,'Labore consectetur fugiat vitae tempora labore delectus aliquid. Quidem cum quis voluptate. Et tempora quia excepturi numquam. Omnis voluptates placeat hic.',7,'0368 Schmitt Way','+79148385998','2008-07-07','2020-05-06','2008-07-07 00:00:00','2020-05-06 20:43:51'),(3,'Self-enabling composite concept',1,1,3,'Est eum distinctio eaque laborum repellat. Et eaque reprehenderit itaque iste. Voluptas ratione est nisi assumenda adipisci similique reprehenderit.',2,'5063 Emmerich Turnpike Apt. 073','+79153243690','2012-11-06','2020-05-06','2012-11-06 00:00:00','2020-05-06 20:43:51'),(4,'Integrated composite frame',5,8,3,'Corrupti est eius a culpa illo nesciunt molestias. Ipsam in illo aspernatur deleniti quae voluptas voluptas. Id sunt aut beatae deserunt.',1,'543 Zemlak Burgs Suite 142','+79121060458','1995-06-09','2020-05-06','2018-03-08 13:00:24','2020-05-06 20:41:22'),(5,'Progressive bottom-line customerloyalty',6,2,9,'Qui ut in non praesentium consequuntur modi quasi. Est asperiores sequi cupiditate perspiciatis debitis inventore. Autem perspiciatis eveniet perferendis fugit.',66,'11567 Retha Plain','+79145571222','2012-12-08','2020-05-06','2012-12-08 00:00:00','2020-05-06 20:43:51'),(6,'Optional web-enabled ability',7,3,8,'Mollitia dolorem consequatur non unde iste. Reprehenderit totam perferendis eveniet et. Dolorem rerum rerum ut id nemo alias nobis.',78,'06025 Cooper Rapid','+79164674743','1986-09-26','2001-03-01','2009-10-19 06:34:40','2020-05-06 20:39:12'),(7,'Fully-configurable hybrid encoding',4,6,11,'Occaecati sunt expedita natus quibusdam voluptates. Sunt provident voluptate et maiores aut laudantium. Quas illum rerum quia repudiandae.',95,'3385 Okuneva Corner Suite 013','+79186660054','2003-05-20','2020-05-06','2010-03-21 03:40:06','2020-05-06 20:41:22'),(8,'Object-based eco-centric paradigm',1,7,5,'Excepturi blanditiis qui a distinctio quia voluptate praesentium. Est mollitia id nam fugit fuga nostrum repellendus. Animi voluptatem assumenda eveniet. Unde perferendis voluptatem unde laborum ducimus sapiente.',3,'33158 Reilly Via Apt. 013','+79139276046','1989-01-26','2018-06-18','1989-01-26 00:00:00','2020-05-06 20:43:51'),(9,'Secured high-level adapter',4,2,7,'Et quam voluptatem distinctio rerum ad magni voluptate. Laudantium officiis aut ratione nisi eveniet aliquam. Iusto iste perferendis vero illum quo.',38,'72093 Aurelia Via Suite 904','+79136400068','1975-07-28','2013-02-17','2001-06-03 10:46:00','2020-05-06 20:39:12'),(10,'Managed secondary artificialintelligence',1,4,10,'Eos provident aliquid delectus porro nam dolore. Et est sapiente asperiores et adipisci. Sed magni quam inventore qui veniam voluptatem ea enim. At rerum et aperiam sequi cumque cumque. Facilis et consectetur pariatur nulla odit.',35,'71421 Lesch Way Suite 907','+79164172209','1994-04-17','2010-01-10','1994-04-17 00:00:00','2020-05-06 20:43:51'),(11,'Triple-buffered coherent structure',2,8,13,'Praesentium nihil ad odit id inventore aut et. Officiis porro atque et necessitatibus sapiente nesciunt. Aliquid architecto voluptate tempore qui quidem.',13,'3452 Stracke Dale','+79111660845','2014-11-26','2020-05-06','2014-11-26 00:00:00','2020-05-06 20:43:51'),(12,'Reactive background function',6,7,9,'Molestiae debitis fugiat et omnis. Nihil et aut est cum voluptatem architecto sed. Beatae quaerat eum et reiciendis optio minus dolores. Dolorum aspernatur labore provident.',6,'37995 Goodwin Greens','+79165787598','1979-11-18','2020-05-06','1999-01-18 18:00:20','2020-05-06 20:41:22'),(13,'Total grid-enabled moratorium',3,6,12,'Et cum sunt aperiam suscipit et nesciunt sint a. Quod laborum qui voluptates nemo aliquid. Optio rerum magni voluptatibus non. Quo aspernatur perspiciatis ducimus.',94,'7609 Norberto Pine Apt. 581','+79193955460','1991-02-05','2000-08-27','1991-02-05 00:00:00','2020-05-06 20:43:51'),(14,'Synergized 5thgeneration superstructure',2,1,9,'Omnis dolores molestiae accusantium voluptatem tenetur. Nihil natus aut eligendi quidem quia libero officiis. Ut voluptatem sequi eaque alias maxime id nobis. Aut sunt nihil debitis quo eum consequatur sunt neque.',50,'133 Janet Villages Apt. 606','+79172414515','2011-10-06','2020-05-06','2011-10-06 00:00:00','2020-05-06 20:43:51'),(15,'Facetoface impactful paradigm',2,6,7,'Modi cum dolorem tempora illo. Natus quas earum maiores. Unde hic eveniet id delectus dolorum. Velit id inventore quo enim.',61,'2405 Nikolaus Rest Apt. 018','+79180206196','2014-09-10','2020-05-06','2014-09-10 00:00:00','2020-05-06 20:43:51'),(16,'Proactive regional time-frame',2,5,2,'Est dolor eos dolores dolor dicta voluptas. Qui necessitatibus accusantium omnis fugit dolores sed est. Sint voluptatem dignissimos veniam vel dolore ad.',3,'38238 Paris Trafficway Suite 561','+79183787439','1992-11-16','1995-06-22','1992-11-16 00:00:00','2020-05-06 20:43:51'),(17,'Cross-group nextgeneration hierarchy',2,5,2,'Dolores expedita modi quidem eum iste eaque. Illum corporis voluptatum iste at qui omnis. Maiores magnam non et quia earum et. Voluptatibus ipsa eveniet temporibus eaque eum labore.',28,'192 Balistreri Island','+79178318611','2018-10-26','2020-05-06','2018-10-26 00:00:00','2020-05-06 20:43:51'),(18,'Operative global knowledgeuser',6,6,2,'Officia voluptates similique et atque in ad. Ipsa ut aperiam blanditiis voluptatem repudiandae quod. Minima rerum dolor occaecati reprehenderit consequatur fugit.',53,'0917 Beer Mountains Suite 694','+79140230744','1971-10-08','1993-08-04','1996-05-29 00:10:39','2020-05-06 20:39:12'),(19,'Centralized interactive utilisation',2,1,3,'Repudiandae doloremque ut asperiores in molestiae placeat. Impedit rem et et sunt accusamus est ex. Officiis rerum at minima enim rerum expedita dolores. Qui ipsum non explicabo quia ut.',61,'247 Gleichner Hollow Apt. 585','+79166197891','2018-04-27','2020-05-06','2018-04-27 00:00:00','2020-05-06 20:43:51'),(20,'Virtual intermediate adapter',2,8,11,'Vel ratione nesciunt eius in et reprehenderit harum. Rerum aliquam amet aut quis ad. Cum minima dolorem itaque natus. Vel nemo saepe qui quia impedit.',84,'941 Talia Spurs Suite 225','+79110297226','1996-07-22','2020-05-06','1996-07-22 00:00:00','2020-05-06 20:43:51'),(21,'Devolved 3rdgeneration capacity',6,6,10,'Est voluptas dolorem perspiciatis amet ut blanditiis voluptas. Animi quo id minus et quia. Enim placeat pariatur eum quia temporibus tempore. Provident tempora suscipit dignissimos eum dolorem in.',79,'84164 Flatley Plain','+79152892458','2016-05-05','2020-05-06','2016-05-05 00:00:00','2020-05-06 20:43:51'),(22,'Open-source executive neural-net',6,5,5,'Aperiam numquam unde consequuntur. Dicta voluptatem assumenda sed ab quas ut voluptatem. Dolore fugiat et quibusdam rerum aut. Ut libero sed quae exercitationem.',59,'0958 Marks Groves Apt. 345','+79133570621','2019-02-27','2020-05-06','2019-02-27 00:00:00','2020-05-06 20:43:51'),(23,'Realigned responsive framework',3,3,11,'Ut perspiciatis est provident rem quia in facilis. Eos cumque et ullam iste dolorem enim. Aliquam sequi atque itaque. Voluptatem tempore sequi incidunt nesciunt qui.',40,'7621 Marilie Knoll','+79109175732','1978-07-07','2010-09-21','2017-08-04 02:56:27','2020-05-06 20:39:12'),(24,'Realigned directional customerloyalty',5,3,11,'Vel sint vero rem. Ab labore aperiam aut quas et incidunt. Repellat sapiente dolor repellendus unde pariatur quaerat. Enim quae magni dolorum molestias voluptatum et aut.',10,'2069 Rahsaan Lane','+79145166799','2014-09-08','2020-05-06','2014-09-08 00:00:00','2020-05-06 20:43:51'),(25,'Progressive stable budgetarymanagement',6,5,7,'Voluptate accusamus dolores expedita quasi. Blanditiis et illum neque aliquid corporis omnis. Quibusdam repudiandae quasi suscipit quibusdam voluptates.',58,'29313 Brakus Bridge Suite 860','+79198306806','2005-09-14','2020-05-06','2005-09-14 00:00:00','2020-05-06 20:43:51'),(26,'Innovative tangible interface',3,4,3,'Eos nesciunt minus est vero consequuntur omnis. Quisquam provident quia ut ipsum. Dolore et odio ratione ab velit alias sed. Aut culpa autem occaecati distinctio hic quaerat. Sequi dolorum dolor qui ab aut.',56,'12145 Alexanne Points','+79156033637','1973-04-24','2020-05-06','2007-04-18 07:44:18','2020-05-06 20:41:22'),(27,'Synchronised systemic challenge',4,7,12,'Omnis voluptas earum dolorem. Error est nulla optio distinctio magnam sapiente. Enim sed in ipsum quas. Perferendis esse vel quam architecto.',67,'98150 Rebekah Avenue','+79185247769','2015-04-30','2020-05-06','2015-04-30 00:00:00','2020-05-06 20:43:51'),(28,'Open-source intangible projection',4,7,8,'Maiores ut omnis suscipit facere laboriosam vel. Aliquid autem possimus laboriosam possimus velit facere. Doloremque architecto molestias dolor. Aut tempora ab quisquam asperiores tempore exercitationem minus. Voluptas qui tempore reprehenderit ipsum.',71,'88971 Major Mountain Suite 884','+79158137939','1992-08-01','1992-10-08','2012-07-06 22:02:39','2020-05-06 20:39:12'),(29,'Fully-configurable analyzing paradigm',7,7,7,'Provident perspiciatis voluptatum dignissimos in. Sed voluptatem quam voluptatem ullam magnam sunt. Ratione quas illum magnam eveniet. Provident aut placeat unde tempora blanditiis quisquam vitae.',88,'8506 Bosco Courts','+79134946394','2016-07-04','2020-05-06','2016-07-04 00:00:00','2020-05-06 20:43:51'),(30,'Re-engineered cohesive ability',1,5,9,'Quam atque occaecati placeat aut rerum. Sequi vel qui consequatur.',6,'652 Connelly Gardens Apt. 635','+79100318156','1976-03-20','2000-11-12','2015-11-17 11:50:03','2020-05-06 20:39:12'),(31,'Business-focused zeroadministration localareanetwork',4,1,7,'Harum voluptas deserunt ex animi est rem. Expedita animi culpa architecto nemo et enim rerum. Dolore et dolores suscipit quod iusto.',59,'685 Eichmann Courts','+79196751600','1997-04-14','2000-04-02','1997-04-14 00:00:00','2020-05-06 20:43:51'),(32,'Mandatory non-volatile knowledgeuser',5,3,2,'Beatae vero tempora ut asperiores. Consequatur dolor expedita ad et itaque tempora est. Qui voluptates amet perferendis repellat enim minus ea.',94,'5000 Abshire Creek','+79182803537','1995-05-16','2013-12-28','1995-05-16 00:00:00','2020-05-06 20:43:51'),(33,'Mandatory executive internetsolution',6,6,2,'Exercitationem eum labore harum nulla rerum et nostrum. Blanditiis error in tenetur ratione. Accusantium incidunt quisquam repellendus rem.',46,'814 Mckenzie Squares','+79123762893','1971-09-11','1990-08-08','2014-05-08 05:41:03','2020-05-06 20:39:12'),(34,'Synergistic eco-centric throughput',1,4,2,'Molestias assumenda repudiandae eveniet ex quaerat. Ea dolores asperiores officiis ut eligendi quia. Modi similique ut qui alias minima odit.',35,'41565 Lynch Mountain Apt. 760','+79170403853','1979-05-30','2020-05-06','1979-05-30 00:00:00','2020-05-06 20:43:51'),(35,'Proactive coherent complexity',3,1,5,'Earum accusantium numquam tempora. Quibusdam doloribus eum accusantium laudantium provident. Voluptas aut ut incidunt.',57,'1202 Nicolas Circles Apt. 353','+79180730592','1971-12-17','1987-01-15','2005-12-12 10:52:59','2020-05-06 20:39:12'),(36,'Business-focused impactful website',2,4,8,'Quia laborum quidem quo quisquam vitae. Reiciendis sequi maxime aut quis impedit amet. Velit explicabo quia dolorem voluptatibus voluptatibus neque iste. Deleniti qui quos adipisci autem eum iste quod. Accusamus neque qui et sunt quisquam doloribus error.',87,'694 Sandrine Courts','+79192441405','2004-12-10','2010-10-16','2004-12-10 00:00:00','2020-05-06 20:43:51'),(37,'Exclusive object-oriented portal',7,7,3,'Veritatis iusto eligendi nihil asperiores illum soluta animi. Est rem inventore nobis temporibus neque possimus. Sequi aliquid doloribus enim repudiandae. Necessitatibus tempora dolorem saepe non sit culpa voluptatem aliquid.',45,'1255 Faustino Trace','+79120015255','1999-11-25','2013-02-02','2014-07-06 16:49:59','2020-05-06 20:39:12'),(38,'Versatile mission-critical intranet',6,3,12,'Ut corrupti earum enim qui ullam. Est facilis sit consequuntur eius sunt nobis explicabo.',81,'99531 Lizeth Garden','+79122752062','2012-04-21','2020-05-06','2012-04-21 00:00:00','2020-05-06 20:43:51'),(39,'Upgradable dedicated time-frame',4,4,1,'Perferendis iure nulla similique. Optio necessitatibus dignissimos tenetur corporis consequatur. Delectus in veritatis et.',47,'9098 Hollis Canyon','+79153714546','2005-04-23','2020-05-06','2005-12-18 20:42:00','2020-05-06 20:41:22'),(40,'Seamless optimizing installation',6,5,7,'Ut quo occaecati sunt saepe et consequatur doloremque. Dolor enim neque distinctio eos velit et ad. Cumque ut alias enim laudantium. Ipsa quaerat qui accusantium eligendi tenetur repudiandae.',59,'1034 Boyle Light Apt. 639','+79100316553','2002-09-20','2020-05-06','2006-10-26 22:49:45','2020-05-06 20:41:22'),(41,'Streamlined maximized strategy',6,5,1,'Voluptas et vel non facere voluptas et. Id officia est qui pariatur est ut fugiat. Consequuntur ipsa quas voluptatem hic quo hic omnis.',75,'340 Dach Alley','+79140439126','1975-01-14','2008-04-14','2013-12-16 18:53:07','2020-05-06 20:39:12'),(42,'Facetoface static systemengine',6,3,2,'Consequatur magni enim est et veniam autem autem. Esse quaerat optio provident quam eos aut. Quos alias neque alias ut ea perferendis minima. Nihil et beatae aut.',84,'76782 Torp Ports Apt. 603','+79101245976','1992-02-20','2020-05-06','1997-12-29 20:51:40','2020-05-06 20:41:22'),(43,'Secured user-facing knowledgeuser',1,6,8,'Assumenda harum eligendi iusto. Eligendi doloremque autem dolor quia atque vitae. At velit autem ea omnis pariatur minus. Dolorem eaque dolorem sequi explicabo autem.',66,'0149 Era Plains','+79184912503','1983-10-31','2020-05-06','1993-05-06 23:40:59','2020-05-06 20:41:22'),(44,'Reverse-engineered attitude-oriented algorithm',4,1,12,'Ut qui quis voluptas sit. Ut magni atque consequatur id fugit quia distinctio. Est fuga deserunt repellat error. Dignissimos velit et nihil excepturi officiis.',7,'228 Jewel Ridge Apt. 556','+79120824598','1975-04-28','2020-05-06','1978-01-07 09:17:27','2020-05-06 20:41:22'),(45,'Multi-tiered multi-tasking task-force',7,3,8,'Nulla neque nihil ut officiis. Laudantium minima et iste culpa adipisci aspernatur. Est quo dolore impedit eius aliquam. Ratione voluptas aliquid et aut porro facere. Omnis voluptate suscipit est odit iste sint laudantium.',31,'918 Huels Roads Apt. 283','+79149385479','1993-05-10','2000-12-05','1993-05-10 00:00:00','2020-05-06 20:43:51'),(46,'Distributed exuding access',7,5,12,'Nihil vitae occaecati minima numquam. Explicabo architecto et impedit quis aspernatur accusantium. Repellat hic nihil non ratione beatae.',75,'70105 Kuphal Club Suite 683','+79184453609','2015-08-04','2020-05-06','2015-08-04 00:00:00','2020-05-06 20:43:51'),(47,'Facetoface exuding paradigm',1,6,4,'Blanditiis dolorem molestias animi. Nostrum illum aperiam sed nihil iure rerum corrupti. Culpa temporibus minima iste quo modi.',10,'42991 Andre Vista Suite 943','+79174111612','1978-10-21','2020-05-06','2008-04-08 23:15:39','2020-05-06 20:41:22'),(48,'Assimilated discrete moderator',7,7,6,'Eligendi repellat sint unde est provident. Asperiores temporibus non accusamus pariatur. Et possimus veniam quae excepturi. Eius rerum dolor et tempore dignissimos voluptatem dolorum quam.',35,'83258 Stracke Avenue Apt. 759','+79117197236','2002-09-14','2004-10-30','2018-03-09 23:46:42','2020-05-06 20:39:12'),(49,'Sharable modular firmware',1,5,8,'Eos molestias voluptas enim velit dolores possimus voluptas consectetur. Assumenda velit molestias aut ut quos. Totam eum at quia velit. Vero et doloribus quam hic.',2,'30475 Pollich Fork','+79163651347','2018-01-28','2020-05-06','2018-01-28 00:00:00','2020-05-06 20:43:51'),(50,'Public-key bottom-line solution',1,1,13,'Aperiam porro qui suscipit. Voluptate quia laudantium est modi illum. Eos et optio sapiente eaque quia dolor.',60,'090 Klocko Road','+79166665032','2008-12-14','2020-05-06','2013-06-27 06:30:02','2020-05-06 20:41:22'),(51,'Diverse 24hour budgetarymanagement',4,5,9,'Corrupti impedit nostrum laborum molestiae repudiandae soluta. Accusamus iusto eius nihil quo velit id distinctio. Labore alias et quasi eum deserunt ea. Nobis et reiciendis aut assumenda saepe.',14,'645 Estel Village','+79142371124','1981-02-13','2013-12-20','1997-09-26 14:17:53','2020-05-06 20:39:12'),(52,'Proactive even-keeled website',1,4,11,'Aut mollitia laudantium veniam ea. Ut non at velit.',70,'771 Ethan Trail','+79111860528','1989-02-13','2017-07-30','1997-10-18 00:41:06','2020-05-06 20:39:12'),(53,'Progressive assymetric protocol',3,3,13,'Impedit maxime inventore asperiores. Odit similique aut ipsa odio rerum odit suscipit. Vero aut vero nulla eum qui.',98,'55307 Erik Pass Suite 001','+79132189269','1986-10-31','2020-05-06','1993-09-02 09:28:10','2020-05-06 20:41:22'),(54,'Self-enabling motivating circuit',5,2,8,'Ipsam cumque nihil tenetur maxime maiores porro. Repellendus aut voluptatem eos qui sit. Aut et quidem facilis qui ratione eius quis aut. Temporibus et rem sit provident.',10,'2410 Angelina Overpass Apt. 977','+79125364768','2003-09-25','2004-12-12','2003-09-25 00:00:00','2020-05-06 20:43:51'),(55,'Extended 3rdgeneration openarchitecture',6,5,13,'Fuga et quos nesciunt et. Nihil pariatur ut quas ea. Autem autem omnis neque ipsum.',42,'844 Howell Circles Suite 922','+79130256034','1989-12-20','1990-08-05','1989-12-20 00:00:00','2020-05-06 20:43:51'),(56,'Automated incremental adapter',7,2,4,'Suscipit praesentium quos illum inventore. Minima necessitatibus eveniet non praesentium repudiandae debitis in. Sint est impedit molestiae est. Laboriosam recusandae dicta explicabo aut.',62,'418 Kozey Run','+79175185873','1975-09-30','2006-04-07','1993-02-28 01:47:36','2020-05-06 20:39:12'),(57,'Inverse impactful success',3,5,2,'Commodi quis placeat aliquam aliquid. Nisi perspiciatis sit inventore. Vel ea laudantium repudiandae et quaerat sint totam voluptatibus.',48,'68679 Etha Neck Apt. 451','+79185161266','1979-03-11','1986-02-11','2015-06-06 07:56:22','2020-05-06 20:39:12'),(58,'Open-source zerodefect localareanetwork',2,1,4,'Et aut vel est consequatur quam et alias. In dolorem eum vero amet. Ducimus et voluptas temporibus nisi omnis explicabo reprehenderit. Et illo pariatur vel excepturi. Et eos quaerat aut quis nobis quibusdam.',3,'992 Bednar Hill','+79100248716','2011-02-19','2020-05-06','2013-07-19 01:36:03','2020-05-06 20:41:22'),(59,'Cloned optimal complexity',7,7,13,'Repudiandae dolorem impedit quia quia. Vero consequatur quasi eaque.',69,'792 Maxie Falls','+79145759784','1994-02-26','2020-05-06','1999-06-13 16:59:21','2020-05-06 20:41:22'),(60,'Horizontal logistical interface',5,5,4,'Pariatur rem eos temporibus vel sunt rerum pariatur. Voluptatem consequatur molestias molestias unde maiores. Facilis suscipit est et sed quod aut adipisci consectetur.',62,'513 Blanda Station','+79128052778','1988-12-27','2009-03-19','2005-08-05 18:21:59','2020-05-06 20:39:12'),(61,'Exclusive foreground encoding',7,3,7,'Quia architecto architecto eaque delectus eum consequatur. Voluptatum molestiae quisquam quo ab adipisci hic. Nostrum ut dolor natus molestiae qui inventore cum. Praesentium placeat id deserunt minima id reprehenderit.',15,'8439 Maiya Spur','+79102984540','1977-07-27','2012-12-17','2006-04-25 00:05:46','2020-05-06 20:39:12'),(62,'Streamlined intangible conglomeration',3,7,5,'Accusamus quia molestiae sunt repellendus tempora eligendi. Error voluptatem id facere ea. Quaerat sunt nihil magnam tempora magnam occaecati.',41,'6139 Prohaska Hills Suite 417','+79130764371','2018-03-13','2020-05-06','2018-03-13 00:00:00','2020-05-06 20:43:51'),(63,'Self-enabling systemic systemengine',7,4,6,'Eos quis saepe temporibus suscipit et. Quidem eius velit enim veritatis. Voluptatem numquam harum omnis neque.',21,'386 Rosalind Green Apt. 674','+79144868240','1985-12-08','2017-07-30','2004-03-15 06:42:16','2020-05-06 20:39:12'),(64,'Networked clear-thinking array',5,7,4,'Et sunt eum qui impedit in ut. Unde quas velit ex. Autem aut possimus et recusandae est.',58,'899 Cielo Creek Apt. 640','+79132048089','1975-12-05','1986-06-11','1986-07-02 18:34:45','2020-05-06 20:39:12'),(65,'Decentralized human-resource adapter',3,4,9,'Omnis consequatur tempore eligendi ratione ut quasi omnis. Quo quibusdam molestiae veniam itaque. Esse optio accusamus quia impedit magnam fuga quae. Temporibus dolor expedita alias consectetur esse corporis.',48,'230 Gus Rapid Apt. 229','+79125635730','2018-02-22','2020-05-06','2018-02-22 00:00:00','2020-05-06 20:43:51'),(66,'Progressive exuding customerloyalty',4,7,10,'Dolores ut nam quia ullam provident rerum rem doloremque. Adipisci nesciunt aut velit ab. Voluptatibus repudiandae ipsum reiciendis sunt autem debitis aut.',98,'190 Cronin Rest Apt. 606','+79132034386','1977-03-25','1978-10-21','2013-03-29 06:32:30','2020-05-06 20:39:12'),(67,'Stand-alone 4thgeneration focusgroup',6,2,5,'Fugiat qui exercitationem at voluptatibus voluptates odio qui. Possimus natus et voluptatem in impedit. Nesciunt dolor incidunt fuga dolore omnis aperiam facilis. Quibusdam iusto alias a quam.',53,'06197 Malachi Villages Apt. 668','+79183264745','1981-09-05','2020-05-06','1991-11-09 13:27:47','2020-05-06 20:41:22'),(68,'Networked heuristic data-warehouse',6,6,12,'Officia voluptatem corporis commodi. Dolore autem sed est. Quisquam natus sit consequuntur quod possimus et sint laborum.',32,'986 Ledner Mountains Suite 067','+79120220574','1989-04-30','2020-05-06','2003-02-21 00:39:32','2020-05-06 20:41:22'),(69,'User-centric exuding systemengine',3,8,10,'Labore magni earum sit et. Ut est rerum consequuntur reprehenderit sunt. Est fugiat error omnis eos labore earum.',93,'4132 O\'Conner Bypass','+79151308637','2009-04-26','2020-05-06','2009-04-26 00:00:00','2020-05-06 20:43:51'),(70,'Configurable bandwidth-monitored matrices',4,4,6,'Cum odio sed corrupti adipisci nemo qui facilis. Numquam dolor aliquam laborum sint sed voluptatum. Qui est similique ut et quia dolores.',87,'487 Fisher Squares Apt. 813','+79195881465','1973-11-27','1985-09-30','1993-05-28 08:32:16','2020-05-06 20:39:12'),(71,'Configurable empowering database',3,5,7,'Eum itaque explicabo aut ullam rerum voluptate qui numquam. Qui voluptatem totam ipsa. Qui est quia et eveniet adipisci quidem inventore non.',74,'369 Baumbach Summit','+79125481423','1978-04-19','1984-03-22','2014-06-05 03:30:16','2020-05-06 20:39:12'),(72,'Reactive reciprocal task-force',7,1,4,'Quia placeat voluptatibus natus quia non. Nesciunt et dolores aut dolores officia rerum similique molestiae. Voluptas nostrum est velit sunt. Voluptates harum ullam aut qui laudantium veritatis.',97,'34553 Jarret Via Apt. 130','+79139762722','2006-04-26','2020-05-06','2006-04-26 00:00:00','2020-05-06 20:43:51'),(73,'Down-sized fresh-thinking firmware',2,3,1,'Velit quidem quia consequuntur quo excepturi minima. Sunt ex optio soluta. Ea ullam et ut porro repudiandae numquam qui. Dolor exercitationem omnis cumque soluta.',89,'94931 Alberta Summit','+79122369346','1992-07-28','1995-01-27','1998-09-01 22:56:12','2020-05-06 20:39:12'),(74,'Extended tangible time-frame',7,4,12,'Accusamus ex sunt ut soluta molestiae. Dolorem beatae et aspernatur qui aperiam. Voluptatum ullam incidunt voluptatem nihil. Consequuntur natus voluptas voluptatem quia deserunt.',17,'929 Rogahn Islands Apt. 275','+79192558566','1972-10-18','1987-04-16','2001-10-07 21:00:02','2020-05-06 20:39:12'),(75,'Configurable demand-driven moderator',2,2,10,'Quae nihil consequatur nemo nihil maxime ipsam aliquid. Tempora veniam sit perspiciatis fuga. Consequatur repellat illum esse voluptatem consectetur.',66,'8649 Kutch Path Apt. 080','+79195684796','1980-09-01','2020-05-06','2002-12-28 16:47:53','2020-05-06 20:41:22'),(76,'Enhanced non-volatile migration',2,3,6,'Quod similique repudiandae numquam et. Et voluptate ut qui provident veritatis. Sed dolorem a aut est.',2,'9472 Gulgowski Mountain Suite 528','+79100748290','1987-06-17','2009-04-29','2007-09-05 00:42:53','2020-05-06 20:39:12'),(77,'Proactive fault-tolerant systemengine',4,6,1,'Occaecati eum fugit hic earum. Id autem perspiciatis animi rerum. Dignissimos officia dolorum ut aliquid minus maxime autem qui. Autem dignissimos inventore ut.',32,'115 Dedrick Extensions Suite 444','+79116687063','1982-12-11','1997-05-16','2018-11-23 07:24:28','2020-05-06 20:39:12'),(78,'Digitized encompassing moratorium',4,1,6,'Rerum in praesentium ad. Autem quo corporis qui veritatis. Et qui voluptates aliquid praesentium dicta dolores ut.',2,'1093 Shania Court','+79181190447','1981-06-12','1990-05-26','1987-08-10 21:38:14','2020-05-06 20:39:12'),(79,'Digitized full-range securedline',2,8,7,'Soluta consectetur vel amet quis dolores officiis odio. Provident quaerat dicta natus facere. At et praesentium nemo laborum.',93,'0723 Reva Skyway','+79155891052','2016-05-15','2020-05-06','2016-05-15 00:00:00','2020-05-06 20:43:51'),(80,'Cross-group reciprocal extranet',6,4,4,'Fugit vitae non alias quo aut voluptatem aut. Aut ut autem enim ipsa. Placeat quibusdam dolor quae vel repudiandae labore. Assumenda dolore perspiciatis et totam aliquam.',89,'2970 Maribel Shoals','+79135883925','1995-01-14','2019-05-10','1997-05-14 22:37:53','2020-05-06 20:39:12'),(81,'Balanced dedicated database',2,1,11,'Aut magnam vero doloremque similique. Omnis pariatur aliquam ut non atque. Nemo ut ut ipsum est ipsum. Sed non velit laborum.',42,'87307 Muller Rest Suite 363','+79111746473','2012-12-16','2020-05-06','2017-07-20 18:59:57','2020-05-06 20:41:22'),(82,'Intuitive well-modulated challenge',1,1,13,'Quisquam voluptas totam et voluptas pariatur dolorem. Veritatis deserunt nihil in quo repellat. Provident corporis et corporis magnam in dolore placeat.',52,'60969 Brycen Knoll Suite 711','+79151080592','2015-02-04','2020-05-06','2015-02-04 00:00:00','2020-05-06 20:43:51'),(83,'Implemented 5thgeneration alliance',1,7,6,'In incidunt quos dolore perferendis. Repellat laudantium molestiae qui qui.',60,'11551 Raynor Turnpike','+79120163548','1990-10-16','2000-03-07','1990-10-16 00:00:00','2020-05-06 20:43:51'),(84,'Visionary uniform systemengine',7,2,2,'Odit deserunt ut qui rerum. Quidem repellendus aut aut ut ea. Recusandae dolores fuga architecto et. Ipsam possimus eum placeat non ipsam dolores est.',35,'31842 Welch Viaduct','+79147575964','1993-06-09','2005-01-11','2005-12-23 22:28:50','2020-05-06 20:39:12'),(85,'Exclusive object-oriented forecast',2,5,7,'Harum sint eum modi ipsum cum sapiente. Accusamus fuga soluta aspernatur. Numquam vitae qui est incidunt maiores aliquam optio.',46,'37846 Laron Track Suite 114','+79177389180','2009-06-12','2020-05-06','2009-06-12 00:00:00','2020-05-06 20:43:51'),(86,'Decentralized 24hour benchmark',4,2,13,'Magnam nulla explicabo neque vel error. Tenetur culpa quia illo doloribus aut velit nulla. Recusandae asperiores eveniet earum sint non.',2,'8673 Colin Mills','+79144218013','2007-11-04','2020-05-06','2012-08-29 20:07:52','2020-05-06 20:41:22'),(87,'Optional bi-directional intranet',1,2,3,'Nostrum sit voluptas omnis qui repellat. Id quia quia iste explicabo eligendi officiis. Est doloremque rerum optio blanditiis dolorem rerum itaque odio. Natus molestiae laboriosam ipsa non veritatis aliquid atque.',99,'4405 Champlin Ranch','+79188922529','1972-07-22','2010-04-05','1972-07-22 00:00:00','2020-05-06 20:43:51'),(88,'Operative non-volatile initiative',7,2,13,'Labore voluptas inventore quasi quod esse aut dolorem voluptates. Praesentium inventore qui asperiores accusantium et.',14,'1476 Collins Center Suite 804','+79111958613','1972-04-09','2017-01-24','1972-04-09 00:00:00','2020-05-06 20:43:51'),(89,'Optimized mobile adapter',7,6,12,'Quos modi sit eveniet a quaerat. Eos dolor maxime ea odio similique sint. Deserunt aut dolorum sed assumenda architecto.',9,'633 O\'Keefe Island Apt. 481','+79193025477','2012-08-04','2020-05-06','2012-08-04 00:00:00','2020-05-06 20:43:51'),(90,'Quality-focused global matrices',1,7,13,'Eum nihil corrupti voluptatem quisquam temporibus sit. Illo et dolores necessitatibus repudiandae dolorem impedit velit. Quod consequatur pariatur porro.',6,'8935 Merle Tunnel','+79129251556','2004-04-12','2020-05-06','2004-04-12 00:00:00','2020-05-06 20:43:51'),(91,'Proactive zerodefect flexibility',2,6,7,'Provident officiis earum officia est. Maiores aut natus quae ipsum. Adipisci sunt nisi repellendus explicabo tenetur ad quo quidem. Debitis autem et aperiam rem.',52,'1025 Merle Fall','+79167181349','1990-09-30','2009-08-06','1990-09-30 00:00:00','2020-05-06 20:43:51'),(92,'Progressive responsive complexity',1,7,3,'Consequuntur voluptatem tempora illum officiis laborum dolorum. Eaque a nihil sed nihil qui qui. Molestiae accusamus praesentium magnam aliquam voluptas recusandae nihil. Rerum distinctio ea qui eligendi incidunt aut fugiat alias. Id dicta reiciendis dolorem officiis facilis vel quia.',71,'8742 Nigel Mount','+79148152084','1976-11-22','2020-05-06','1996-06-30 11:39:38','2020-05-06 20:41:22'),(93,'Switchable dedicated interface',1,4,7,'Et occaecati molestiae ea excepturi reiciendis omnis qui. Numquam temporibus quaerat non ut. Vitae alias vitae repellendus eum.',54,'5775 Ratke Shores','+79139216378','1986-10-04','2020-05-06','1989-09-11 11:20:55','2020-05-06 20:41:22'),(94,'Robust dedicated GraphicInterface',2,2,13,'Accusantium facere et id est consequatur quidem neque repellendus. Culpa vitae vitae est voluptatibus et. Sunt ut sequi mollitia. Impedit omnis dolor incidunt dolor temporibus facilis. Sed expedita quis perferendis est vero et cumque.',3,'248 Macey Springs','+79151625639','1970-03-16','1974-03-22','2005-12-20 11:23:26','2020-05-06 20:39:12'),(95,'Cross-group neutral contingency',7,2,10,'Error minus modi et. Harum eos est saepe exercitationem et quo. Aut impedit sunt iste et quas velit suscipit. Quos eum incidunt nostrum officiis.',44,'592 O\'Reilly Locks','+79140479066','1995-04-19','2018-12-13','1995-04-19 00:00:00','2020-05-06 20:43:51'),(96,'Enterprise-wide attitude-oriented circuit',4,7,6,'Dolores quaerat est qui. Exercitationem illum est consequatur eveniet. Quisquam temporibus aut consequatur voluptatum blanditiis sunt.',11,'863 Dagmar Underpass','+79147518418','1989-12-13','2013-07-15','2004-08-23 18:05:34','2020-05-06 20:39:12'),(97,'Customer-focused exuding product',4,2,13,'Incidunt hic libero ullam nulla voluptatem. Magni excepturi qui alias rerum mollitia sint inventore soluta. Commodi ut dolor fuga voluptates et.',29,'82756 Koepp Avenue Apt. 198','+79116154894','2017-02-26','2020-05-06','2017-02-26 00:00:00','2020-05-06 20:43:51'),(98,'Networked dedicated analyzer',2,1,9,'Autem et recusandae quasi numquam accusantium quisquam nemo. Omnis commodi sit voluptatem temporibus magni et.',27,'6136 Nolan Plain','+79138219220','2001-12-19','2020-05-06','2001-12-19 00:00:00','2020-05-06 20:43:51'),(99,'Innovative full-range customerloyalty',2,2,13,'Libero et hic quis assumenda est. Numquam doloribus nostrum sed ea.',27,'0373 Rempel Corners','+79142631422','2011-04-29','2020-05-06','2011-04-29 00:00:00','2020-05-06 20:43:51'),(100,'Reverse-engineered uniform alliance',7,5,1,'Corrupti possimus harum minus sed aut eaque earum. Ipsam doloremque possimus maxime autem. Neque consequatur itaque ut molestias maiores magni. Hic molestias excepturi et et consequuntur enim quibusdam quas. Ut autem vel quisquam exercitationem maxime rem.',57,'700 Vella Dam Apt. 798','+79198499456','1970-08-21','1982-08-10','2013-12-18 04:22:20','2020-05-06 20:39:12');
/*!40000 ALTER TABLE `hotels` ENABLE KEYS */;
UNLOCK TABLES;
/*!50003 SET @saved_cs_client      = @@character_set_client */ ;
/*!50003 SET @saved_cs_results     = @@character_set_results */ ;
/*!50003 SET @saved_col_connection = @@collation_connection */ ;
/*!50003 SET character_set_client  = utf8mb4 */ ;
/*!50003 SET character_set_results = utf8mb4 */ ;
/*!50003 SET collation_connection  = utf8mb4_0900_ai_ci */ ;
/*!50003 SET @saved_sql_mode       = @@sql_mode */ ;
/*!50003 SET sql_mode              = 'ONLY_FULL_GROUP_BY,STRICT_TRANS_TABLES,NO_ZERO_IN_DATE,NO_ZERO_DATE,ERROR_FOR_DIVISION_BY_ZERO,NO_ENGINE_SUBSTITUTION' */ ;
DELIMITER ;;
/*!50003 CREATE*/ /*!50017 DEFINER=`root`@`localhost`*/ /*!50003 TRIGGER `hotels_count` AFTER INSERT ON `hotels` FOR EACH ROW BEGIN 
    SELECT COUNT(id) INTO @total_hotels FROM hotels;
    END */;;
DELIMITER ;
/*!50003 SET sql_mode              = @saved_sql_mode */ ;
/*!50003 SET character_set_client  = @saved_cs_client */ ;
/*!50003 SET character_set_results = @saved_cs_results */ ;
/*!50003 SET collation_connection  = @saved_col_connection */ ;

--
-- Temporary view structure for view `hotels_city_type`
--

DROP TABLE IF EXISTS `hotels_city_type`;
/*!50001 DROP VIEW IF EXISTS `hotels_city_type`*/;
SET @saved_cs_client     = @@character_set_client;
/*!50503 SET character_set_client = utf8mb4 */;
/*!50001 CREATE VIEW `hotels_city_type` AS SELECT 
 1 AS `hotel`,
 1 AS `city`,
 1 AS `star`,
 1 AS `type`,
 1 AS `location`*/;
SET character_set_client = @saved_cs_client;

--
-- Table structure for table `likes`
--

DROP TABLE IF EXISTS `likes`;
/*!40101 SET @saved_cs_client     = @@character_set_client */;
/*!50503 SET character_set_client = utf8mb4 */;
CREATE TABLE `likes` (
  `id` int unsigned NOT NULL AUTO_INCREMENT,
  `from_user_id` int unsigned NOT NULL,
  `to_hotel_id` int unsigned NOT NULL,
  `created_at` datetime DEFAULT CURRENT_TIMESTAMP,
  PRIMARY KEY (`id`),
  KEY `likes_from_user_id_fk` (`from_user_id`),
  KEY `likes_to_hotel_id_fk` (`to_hotel_id`),
  CONSTRAINT `likes_from_user_id_fk` FOREIGN KEY (`from_user_id`) REFERENCES `users` (`id`) ON DELETE CASCADE,
  CONSTRAINT `likes_to_hotel_id_fk` FOREIGN KEY (`to_hotel_id`) REFERENCES `hotels` (`id`) ON DELETE CASCADE
) ENGINE=InnoDB AUTO_INCREMENT=101 DEFAULT CHARSET=utf8mb4 COLLATE=utf8mb4_0900_ai_ci;
/*!40101 SET character_set_client = @saved_cs_client */;

--
-- Dumping data for table `likes`
--

LOCK TABLES `likes` WRITE;
/*!40000 ALTER TABLE `likes` DISABLE KEYS */;
INSERT INTO `likes` VALUES (1,56,4,'2005-11-04 01:51:08'),(2,23,8,'1996-08-03 04:30:20'),(3,56,66,'1997-05-18 23:09:06'),(4,51,16,'1985-01-23 11:56:17'),(5,58,6,'2002-02-27 00:52:19'),(6,83,71,'1990-07-10 14:10:17'),(7,11,82,'1981-10-03 19:46:09'),(8,51,48,'2018-04-17 10:58:12'),(9,82,27,'2015-12-28 19:12:00'),(10,84,41,'1976-10-03 09:07:51'),(12,25,57,'1978-08-26 01:43:05'),(13,42,96,'1978-07-11 04:19:30'),(15,99,67,'1980-04-29 15:36:47'),(16,54,88,'2015-02-22 16:57:31'),(19,88,74,'1972-10-11 19:55:27'),(20,47,14,'1990-09-20 15:38:56'),(22,83,77,'2008-10-25 08:21:40'),(24,3,88,'1999-10-11 02:04:36'),(26,50,83,'1973-07-07 12:40:54'),(28,39,74,'1972-11-16 17:35:17'),(29,46,14,'2014-12-16 22:52:52'),(30,100,36,'1973-03-17 00:01:59'),(31,6,8,'1997-04-28 14:05:19'),(32,11,6,'1977-12-20 23:35:34'),(33,56,90,'2005-01-13 12:03:17'),(35,84,61,'2015-03-13 14:00:59'),(36,26,66,'1996-11-26 10:18:30'),(38,67,54,'2007-02-17 13:02:47'),(39,67,39,'1977-08-09 19:34:10'),(40,99,67,'2004-01-08 16:10:04'),(41,38,83,'2010-01-11 15:32:59'),(42,12,34,'1978-09-25 10:52:45'),(43,7,39,'2009-10-24 06:39:15'),(44,55,96,'2003-07-27 21:38:25'),(45,78,73,'1972-03-23 13:41:29'),(47,91,60,'1986-02-19 09:33:20'),(48,94,24,'2011-09-15 18:59:25'),(50,3,48,'1977-07-04 03:44:36'),(52,87,71,'2010-05-18 00:16:01'),(54,74,40,'1970-05-12 01:32:59'),(56,92,54,'2019-08-11 02:59:39'),(59,44,58,'1990-10-27 02:54:59'),(62,50,4,'2014-09-10 23:44:58'),(63,89,99,'2013-01-24 10:24:32'),(64,37,85,'2013-03-27 03:39:01'),(65,66,71,'2002-01-24 17:44:01'),(66,86,72,'2005-12-09 19:00:53'),(67,69,12,'1983-12-09 00:38:41'),(68,3,53,'1970-10-01 17:56:33'),(69,36,65,'1979-06-28 06:49:58'),(70,39,59,'2010-06-26 04:56:48'),(71,39,16,'1993-04-25 01:22:51'),(72,37,51,'1987-11-03 16:16:49'),(73,60,97,'1986-11-28 00:53:23'),(75,1,80,'1997-01-01 04:35:00'),(76,57,11,'2011-08-30 00:23:53'),(77,26,77,'2000-10-04 14:19:43'),(80,39,35,'1980-10-07 00:06:47'),(81,38,21,'1995-11-06 21:24:15'),(83,46,72,'1996-05-13 00:09:11'),(84,55,91,'1987-09-29 23:53:30'),(86,90,27,'1995-12-06 00:01:14'),(87,68,57,'1986-10-01 16:48:09'),(88,85,25,'2003-04-21 22:54:52'),(90,55,2,'2000-03-27 21:50:40'),(91,88,36,'1991-02-01 15:36:43'),(92,33,49,'2012-10-31 10:47:42'),(93,88,53,'1996-03-31 09:59:46'),(94,82,62,'1983-01-05 12:23:32'),(95,38,11,'2003-01-19 00:00:52'),(96,5,34,'1989-04-25 13:37:48'),(97,39,74,'2010-04-09 09:07:40'),(98,97,18,'1975-01-04 21:43:35'),(99,66,53,'1984-11-29 18:35:15'),(100,75,53,'2009-03-30 03:59:04');
/*!40000 ALTER TABLE `likes` ENABLE KEYS */;
UNLOCK TABLES;

--
-- Table structure for table `media`
--

DROP TABLE IF EXISTS `media`;
/*!40101 SET @saved_cs_client     = @@character_set_client */;
/*!50503 SET character_set_client = utf8mb4 */;
CREATE TABLE `media` (
  `id` int unsigned NOT NULL AUTO_INCREMENT,
  `user_id` int unsigned DEFAULT NULL,
  `hotel_id` int unsigned DEFAULT NULL,
  `media_type` enum('photo','video') CHARACTER SET utf8 COLLATE utf8_unicode_ci DEFAULT NULL,
  `category_media_id` int unsigned NOT NULL,
  `file_path` varchar(255) CHARACTER SET utf8 COLLATE utf8_unicode_ci NOT NULL,
  `file_size` int unsigned NOT NULL,
  `created_at` datetime DEFAULT CURRENT_TIMESTAMP,
  `updated_at` datetime DEFAULT CURRENT_TIMESTAMP ON UPDATE CURRENT_TIMESTAMP,
  PRIMARY KEY (`id`),
  KEY `media_user_id_fk` (`user_id`),
  KEY `media_category_media_id_fk` (`category_media_id`),
  KEY `media_hotel_id_fk` (`hotel_id`),
  CONSTRAINT `media_category_media_id_fk` FOREIGN KEY (`category_media_id`) REFERENCES `categories_media` (`id`),
  CONSTRAINT `media_hotel_id_fk` FOREIGN KEY (`hotel_id`) REFERENCES `hotels` (`id`) ON DELETE CASCADE,
  CONSTRAINT `media_user_id_fk` FOREIGN KEY (`user_id`) REFERENCES `users` (`id`) ON DELETE SET NULL
) ENGINE=InnoDB AUTO_INCREMENT=101 DEFAULT CHARSET=utf8 COLLATE=utf8_unicode_ci;
/*!40101 SET character_set_client = @saved_cs_client */;

--
-- Dumping data for table `media`
--

LOCK TABLES `media` WRITE;
/*!40000 ALTER TABLE `media` DISABLE KEYS */;
INSERT INTO `media` VALUES (1,98,19,'video',1,'http://spencer.com/',1941,'2009-05-22 04:46:08','2020-05-06 20:48:41'),(2,65,28,'photo',12,'http://www.predovic.info/',6669,'1981-06-23 23:53:35','2010-09-25 17:26:31'),(3,53,7,'photo',11,'http://www.morar.com/',3611,'1987-10-18 10:30:34','2020-05-06 20:48:41'),(4,81,68,'video',5,'http://beer.com/',7827,'1996-01-27 21:11:53','2020-05-06 20:48:41'),(5,41,24,'photo',9,'http://kuhic.com/',2889,'1981-11-10 00:46:16','2020-05-06 20:48:41'),(6,39,45,'photo',4,'http://parisian.com/',7628,'1986-07-12 17:32:39','2004-01-06 18:48:42'),(7,82,64,'video',13,'http://www.gorczany.biz/',9712,'2011-08-05 22:53:34','2020-05-06 20:48:41'),(8,18,1,'photo',6,'http://bergnaumcorkery.com/',2417,'1987-11-20 12:42:03','2020-05-06 20:48:41'),(9,67,85,'video',14,'http://schroeder.org/',9053,'1976-09-25 10:21:39','2016-09-22 16:54:09'),(10,98,44,'photo',5,'http://www.little.com/',8792,'1975-11-23 20:06:42','2020-05-06 20:48:41'),(11,84,79,'video',11,'http://harveysauer.org/',7397,'2019-03-04 01:05:16','2020-05-06 20:48:41'),(12,2,13,'video',4,'http://www.klein.info/',1049,'1973-12-16 01:50:44','1976-06-27 17:21:34'),(13,79,68,'video',9,'http://www.howeullrich.biz/',10079,'1981-06-12 03:49:01','2018-04-21 22:54:16'),(14,39,71,'video',14,'http://abbottmoen.com/',1897,'1993-12-23 04:44:16','2020-05-06 20:48:41'),(15,18,61,'video',14,'http://green.com/',9775,'2010-09-23 14:49:11','2017-07-18 10:23:56'),(16,9,6,'video',10,'http://www.quitzon.com/',8254,'2006-02-19 12:15:38','2012-10-08 10:15:57'),(17,29,51,'video',7,'http://www.oreillykessler.net/',9724,'2000-05-12 00:48:27','2005-04-18 16:31:22'),(18,40,81,'video',2,'http://bayer.com/',9285,'1974-12-18 16:59:55','2011-11-02 20:09:43'),(19,35,60,'video',2,'http://www.gulgowskimetz.net/',7416,'1992-11-04 06:23:15','2010-09-06 14:50:31'),(20,21,72,'photo',12,'http://danielrau.net/',5239,'2017-12-24 09:02:20','2020-05-06 20:48:41'),(21,69,59,'video',4,'http://pollichbalistreri.com/',3184,'2003-08-25 17:51:43','2005-02-11 09:05:26'),(22,88,45,'video',6,'http://hintz.com/',1093,'1991-10-12 21:47:17','1996-10-26 06:27:18'),(23,74,11,'video',12,'http://www.pacocha.info/',2130,'1984-08-05 19:13:16','2020-05-06 20:48:41'),(24,38,87,'video',9,'http://www.sanford.com/',8792,'2008-07-23 21:07:18','2020-05-06 20:48:41'),(25,17,90,'photo',4,'http://www.rippinmurray.info/',4058,'2012-05-27 01:29:29','2020-05-06 20:48:41'),(26,11,71,'photo',14,'http://www.langosh.org/',6010,'1991-10-11 14:24:03','2020-05-06 20:48:41'),(27,61,35,'photo',3,'http://stamm.com/',4932,'1970-07-05 02:20:28','2013-03-07 00:54:46'),(28,82,89,'video',3,'http://barton.com/',9715,'1998-01-20 05:02:02','2007-07-08 03:17:28'),(29,16,23,'photo',3,'http://dare.info/',7326,'1992-04-18 11:53:53','2019-12-07 06:06:03'),(30,82,17,'photo',2,'http://hintzdickinson.com/',6020,'2004-06-21 08:58:44','2020-05-06 20:48:41'),(31,25,41,'photo',5,'http://www.lynchhuel.com/',5896,'1994-04-26 08:33:43','2000-06-26 00:38:23'),(32,23,32,'photo',9,'http://murphy.com/',6373,'1985-09-22 22:18:11','2002-02-04 10:39:45'),(33,61,53,'video',14,'http://www.hellerlueilwitz.com/',5759,'1995-09-24 17:36:01','2020-05-06 20:48:41'),(34,69,84,'photo',7,'http://mcglynnkreiger.com/',10233,'1977-04-08 15:13:50','2016-05-30 08:04:23'),(35,47,81,'video',6,'http://mcglynn.org/',8002,'1983-06-27 14:46:18','1992-10-20 07:56:31'),(36,26,67,'video',7,'http://www.ratkepollich.org/',8149,'1981-09-30 05:33:22','2002-01-06 02:38:11'),(37,96,58,'photo',9,'http://cruickshank.org/',1205,'1984-04-30 00:43:01','1994-10-02 05:45:44'),(38,56,29,'photo',11,'http://www.dibbert.com/',6743,'1987-06-28 07:42:50','1998-12-14 09:01:59'),(39,55,28,'photo',7,'http://feiljacobson.com/',10129,'2015-02-23 10:55:24','2020-05-06 20:48:41'),(40,16,72,'video',4,'http://www.whiteshanahan.com/',5405,'1972-09-01 14:43:11','2020-05-06 20:48:41'),(41,79,84,'photo',3,'http://www.stantoncartwright.net/',1608,'1996-02-21 04:31:37','2020-05-06 20:48:41'),(42,15,24,'video',14,'http://www.runolfsdottir.net/',8213,'2009-12-15 12:42:30','2020-05-06 20:48:41'),(43,22,44,'video',5,'http://www.ward.com/',7614,'2015-05-11 02:17:32','2020-05-06 20:48:41'),(44,11,48,'photo',2,'http://reinger.biz/',6910,'2014-11-16 11:44:04','2020-05-06 20:48:41'),(45,5,98,'video',7,'http://jacobs.org/',2270,'1983-12-09 17:36:48','2004-04-27 14:14:41'),(46,28,68,'photo',5,'http://www.schuppe.org/',5413,'1987-02-17 11:30:42','2020-05-06 20:48:41'),(47,95,24,'video',9,'http://gleichnerernser.com/',3299,'1974-07-24 01:04:50','1994-02-25 21:53:38'),(48,71,96,'video',4,'http://www.beckerlindgren.com/',7553,'2015-11-06 17:24:17','2017-02-26 10:01:21'),(49,47,95,'photo',1,'http://www.erdmanwilkinson.com/',9028,'2014-12-28 05:27:04','2020-05-06 20:48:41'),(50,29,87,'video',10,'http://www.huel.com/',1835,'1983-10-19 21:41:51','2001-09-08 15:19:05'),(51,43,62,'video',6,'http://www.leffler.com/',6081,'2010-07-15 22:52:32','2020-05-06 20:48:41'),(52,62,40,'photo',10,'http://mertz.com/',2294,'1977-07-31 03:39:09','1995-05-03 04:56:33'),(53,35,68,'video',2,'http://kunze.org/',6987,'1984-08-09 23:19:58','2008-04-08 12:21:05'),(54,100,50,'video',12,'http://littel.info/',1289,'2009-12-11 11:05:23','2020-05-06 20:48:41'),(55,2,90,'photo',2,'http://www.homenick.info/',9013,'2007-08-17 21:35:33','2020-05-06 20:48:41'),(56,20,20,'video',8,'http://www.hodkiewiczreichert.biz/',2414,'2005-12-13 10:33:50','2013-08-28 16:47:37'),(57,62,38,'photo',1,'http://zieme.com/',8582,'2005-07-19 04:15:35','2020-05-06 20:48:41'),(58,20,7,'video',8,'http://schoen.org/',8105,'1996-12-20 01:38:23','2004-01-06 06:42:52'),(59,17,38,'photo',8,'http://cole.com/',2260,'2019-08-14 04:47:39','2020-05-06 20:48:41'),(60,44,84,'photo',13,'http://rutherfordmayer.com/',7416,'1982-03-25 10:14:50','2010-02-21 03:05:57'),(61,8,100,'video',3,'http://www.ritchie.biz/',4823,'2010-07-19 00:49:07','2012-07-24 08:58:07'),(62,19,9,'photo',1,'http://runolfssondamore.net/',3905,'2016-10-01 03:14:01','2020-05-06 20:48:41'),(63,39,41,'photo',8,'http://kuhickutch.org/',5661,'1998-08-20 10:15:40','2020-05-06 20:48:41'),(64,95,1,'photo',2,'http://howellpfeffer.net/',7567,'2014-08-05 12:35:57','2016-10-23 22:59:26'),(65,97,27,'photo',14,'http://www.walter.com/',6030,'2014-01-30 16:43:29','2020-05-06 20:48:41'),(66,90,71,'photo',3,'http://langworth.com/',1345,'2005-10-09 07:02:00','2019-09-06 00:47:08'),(67,46,9,'photo',8,'http://hermiston.com/',5937,'1974-07-18 18:27:55','2003-11-29 07:40:39'),(68,15,98,'photo',12,'http://kihn.org/',4153,'1987-09-12 15:40:29','1992-11-17 17:09:56'),(69,66,63,'video',9,'http://www.mcdermott.biz/',5775,'2004-05-08 23:01:58','2020-05-06 20:48:41'),(70,70,36,'photo',2,'http://www.jacobson.com/',8150,'2011-06-19 06:23:18','2020-05-06 20:48:41'),(71,4,18,'photo',3,'http://www.spencer.biz/',9129,'2018-07-14 19:12:52','2020-05-06 20:48:41'),(72,30,92,'video',4,'http://www.steuber.net/',3479,'1992-01-25 22:02:41','2007-04-20 22:21:57'),(73,25,67,'photo',9,'http://hegmann.net/',7735,'1985-10-24 10:16:47','2002-03-16 12:05:45'),(74,88,8,'photo',9,'http://beierrodriguez.com/',5955,'2010-07-13 17:37:11','2020-05-06 20:48:41'),(75,30,23,'video',11,'http://blanda.com/',3158,'1976-05-01 01:48:19','1985-06-10 18:23:29'),(76,74,86,'photo',5,'http://emmerich.biz/',6133,'1999-09-15 02:48:08','2020-05-06 20:48:41'),(77,88,69,'video',10,'http://crona.biz/',7079,'2005-03-01 11:13:23','2009-01-05 03:27:45'),(78,60,15,'photo',2,'http://www.cummings.biz/',5243,'2003-09-09 03:35:56','2020-05-06 20:48:41'),(79,36,93,'video',14,'http://www.ohara.com/',6865,'2002-11-06 09:07:01','2020-05-06 20:48:41'),(80,82,26,'photo',4,'http://www.swift.biz/',3480,'1979-01-04 03:16:23','2019-07-23 22:43:14'),(81,84,44,'photo',6,'http://www.west.net/',6309,'2006-11-24 03:33:21','2020-05-06 20:48:41'),(82,86,58,'photo',5,'http://www.kautzer.net/',7395,'1997-03-24 18:53:50','2020-05-06 20:48:41'),(83,86,18,'photo',12,'http://spencerhuel.org/',1628,'2005-08-07 19:28:57','2008-07-12 14:28:49'),(84,90,7,'video',12,'http://www.kozey.biz/',3580,'1980-10-30 00:09:52','2000-11-20 18:49:42'),(85,2,31,'video',2,'http://www.strosin.com/',2995,'1996-08-18 17:06:33','1998-04-02 15:59:08'),(86,85,73,'photo',7,'http://www.langworthwillms.com/',7538,'2016-07-23 13:46:11','2020-05-06 20:48:41'),(87,36,6,'video',6,'http://muller.com/',6448,'2006-01-10 07:46:14','2006-12-01 15:40:13'),(88,33,30,'photo',3,'http://gerhold.com/',9900,'1971-09-14 01:11:22','1985-09-24 18:15:07'),(89,34,60,'video',12,'http://pfannerstill.com/',9234,'2012-02-02 11:58:37','2020-05-06 20:48:41'),(90,34,56,'video',7,'http://dach.biz/',9352,'1980-02-25 06:23:44','2003-03-14 11:37:23'),(91,88,47,'photo',12,'http://berniermarvin.info/',5000,'2019-10-29 03:51:40','2020-05-06 20:48:41'),(92,9,79,'photo',14,'http://www.hoeger.biz/',7963,'1976-07-24 14:25:26','1987-02-17 02:26:29'),(93,81,88,'photo',11,'http://www.mohr.biz/',6232,'1970-07-25 17:21:00','1976-09-29 09:32:33'),(94,4,1,'photo',5,'http://ledner.com/',3853,'1972-03-10 17:42:48','1988-03-22 04:42:59'),(95,26,36,'photo',5,'http://www.wisozkstoltenberg.com/',8679,'2016-06-18 03:03:58','2020-05-06 20:48:41'),(96,59,60,'photo',13,'http://www.wuckert.com/',7927,'1998-10-04 17:33:53','2020-05-06 20:48:41'),(97,58,81,'video',9,'http://connmclaughlin.org/',3665,'1991-06-13 20:18:32','2018-05-22 07:22:01'),(98,22,92,'photo',11,'http://shieldsgreenholt.net/',7776,'1989-03-02 06:57:56','2016-01-14 05:28:32'),(99,39,10,'photo',3,'http://www.mosciskimueller.com/',4248,'1974-07-08 15:56:25','1978-09-12 11:43:50'),(100,79,15,'photo',2,'http://kessler.org/',4484,'2002-04-22 14:37:23','2020-05-06 20:48:41');
/*!40000 ALTER TABLE `media` ENABLE KEYS */;
UNLOCK TABLES;

--
-- Table structure for table `news`
--

DROP TABLE IF EXISTS `news`;
/*!40101 SET @saved_cs_client     = @@character_set_client */;
/*!50503 SET character_set_client = utf8mb4 */;
CREATE TABLE `news` (
  `id` int unsigned NOT NULL AUTO_INCREMENT,
  `head` varchar(255) DEFAULT NULL,
  `body` text NOT NULL,
  `media_id` int unsigned DEFAULT NULL,
  `created_at` datetime DEFAULT CURRENT_TIMESTAMP,
  PRIMARY KEY (`id`),
  KEY `news_media_id_fk` (`media_id`),
  CONSTRAINT `news_media_id_fk` FOREIGN KEY (`media_id`) REFERENCES `media` (`id`) ON DELETE SET NULL
) ENGINE=InnoDB AUTO_INCREMENT=101 DEFAULT CHARSET=utf8mb4 COLLATE=utf8mb4_0900_ai_ci;
/*!40101 SET character_set_client = @saved_cs_client */;

--
-- Dumping data for table `news`
--

LOCK TABLES `news` WRITE;
/*!40000 ALTER TABLE `news` DISABLE KEYS */;
INSERT INTO `news` VALUES (1,'Dolor provident cumque et.','Amet sed consequatur aut ex veritatis. Quos voluptates laboriosam quos fugiat autem. Non voluptatem recusandae nesciunt voluptatem repudiandae quam. Quidem qui nihil sequi quasi aspernatur.',53,'2000-07-08 17:03:12'),(2,'Saepe quisquam similique consequatur neque neque iusto.','Ab exercitationem accusantium ut commodi voluptatem ut. Fugit delectus dicta unde aliquid quas rerum iusto. Ab minus ut voluptas eum facilis enim delectus. Dolorem vitae tempore temporibus aut nisi.',14,'1990-06-01 04:52:48'),(3,'Amet modi sunt perspiciatis esse unde odit.','Aut ut nobis nulla molestias. Et sint ipsum architecto suscipit. Fuga dolores delectus dignissimos ut minus.',30,'2011-04-02 10:46:20'),(4,'Voluptatem autem voluptates sunt quibusdam sit.','Voluptatem quas dolorum impedit rerum omnis qui modi. Deserunt autem aut ex et qui sequi. Voluptatem quos asperiores asperiores amet ab.',78,'2006-09-17 09:54:02'),(5,'Voluptas quod omnis doloremque quis.','Illum est sunt quos aut itaque harum incidunt. Sapiente tenetur laudantium autem vero. Sunt aut suscipit necessitatibus maxime et nam facilis.',3,'1997-04-17 00:00:59'),(6,'Accusamus iusto ratione suscipit rerum dolor aliquam.','Optio minima adipisci officiis repellat. Doloremque et non sint sit. Enim odio qui optio omnis ab blanditiis deserunt.',72,'1981-12-13 10:49:43'),(7,'Aliquam veniam natus unde a.','Accusantium id repudiandae vitae laboriosam voluptas. Ducimus enim quia ea corrupti et. Voluptatem consequatur facilis aut ut et. Aliquam assumenda quae dolores ut provident sint molestiae.',59,'1998-11-27 15:23:03'),(8,'Animi at sunt eum.','Eveniet et beatae ut eos. Qui delectus minima qui porro.',89,'1970-11-16 07:33:54'),(9,'Et sint omnis placeat necessitatibus voluptate nobis excepturi.','Necessitatibus molestias quidem praesentium expedita. Et eius quo inventore delectus. Minima illo repellendus cupiditate consequatur magni ab. Praesentium eum beatae maxime ut accusamus reiciendis.',66,'2003-02-21 18:55:47'),(10,'Quis itaque voluptas sed sint a perferendis.','Molestiae sapiente aut et consequatur ipsam odio soluta. Mollitia accusantium sed adipisci ratione quisquam. Autem rerum facere ad qui nesciunt beatae a. Quam doloribus saepe inventore accusamus sint qui. Recusandae consequuntur qui reprehenderit voluptatem consequatur deleniti vitae.',74,'1990-03-15 08:53:15'),(11,'Minima doloremque qui vel nihil dolores quae.','Ut dolorem rerum eum expedita assumenda optio. Quia omnis doloribus reiciendis quae.',64,'2012-12-08 16:53:10'),(12,'Unde voluptatum eum tempore reprehenderit vero.','Occaecati labore rerum velit rerum omnis nihil sit id. Natus impedit qui architecto ut non accusamus debitis. Odit incidunt aut ut assumenda soluta accusantium. Nobis id omnis consequatur voluptas dolorem beatae.',82,'2013-09-20 16:35:01'),(13,'Aut reprehenderit nulla alias aut quasi qui.','Optio est ut quis aut quis. Temporibus nulla quisquam ab sapiente et. Odio voluptas dolorum est et dignissimos. Similique veniam labore et et.',72,'2001-05-30 10:51:06'),(14,'Vel ab perferendis voluptate corporis non sunt ab.','Dignissimos et minima aut sunt. Enim quam perspiciatis officiis sequi odio. Eos et ut dicta perspiciatis.',80,'1985-07-25 23:40:53'),(15,'Eos similique ea molestiae dolore provident dicta quia.','Esse vel nihil adipisci impedit. Nesciunt exercitationem quos delectus aut perferendis occaecati ut. Quo autem perferendis corporis dolores voluptas aut harum et. Ipsam est distinctio ut pariatur deleniti sequi.',23,'1986-05-23 03:39:45'),(16,'Qui est ea incidunt quia aut.','Nemo iure sequi temporibus modi nam. Voluptatibus culpa mollitia doloremque voluptas porro et quia. Maiores est ea est consectetur in voluptatem numquam et.',17,'2009-12-08 13:01:13'),(17,'Quaerat eligendi quia voluptas porro.','Fugit placeat numquam minima at sit quasi. Ea dolorem consequatur commodi iste natus eos. Eligendi commodi possimus eaque.',91,'2017-10-25 07:02:11'),(18,'Et ducimus aut fuga in et.','In consequuntur et ut cumque harum. Voluptatem quisquam quos placeat quia architecto harum. Eveniet sunt magni pariatur autem sunt. Et magni numquam accusamus repellat.',59,'1983-04-04 07:01:26'),(19,'Rerum aut dolor voluptates rerum porro rerum.','Praesentium aperiam quia voluptatibus neque ut. Aperiam vero eligendi delectus autem. Omnis dolorem necessitatibus eum deleniti officia est.',19,'2001-04-05 18:45:36'),(20,'Iste et aliquid harum beatae.','Voluptates quia ipsa fugit id officiis dolorem occaecati qui. Dolore nulla dignissimos harum eligendi.',76,'2000-11-30 18:13:42'),(21,'Nam nihil culpa quia perspiciatis non aut molestiae.','Dicta omnis quis vel ea. Sit eum quaerat nesciunt tenetur rerum recusandae. Optio alias excepturi cumque quibusdam esse illo aut.',90,'1980-08-14 11:23:37'),(22,'Qui sunt nobis accusantium ut sunt.','Iusto autem dolor atque iure vero. Suscipit consequuntur expedita sint quibusdam veniam non totam. Distinctio omnis dolor ea totam et reiciendis. Ipsam quibusdam aut similique debitis.',84,'1982-05-08 09:20:48'),(23,'Expedita nulla earum impedit temporibus amet.','Vel placeat iste atque et omnis ea illum. Ea omnis qui sit distinctio ea impedit. Qui quia sunt ipsam magnam incidunt repellat.',53,'1989-08-27 21:01:38'),(24,'Veniam vel laudantium ex non placeat.','Assumenda dolores dignissimos est ex dicta. Sit veniam voluptates et ipsum quasi et. Esse tempore et esse voluptatibus omnis saepe.',62,'1997-03-17 14:37:50'),(25,'Dolore sequi eius et dolores sint maxime delectus.','Atque eos ut ea nam dolorum reprehenderit. Qui deserunt est nostrum aliquid. Dicta dolor dolor eligendi et. Vero reiciendis fugiat placeat rerum quia animi et.',63,'1971-09-21 01:36:50'),(26,'Dignissimos rerum et veniam inventore autem esse.','Commodi harum et dolor autem. Omnis non eveniet eveniet eligendi ducimus voluptates aperiam. Ad dolores est exercitationem maxime pariatur et.',22,'1976-04-14 05:35:34'),(27,'Corporis ut architecto molestias.','Blanditiis architecto sint officiis officia minima quo aut. Maiores sint labore voluptas voluptas maiores beatae.',97,'1987-07-30 22:30:56'),(28,'Illo qui fugit autem ut.','Totam fugit et optio placeat asperiores doloremque voluptatibus tempore. Quia sunt quia nemo quos sapiente rem.',47,'2008-05-27 09:53:32'),(29,'Ratione doloremque et necessitatibus est.','Quam est ea et libero. Enim incidunt voluptate nihil ut quisquam. Ipsa quod quas reiciendis aut suscipit nostrum dolor sunt.',64,'1989-03-03 07:40:18'),(30,'In velit consequuntur doloremque ab voluptas.','Nemo harum dolore fuga ut ad doloremque. Ex eligendi id dolor dolores. Doloremque impedit maiores ipsam et et sequi dolores atque.',15,'1973-01-04 09:21:32'),(31,'Natus unde hic fuga officiis sapiente cum eligendi et.','Occaecati voluptate similique suscipit sit. Quia consequatur vitae ex saepe voluptas aspernatur. Et reprehenderit accusantium nostrum sed. Doloremque voluptas reprehenderit hic voluptatem ut nihil odit. Doloremque incidunt dolor assumenda asperiores.',97,'1987-05-20 09:12:15'),(32,'Qui asperiores sunt ut voluptas laborum.','Culpa alias quia et ut odio ipsa. Quia quia dolorem id dolorem. Molestiae et id corporis fugiat ut unde. Ab maiores nostrum illum quo omnis et architecto.',55,'2001-09-01 23:02:46'),(33,'Reiciendis quis est occaecati natus maiores suscipit ut.','Dolores qui aut ipsa ea quasi et ut. Ut ut qui architecto autem provident omnis. Temporibus quis voluptatem excepturi qui accusamus voluptatum facere. Provident excepturi similique similique nam vitae sit consequatur.',60,'2005-05-21 01:39:46'),(34,'Vel rem voluptatibus atque eveniet officia autem.','Rerum omnis molestias nam nihil quia ex ullam. Et suscipit debitis veniam placeat. Sunt soluta et quis numquam. Excepturi consequatur aliquam consequatur.',84,'2011-06-26 15:57:29'),(35,'Qui vel eaque qui numquam et quo sapiente quasi.','Eius corporis et soluta ut. Aut velit quam sit voluptatum cupiditate. Adipisci molestiae magnam quasi blanditiis velit non illo. Voluptates eum sunt amet qui eius.',23,'2013-11-27 04:36:17'),(36,'Non at vero praesentium.','Quia occaecati ducimus ipsum mollitia saepe quibusdam omnis voluptas. Architecto voluptatem voluptas eligendi sit qui distinctio et.',86,'2013-12-05 10:09:25'),(37,'Autem numquam tempora exercitationem et delectus.','Adipisci rerum soluta quas placeat et et ad. Autem molestiae itaque voluptatem vitae sed provident. Facilis et enim omnis blanditiis et repellat mollitia. Sunt harum praesentium tenetur magnam.',98,'1980-09-14 05:33:51'),(38,'Rerum sed qui tempora aut qui officia.','Vel consequatur id dignissimos ea quasi est delectus aliquid. Delectus distinctio illum ipsa occaecati facilis doloribus impedit adipisci. Non quibusdam accusamus molestias saepe iusto aut illo.',40,'2003-06-05 23:08:05'),(39,'Quia dolores consectetur tempora est dolores aut perspiciatis rerum.','Nemo ipsam sit similique expedita et explicabo neque et. Qui ullam veritatis quas voluptatem qui modi autem vel. Minima veritatis facere ipsum et cumque blanditiis et.',59,'1974-05-01 03:19:22'),(40,'Perferendis sunt sunt non ut.','Qui aut quas voluptas. Cum illum magnam praesentium deserunt in. Aut labore incidunt nam repellat ut rerum. Architecto natus est ut explicabo quo beatae repudiandae nulla.',96,'1971-12-13 23:19:28'),(41,'Voluptas eos consequatur occaecati iste non.','Ratione velit quisquam harum eius nihil. Cumque aut soluta sit. Qui libero non voluptatem quibusdam distinctio. Et quia deleniti facilis illo quis explicabo.',11,'2004-09-14 19:12:40'),(42,'Aperiam autem numquam qui occaecati.','Facilis et saepe cum voluptas. Enim aut ipsam ad recusandae dolor qui. Voluptate a explicabo voluptatibus voluptatum tempore saepe. Et doloremque magnam in cumque.',51,'2008-08-15 12:24:50'),(43,'Voluptatem qui libero ullam est.','Eum magni assumenda in. Blanditiis quod velit non qui id illum. Et error excepturi minus eum recusandae blanditiis. Vel dolor minus commodi similique eveniet.',26,'2001-02-15 17:36:14'),(44,'Impedit ad pariatur excepturi doloremque inventore rerum aperiam sed.','Iure fugit consequatur consequuntur nihil optio. Minus libero dolores doloremque et et. Illo cupiditate eius maiores repellendus quam ratione. Aut et rerum dolorum aut voluptatem tempora aspernatur.',95,'1978-10-05 00:19:57'),(45,'Impedit et unde cumque quod ullam.','Accusantium harum corrupti consectetur commodi. Commodi itaque et non placeat voluptatum vel natus. Excepturi voluptas excepturi consequuntur iusto.',28,'1987-10-19 00:08:27'),(46,'Veniam et non et amet sapiente sit voluptate exercitationem.','Quo eaque est possimus distinctio. Sequi maxime quibusdam ad ut voluptas voluptatem adipisci. Corrupti nemo iusto maxime. Architecto accusamus quia asperiores dolorum dignissimos dicta praesentium fugiat.',16,'1982-03-24 14:35:12'),(47,'Similique aut beatae sunt necessitatibus omnis sunt aliquid.','Quia veritatis numquam eaque a quia laudantium expedita corrupti. Aut incidunt ut laborum enim beatae. Maxime suscipit tempore incidunt. Ducimus aspernatur sed corporis ipsa nihil qui. Modi distinctio ea et accusamus fugit.',75,'1976-03-12 05:50:58'),(48,'Nulla ut qui voluptas.','Suscipit iste sunt ratione iste vero suscipit fugiat qui. Rerum est ipsa minus esse fugiat ex. Qui minima dolor voluptate a voluptatibus alias placeat saepe. Ullam soluta sapiente autem ea nihil saepe.',9,'2001-12-04 21:16:16'),(49,'Et ut quibusdam minus.','Voluptatem officiis ea qui officiis explicabo quia. Libero quisquam unde aut unde esse. Provident laudantium nam nihil nemo sit incidunt.',96,'1982-02-08 04:05:40'),(50,'Autem at corporis autem nostrum dicta eos.','Voluptas sunt tempore quae nemo ut. Molestias sit sunt vitae eaque. Ad qui delectus laudantium non quisquam. Temporibus et consequatur aliquam corrupti quis.',50,'1985-04-13 15:56:45'),(51,'Nihil et tempora numquam nulla quia aut ducimus.','Quibusdam placeat cum laboriosam ad provident. Aspernatur ad natus delectus vitae voluptatem perferendis et. Nam est et alias et cumque.',67,'1994-06-30 03:08:22'),(52,'Nihil maiores ad animi ipsa ut.','Nihil delectus ut cum voluptas unde ullam velit. Sunt harum sit commodi consectetur. Consequatur qui doloremque maxime est ut aut minima. Provident dolore repellendus iste voluptates doloribus. Aliquam facilis corporis amet.',46,'2015-08-26 16:01:37'),(53,'Accusamus in earum ab dolor ex veniam.','Dolore dolor error culpa molestiae nulla possimus. Quae sed aliquid quidem sit veniam. Esse id culpa sunt.',82,'2014-03-14 08:01:31'),(54,'Et iure minima reiciendis quia.','Sed error provident aut dolore quia iusto. Est at error sit accusantium necessitatibus et nesciunt.',30,'1970-01-07 02:23:10'),(55,'Qui suscipit possimus ratione.','Optio repudiandae in cupiditate. Quod ratione quia voluptatem sequi. Dolorum perspiciatis reiciendis incidunt eum maxime sunt iusto.',61,'1990-03-07 06:57:30'),(56,'Voluptatibus sint et temporibus voluptas eaque ut laudantium.','At quas totam sequi et tempora iste. Officiis officiis quia adipisci impedit. Dolor et quod quam eos quasi voluptatem eius. Et repellat recusandae rerum sequi magni dicta ipsam.',3,'1984-11-23 21:14:47'),(57,'Et a debitis esse laborum voluptate expedita.','Ullam vitae mollitia nostrum ipsum vero quae eum. Mollitia qui occaecati unde commodi. Quia recusandae reprehenderit molestiae facere sed ea maiores deserunt. Debitis quia ex molestiae sed quia.',34,'2012-06-19 01:43:07'),(58,'Quos minus ducimus sit sed quos et.','Quae enim architecto quas officia commodi. Doloremque cum velit asperiores ipsa veniam temporibus.',39,'2015-06-29 15:08:04'),(59,'Reiciendis debitis rerum quod aperiam culpa omnis sit rerum.','Est molestiae sunt voluptatum minus officia qui culpa occaecati. Quia est a repellendus veritatis dolor perspiciatis.',14,'1981-04-04 06:21:37'),(60,'Impedit eligendi deleniti natus quia.','Sit voluptas velit qui tempora eum sint. Et nemo minima voluptatem molestias iure dolore reiciendis. Officia deleniti aut et est. Eos eum commodi cumque et neque eveniet omnis.',18,'2018-11-19 21:01:59'),(61,'Accusamus consequatur assumenda quo qui sequi quos voluptatem.','Facere nesciunt sequi soluta ad perspiciatis reprehenderit temporibus molestias. Laudantium nesciunt exercitationem ut placeat.',97,'1991-01-03 16:07:00'),(62,'Repellendus deleniti et quae dolores fuga est et.','Dolor non rerum voluptate officia. Harum sint quae corrupti minima quod iste. Reprehenderit repellat voluptas error quisquam. Velit voluptas consequuntur dolorum sint expedita.',28,'1992-03-23 04:57:47'),(63,'Nemo incidunt vel voluptatem maiores accusantium soluta cum sapiente.','Fuga tenetur nihil eum recusandae voluptatem et sit quidem. Libero corrupti hic vel ex qui. Eligendi quam et adipisci velit vel deleniti.',100,'2012-03-06 07:40:10'),(64,'Doloribus vitae sunt dolores fuga facilis doloremque qui.','Quis impedit praesentium reiciendis debitis voluptas vitae voluptatem. Repellat delectus saepe pariatur quia vel quos. Possimus fuga voluptatum voluptates dicta qui iste a.',8,'2013-08-15 06:52:54'),(65,'Voluptates dolores provident optio non quae tenetur beatae.','Qui rerum velit blanditiis. Officia sunt illo at quae id voluptates. Assumenda corporis expedita adipisci aperiam qui aut eum. Saepe voluptatem quia natus facilis qui. Dolorem ex iste magnam voluptas.',21,'1970-05-15 11:00:27'),(66,'Quo veniam excepturi molestiae ratione sapiente et voluptatem.','Consequatur suscipit temporibus hic voluptatum quo placeat tempora. Sint corrupti occaecati voluptatem autem velit quis. Ipsa qui soluta quam harum.',55,'1997-05-27 11:05:03'),(67,'Laudantium ipsum saepe fugit eos.','Dolores qui adipisci ex odio doloribus modi dolor velit. At eum est sint quis. Aliquid harum autem sunt ut.',28,'1980-01-09 23:32:56'),(68,'At sunt aut quia quia atque ut.','Ut est eaque sint molestiae. Architecto ducimus inventore aut nemo tenetur exercitationem illo unde. Et laudantium est veniam.',39,'2007-12-20 16:24:06'),(69,'Aut provident qui sint ex doloribus ipsa.','Vel quam omnis odio. Rem quaerat omnis voluptatem exercitationem culpa est. Incidunt molestiae pariatur excepturi qui eum ut quo.',69,'2004-07-10 04:33:53'),(70,'Ut reprehenderit sed nam eum fuga voluptatum iusto.','Earum quam labore inventore ratione omnis. Unde sit eos mollitia atque dolore corporis excepturi. Natus consequatur consequuntur facilis quis quidem.',17,'1972-12-12 08:22:19'),(71,'Minima animi iusto dolore mollitia et.','Voluptas et et eaque dolor incidunt. Sequi rem qui quod rerum ab voluptatem. Placeat esse consequatur quod. Voluptatem ea culpa sapiente tempore.',84,'1997-03-11 06:56:34'),(72,'Expedita blanditiis perspiciatis assumenda magni explicabo dignissimos velit.','Tempora velit fugiat voluptas deserunt officiis nostrum non. Nostrum vitae iste vel. Dolorem nisi aliquam asperiores.',33,'1987-02-21 22:12:06'),(73,'Rerum consequuntur accusantium ullam impedit et.','Ipsam in voluptatem impedit quo maxime. Aperiam sit expedita fugiat et expedita adipisci.',58,'2007-05-28 16:05:04'),(74,'Et adipisci natus enim suscipit quia et.','Dolores nisi hic eum impedit exercitationem non. Beatae iste et ipsam tempora pariatur veritatis cumque. Asperiores corporis veniam eaque non.',10,'1980-05-05 23:19:40'),(75,'Molestiae qui et iste vero hic.','Corporis dolorem earum quisquam sunt eveniet ut. Nulla nostrum explicabo eos adipisci est voluptates sed. Repellendus nesciunt eligendi veniam voluptas voluptates.',12,'1981-04-26 23:45:17'),(76,'Quod consequatur et ut.','Aut id autem in voluptas. Recusandae aliquid voluptatem est quam. Nostrum sint voluptates eum quis praesentium.',62,'1982-02-24 18:38:55'),(77,'Harum et quia aliquid autem fugit rem in.','Aut similique laborum voluptatem aut neque. Beatae consequatur aut nulla nisi et atque tenetur.',75,'2006-11-20 02:19:06'),(78,'Voluptatem aut eius ea autem corporis officiis vel.','Aut est eum ipsa. Sit omnis est ex quia. Vel debitis et doloremque explicabo autem laudantium eligendi. Saepe et autem amet et sit ea in.',6,'2019-02-22 16:43:16'),(79,'Quod totam porro eum et fugit aut dignissimos.','Expedita consequatur placeat qui aut. Cum ut qui beatae cum eos qui quos. In dolor dignissimos maxime omnis ipsam repellendus aperiam. Quaerat repellat maxime exercitationem labore at dolore. Sed doloribus est rerum aspernatur natus.',17,'1973-01-13 23:31:39'),(80,'Aut qui quasi itaque.','Quod atque omnis quaerat eligendi repellat ullam autem. Excepturi et accusamus accusantium id animi atque atque. Autem nulla error id harum aut suscipit. Et ad aut distinctio autem at est.',2,'2011-12-13 22:34:14'),(81,'Soluta magni qui ipsam tempora quod repellendus voluptatem.','Consectetur commodi facilis dicta. Pariatur dicta temporibus id tenetur rerum. Adipisci vitae assumenda placeat harum possimus.',73,'2019-04-26 05:48:24'),(82,'Ea dicta ratione quas nam saepe.','Fuga explicabo tenetur delectus eos. Officiis corporis eligendi beatae.',27,'2008-11-30 19:07:50'),(83,'Et dolor quaerat officiis quia.','Exercitationem voluptatem aut expedita sed et non. In laboriosam rem ipsa reprehenderit similique. Nisi doloribus non laboriosam facilis itaque voluptates quos.',99,'1984-01-13 15:57:25'),(84,'Voluptate et quis quisquam aut quo enim officia.','Voluptas ut nam illum perspiciatis voluptatem accusamus ut. Impedit non harum voluptas vel. Quis excepturi molestiae consequatur perferendis aut quo quis numquam.',9,'1986-01-16 06:12:55'),(85,'Quia soluta ad quia neque.','Repellendus quam quis voluptatibus vel laborum asperiores ipsum quo. Qui omnis sunt aut praesentium aspernatur. Quia ea impedit possimus explicabo est illo. Eum quod non sit ut.',51,'2018-12-20 19:10:19'),(86,'Dolorem velit natus suscipit accusamus expedita.','Ad et ratione pariatur neque vero perspiciatis corrupti. Tempore omnis voluptatum dolores non. Dolorem qui qui soluta beatae voluptatum. In eius sit et quae eligendi unde accusamus. Voluptatem sunt doloremque iure dicta reprehenderit unde delectus ut.',19,'1975-03-22 17:50:16'),(87,'Qui hic nostrum cum facere porro dolor quae.','Quis eos voluptas nihil cum similique et. Sit nihil enim consequuntur dolores. Dolores sunt dolor incidunt dolorem ipsam culpa et. Repellat sequi sed est recusandae quod odit dolor.',37,'2007-01-31 19:09:04'),(88,'Quis maiores sint facere ratione.','Omnis amet similique quia hic. Eius facere ullam rem et. Soluta sapiente nihil enim fuga sit. Dicta et aut nesciunt fugiat ipsam.',31,'1994-06-28 02:42:45'),(89,'Sint quisquam aliquam quis aliquid voluptatem veritatis.','Assumenda provident qui illo voluptatem rerum quod. Accusamus saepe repudiandae voluptatem corporis id dolor magnam. Facilis laborum voluptatem ut praesentium sit earum.',28,'2010-02-06 18:27:42'),(90,'Voluptas facere eos non dolorem.','Aut eaque possimus voluptates hic expedita quam cum ut. Est enim repudiandae alias inventore tempora recusandae ipsum.',63,'1978-10-28 15:53:40'),(91,'Maxime aut non eos vel reprehenderit.','Atque doloribus delectus voluptatem quibusdam. Autem enim laudantium sapiente eum. Et repellendus reiciendis doloribus deserunt distinctio molestias aut. Possimus ea provident adipisci esse corporis repellat rerum.',96,'2002-03-12 05:20:58'),(92,'Consequatur ipsam rerum eos nisi.','Veritatis perspiciatis ut corrupti consequatur sed. Labore repudiandae dolore est qui. Voluptatum eius tempora odio natus dolores.',69,'1978-06-05 13:05:27'),(93,'Voluptas sit libero est illo quia molestiae.','Dolorem nobis hic natus sequi corporis eos quasi molestiae. Incidunt aut cumque amet nostrum sunt repudiandae exercitationem. Exercitationem et qui quaerat odit. A repellendus illum sint.',31,'2000-12-20 05:05:41'),(94,'Id dolor rerum maiores necessitatibus quas harum voluptas.','Voluptas ut ratione voluptas magnam temporibus voluptas quidem placeat. Qui culpa neque officia ut aut omnis et. Architecto est dolorum labore eum occaecati adipisci delectus.',44,'1974-06-04 06:12:17'),(95,'Cum tempora et non id provident nam a pariatur.','Sunt numquam dolore velit. Ut architecto provident voluptas at qui laboriosam. Debitis error voluptatem repellendus voluptatem eveniet et.',4,'2010-03-02 16:32:12'),(96,'Possimus necessitatibus perferendis iusto rerum consequatur amet.','Illum molestiae hic doloremque qui. Voluptatum rem quo cum dolores necessitatibus culpa sequi. Nisi modi neque aliquam dolore voluptate. Est aut est quibusdam.',4,'1979-02-03 03:29:43'),(97,'Accusantium reprehenderit quia quidem ut voluptas itaque.','Quam dolor fugit dicta quia nisi sunt. Dolor consectetur omnis id temporibus aliquid officiis. Architecto voluptatibus tempora nam ratione harum.',91,'2005-06-16 17:47:13'),(98,'Natus pariatur ipsam rem aliquam incidunt.','Et et quis voluptatem. Illum distinctio ab accusantium natus tempora. Deleniti culpa qui molestias perferendis ducimus adipisci.',68,'2003-04-05 07:23:52'),(99,'Vitae et possimus tenetur est omnis reprehenderit molestiae.','Odio alias voluptatem qui architecto minima. Tempore rem pariatur aut voluptas nemo rerum. Dolore cupiditate rerum magni hic nostrum accusamus laborum. Eligendi consequatur minima mollitia aperiam iste eos cupiditate.',83,'1971-12-12 03:18:24'),(100,'Dolore voluptates sunt aut nam neque est.','Velit impedit quasi esse et doloribus quo quis. Est nihil ut in eius.',57,'2002-11-21 19:40:50');
/*!40000 ALTER TABLE `news` ENABLE KEYS */;
UNLOCK TABLES;

--
-- Table structure for table `ratings`
--

DROP TABLE IF EXISTS `ratings`;
/*!40101 SET @saved_cs_client     = @@character_set_client */;
/*!50503 SET character_set_client = utf8mb4 */;
CREATE TABLE `ratings` (
  `id` int unsigned NOT NULL AUTO_INCREMENT,
  `from_user_id` int unsigned NOT NULL,
  `to_hotel_id` int unsigned NOT NULL,
  `rating` enum('1','2','3','4','5') CHARACTER SET utf8 COLLATE utf8_unicode_ci DEFAULT NULL,
  `created_at` datetime DEFAULT CURRENT_TIMESTAMP,
  PRIMARY KEY (`id`),
  KEY `ratings_from_user_id_fk` (`from_user_id`),
  KEY `ratings_to_hotel_id_fk` (`to_hotel_id`),
  CONSTRAINT `ratings_from_user_id_fk` FOREIGN KEY (`from_user_id`) REFERENCES `users` (`id`) ON DELETE CASCADE,
  CONSTRAINT `ratings_to_hotel_id_fk` FOREIGN KEY (`to_hotel_id`) REFERENCES `hotels` (`id`) ON DELETE CASCADE
) ENGINE=InnoDB AUTO_INCREMENT=101 DEFAULT CHARSET=utf8 COLLATE=utf8_unicode_ci;
/*!40101 SET character_set_client = @saved_cs_client */;

--
-- Dumping data for table `ratings`
--

LOCK TABLES `ratings` WRITE;
/*!40000 ALTER TABLE `ratings` DISABLE KEYS */;
INSERT INTO `ratings` VALUES (1,99,98,'3','2017-09-05 00:32:39'),(2,85,31,'1','1999-06-03 14:44:07'),(3,12,94,'4','1977-06-04 18:17:49'),(4,68,47,'1','1983-10-09 23:08:41'),(5,72,50,'5','2005-12-10 11:20:06'),(6,47,79,'1','2007-04-16 23:40:32'),(7,76,48,'1','1985-03-26 19:51:57'),(8,83,21,'5','1997-01-01 15:56:18'),(9,7,33,'4','2006-08-31 16:10:05'),(10,34,96,'3','2011-01-28 13:02:47'),(11,34,67,'1','1982-05-01 09:17:41'),(12,10,69,'2','1999-01-27 03:50:11'),(13,60,80,'3','1994-11-05 15:55:26'),(14,25,65,'4','2009-06-14 03:58:55'),(15,86,15,'2','1989-07-04 11:51:27'),(16,22,72,'2','1982-10-11 12:02:04'),(17,40,25,'3','1997-03-02 02:34:40'),(18,27,44,'1','1996-06-26 08:41:23'),(19,10,27,'1','1994-03-28 11:22:12'),(20,32,48,'2','2006-12-29 18:47:57'),(21,32,63,'3','2000-07-11 17:53:53'),(22,36,84,'4','1998-01-15 00:35:31'),(23,68,48,'2','1999-01-24 00:27:44'),(24,5,43,'1','1970-12-12 14:35:06'),(25,18,48,'2','1977-12-18 09:44:12'),(26,64,18,'4','2012-09-13 00:35:36'),(27,3,55,'5','1984-02-24 15:52:44'),(28,24,45,'4','1978-06-30 01:43:41'),(29,45,38,'2','1983-04-06 23:43:13'),(30,9,37,'5','1990-12-21 22:04:53'),(31,25,51,'1','1981-06-05 07:44:43'),(32,52,49,'2','2001-05-05 07:47:54'),(33,57,92,'5','1995-01-15 19:49:01'),(34,52,99,'3','1976-05-18 19:39:33'),(35,7,50,'2','1985-12-26 16:00:00'),(36,62,75,'2','1976-05-14 20:23:27'),(37,95,72,'4','1975-09-04 16:21:05'),(38,33,56,'4','2010-10-12 04:44:43'),(39,35,47,'3','2011-04-22 21:46:41'),(40,93,99,'1','1987-03-18 03:01:38'),(41,12,92,'2','1981-08-08 14:21:45'),(42,15,27,'4','2000-04-02 08:04:36'),(43,1,80,'3','1998-06-09 17:12:41'),(44,61,55,'2','1981-10-11 13:45:34'),(45,99,82,'5','2002-08-26 07:21:09'),(46,94,42,'4','1980-09-18 17:36:42'),(47,23,44,'5','2009-10-19 22:39:44'),(48,35,29,'4','1984-01-02 10:39:36'),(49,42,30,'5','1989-07-30 02:30:44'),(50,83,66,'1','1992-09-30 12:11:55'),(51,78,76,'2','1997-10-06 03:15:42'),(52,61,5,'2','1972-12-22 10:40:28'),(53,82,56,'5','1976-12-20 20:11:35'),(54,45,77,'2','1980-11-19 03:33:58'),(55,29,17,'1','1988-04-10 14:33:48'),(56,74,36,'3','1989-10-09 16:55:29'),(57,22,23,'3','1995-05-01 18:38:10'),(58,82,68,'1','2011-11-11 03:24:56'),(59,93,27,'2','2018-01-06 14:46:50'),(60,68,69,'4','2000-09-14 09:45:05'),(61,65,38,'4','2013-07-11 03:14:04'),(62,51,40,'2','2003-05-19 16:15:26'),(63,1,52,'3','1994-12-08 12:14:55'),(64,76,4,'5','1996-01-19 23:55:49'),(65,85,93,'2','1998-04-22 07:11:40'),(66,12,61,'5','2020-02-10 11:31:27'),(67,61,3,'1','1980-12-21 07:16:39'),(68,56,16,'1','2018-01-12 13:14:39'),(69,93,74,'2','1993-01-13 22:10:29'),(70,53,8,'3','2010-05-03 21:53:02'),(71,65,75,'4','1970-01-06 21:33:44'),(72,41,23,'3','2008-05-19 12:00:35'),(73,98,27,'3','1990-11-14 21:08:33'),(74,10,89,'2','2001-11-17 02:53:25'),(75,18,5,'5','1980-08-29 22:20:10'),(76,22,28,'1','1984-05-14 18:13:40'),(77,5,48,'1','1989-07-15 02:27:17'),(78,98,26,'5','2006-07-29 14:30:18'),(79,95,17,'3','2005-12-12 16:07:04'),(80,85,45,'1','2004-08-09 22:55:54'),(81,52,12,'2','1990-01-31 00:02:18'),(82,19,78,'4','1988-09-20 16:56:13'),(83,23,56,'1','1989-04-14 17:20:32'),(84,55,5,'5','2001-10-03 00:09:57'),(85,55,44,'2','1977-06-15 19:05:49'),(86,80,23,'1','1994-01-18 07:53:33'),(87,38,14,'3','1993-05-03 22:19:22'),(88,93,32,'2','1974-08-15 16:07:37'),(89,34,82,'1','2019-04-16 10:22:53'),(90,9,5,'1','1973-01-04 03:54:50'),(91,31,56,'1','2008-11-28 18:04:41'),(92,34,46,'1','2010-08-02 01:23:28'),(93,48,39,'3','1980-12-27 20:08:49'),(94,45,53,'2','2000-09-28 12:36:46'),(95,8,61,'1','2020-01-26 22:23:46'),(96,23,62,'3','1971-09-11 05:01:33'),(97,39,80,'5','1976-10-02 15:01:19'),(98,59,59,'3','1986-05-04 08:24:34'),(99,44,58,'2','1979-11-13 13:10:34'),(100,3,35,'5','1986-07-15 17:51:50');
/*!40000 ALTER TABLE `ratings` ENABLE KEYS */;
UNLOCK TABLES;

--
-- Table structure for table `regions`
--

DROP TABLE IF EXISTS `regions`;
/*!40101 SET @saved_cs_client     = @@character_set_client */;
/*!50503 SET character_set_client = utf8mb4 */;
CREATE TABLE `regions` (
  `id` int unsigned NOT NULL AUTO_INCREMENT,
  `name` varchar(255) NOT NULL,
  `country_id` int unsigned NOT NULL,
  PRIMARY KEY (`id`),
  UNIQUE KEY `name` (`name`),
  UNIQUE KEY `regions_name_idx` (`name`),
  KEY `regions_country_id_fk` (`country_id`),
  CONSTRAINT `regions_country_id_fk` FOREIGN KEY (`country_id`) REFERENCES `countries` (`id`) ON DELETE CASCADE
) ENGINE=InnoDB DEFAULT CHARSET=utf8mb4 COLLATE=utf8mb4_0900_ai_ci;
/*!40101 SET character_set_client = @saved_cs_client */;

--
-- Dumping data for table `regions`
--

LOCK TABLES `regions` WRITE;
/*!40000 ALTER TABLE `regions` DISABLE KEYS */;
INSERT INTO `regions` VALUES (1,'Alaska',21),(2,'Alford',10),(3,'Antonio',83),(4,'Arizona',10),(5,'Arkansas',37),(6,'Arvel',21),(7,'Axel',99),(8,'Bobbie',36),(9,'Brandon',6),(10,'Caesar',19),(11,'California',33),(12,'Camron',60),(13,'Casimir',91),(14,'Collin',15),(15,'Dean',57),(16,'Delaware',19),(17,'Delmer',83),(18,'Dillon',48),(19,'District of Columbia',7),(20,'Donavon',82),(21,'Doug',58),(22,'Florida',27),(23,'Gabriel',75),(24,'Georgia',11),(25,'Gerald',14),(26,'Grayson',16),(27,'Gust',6),(28,'Hawaii',32),(29,'Hazel',87),(30,'Helmer',52),(31,'Hudson',48),(32,'Humberto',66),(33,'Idaho',45),(34,'Illinois',46),(35,'Indiana',9),(36,'Iowa',13),(37,'Irwin',85),(38,'Isaac',91),(39,'Isac',68),(40,'Izaiah',73),(41,'Jabari',70),(42,'Jan',83),(43,'Jody',27),(44,'Jordy',86),(45,'Kansas',20),(46,'Kieran',82),(47,'Kiley',5),(48,'Korey',19),(49,'Kyle',52),(50,'Laverne',27),(51,'Levi',56),(52,'Louisiana',10),(53,'Marvin',47),(54,'Maryland',49),(55,'Massachusetts',32),(56,'Mathias',2),(57,'Michigan',44),(58,'Milford',88),(59,'Minnesota',41),(60,'Mississippi',48),(61,'Missouri',5),(62,'Montana',34),(63,'Nebraska',17),(64,'Nevada',13),(65,'NewHampshire',26),(66,'NewJersey',2),(67,'NewMexico',33),(68,'NewYork',47),(69,'Noe',19),(70,'Norris',34),(71,'NorthDakota',27),(72,'Ohio',45),(73,'Oregon',34),(74,'Pennsylvania',6),(75,'Presley',64),(76,'Quinn',6),(77,'Rasheed',48),(78,'Reggie',95),(79,'Rhett',70),(80,'RhodeIsland',6),(81,'Riley',28),(82,'Rudy',22),(83,'Shawn',73),(84,'Sherman',11),(85,'SouthCarolina',8),(86,'SouthDakota',14),(87,'Stephan',33),(88,'Steve',55),(89,'Tennessee',38),(90,'Texas',39),(91,'Utah',37),(92,'Vermont',38),(93,'Vernon',53),(94,'Virginia',42),(95,'Washington',26),(96,'Weston',96),(97,'Wilfredo',86),(98,'Willy',49),(99,'Wilton',44),(100,'Wisconsin',30);
/*!40000 ALTER TABLE `regions` ENABLE KEYS */;
UNLOCK TABLES;

--
-- Table structure for table `reviews`
--

DROP TABLE IF EXISTS `reviews`;
/*!40101 SET @saved_cs_client     = @@character_set_client */;
/*!50503 SET character_set_client = utf8mb4 */;
CREATE TABLE `reviews` (
  `id` int unsigned NOT NULL AUTO_INCREMENT,
  `type_reviw` enum('reviw','recommend') DEFAULT NULL,
  `from_user_id` int unsigned NOT NULL,
  `to_hotel_id` int unsigned NOT NULL,
  `body` text NOT NULL,
  `created_at` datetime DEFAULT CURRENT_TIMESTAMP,
  PRIMARY KEY (`id`),
  KEY `reviews_from_user_id_to_hotel_id_idx` (`from_user_id`,`to_hotel_id`),
  KEY `reviews_to_hotel_id_from_user_id_idx` (`to_hotel_id`,`from_user_id`),
  CONSTRAINT `reviews_from_user_id_fk` FOREIGN KEY (`from_user_id`) REFERENCES `users` (`id`) ON DELETE CASCADE,
  CONSTRAINT `reviews_to_hotel_id_fk` FOREIGN KEY (`to_hotel_id`) REFERENCES `hotels` (`id`) ON DELETE CASCADE
) ENGINE=InnoDB AUTO_INCREMENT=401 DEFAULT CHARSET=utf8mb4 COLLATE=utf8mb4_0900_ai_ci;
/*!40101 SET character_set_client = @saved_cs_client */;

--
-- Dumping data for table `reviews`
--

LOCK TABLES `reviews` WRITE;
/*!40000 ALTER TABLE `reviews` DISABLE KEYS */;
INSERT INTO `reviews` VALUES (301,'reviw',31,67,'Et atque mollitia iusto. Officiis dolorum totam aut voluptatem expedita cum. Consectetur ducimus ullam sint quia alias.','2002-03-15 13:28:18'),(302,'recommend',10,8,'Quod laudantium autem ducimus debitis tenetur numquam. Quos et consectetur quaerat molestias doloremque atque omnis. Ut aut autem inventore soluta et aperiam.','2001-03-05 22:05:24'),(303,'reviw',10,28,'Sunt vel iure voluptas consectetur. Enim animi a consequatur rerum fugit nam voluptatem quod. Earum rerum veniam ipsa repellat eveniet nihil. Natus nulla voluptatem consequatur aut tenetur pariatur.','1985-09-30 03:45:46'),(304,'recommend',71,94,'Et minus deserunt eligendi dicta. Aliquam itaque ut rem. Quod assumenda et consequuntur repellendus repudiandae. Qui aperiam dolorem architecto qui corporis.','1996-11-27 04:49:34'),(305,'reviw',41,15,'Optio in consectetur autem explicabo. Accusamus dolore alias cumque molestiae et expedita. Eum neque praesentium quidem totam in quas quia. Reiciendis dolorum sunt necessitatibus.','2001-12-17 08:38:26'),(306,'recommend',77,74,'Voluptatem omnis quas asperiores aut dolorem suscipit sed. Id quos et ab aliquam tempora.','2002-03-07 04:46:50'),(307,'reviw',21,24,'Fugiat laborum quod itaque fugit quam molestiae qui. Fugit amet accusantium et quis non. Voluptatem laborum voluptatem delectus laboriosam. Ullam enim quasi quasi molestiae a.','1988-05-14 16:48:39'),(308,'recommend',86,78,'Impedit consequuntur aut nihil minima commodi quos. Est doloribus est corporis unde optio officia iure in. Similique itaque sint sit dolorem animi. Impedit dolorem perferendis nihil natus doloribus.','2006-10-20 04:10:45'),(309,'reviw',58,97,'Beatae perferendis debitis ipsam corrupti vitae. In dolor est eos occaecati. Debitis sit explicabo quia ab ut ex sit. Autem et qui dolor illo quis aspernatur.','1975-10-29 15:43:47'),(310,'recommend',87,76,'Unde harum quo blanditiis. Et et omnis quia repudiandae est et laudantium et. Explicabo impedit libero non porro magnam eaque quia. Illum commodi occaecati maxime quod unde non in.','2003-02-22 05:11:14'),(311,'reviw',91,19,'Error velit eaque rerum vitae et. Accusantium inventore aut mollitia voluptatum autem voluptate qui. Maxime labore est sunt nobis tenetur repellat voluptatem. Voluptatibus qui est iusto.','1978-05-12 02:03:46'),(312,'recommend',7,94,'Dolorem hic ratione sit. Iste cum nulla suscipit ut. Voluptatem laboriosam et quis voluptates necessitatibus. Illum sed autem est nisi id enim vel.','2015-03-07 18:52:32'),(313,'reviw',63,81,'Natus officiis voluptas recusandae quis. Dolores quis accusamus atque rerum non et. Optio nobis repellat et qui repellendus minima. In amet non ducimus ut nostrum.','1972-05-29 00:51:39'),(314,'recommend',17,50,'Ab eos ea aut. Quia eum temporibus aut voluptas.','1998-09-08 14:19:39'),(315,'reviw',4,45,'Deleniti vel perferendis est porro. Quisquam perspiciatis aut cum unde magni dolores quibusdam fuga. Quia delectus quidem necessitatibus laborum.','1976-12-13 22:25:09'),(316,'reviw',60,52,'Omnis a delectus qui. Et eos nobis sed omnis reiciendis esse quis qui. Aut corrupti et doloribus assumenda.','1992-03-07 15:16:58'),(317,'recommend',44,94,'Cumque ipsam error enim ea. Quidem sit et id ad ratione sint repellat quia. Ullam debitis officiis et corrupti.','2017-02-09 16:00:25'),(318,'reviw',48,67,'Quasi rem ut saepe facere accusamus ipsum. Natus facilis fuga nobis quo. Quia aut reprehenderit cupiditate ad minus.','2004-08-19 18:29:25'),(319,'recommend',40,36,'Dolor aliquam asperiores atque. Consectetur vel libero praesentium totam aut debitis voluptas. Sint sed assumenda recusandae deserunt aut architecto.','2017-04-11 12:35:03'),(320,'recommend',57,85,'Error placeat omnis nihil nihil nisi exercitationem cupiditate eaque. At amet est qui ipsum ipsa rem. Iure non quidem nam sed numquam. Blanditiis voluptas qui aut reiciendis maxime fugiat harum.','2015-11-16 12:12:39'),(321,'reviw',3,24,'Optio molestias aspernatur magnam eum. Repellat saepe eum excepturi nihil et est quam. Harum error esse blanditiis nam ut eligendi. Esse quis neque dolor dolor velit. Accusamus quod vel sunt esse rerum similique quaerat.','1990-11-07 14:31:24'),(322,'reviw',97,62,'Labore libero omnis repellat nostrum necessitatibus commodi. Placeat nesciunt magni autem vel. Sed aspernatur repudiandae vero. Aperiam at molestiae exercitationem asperiores aspernatur ipsum tenetur rerum.','1988-01-18 06:45:11'),(323,'recommend',65,41,'Doloremque illum deserunt incidunt enim similique dolore quis. Facilis rerum sunt qui neque. Eos sit incidunt ea consequatur quas officiis. Maiores delectus corporis in voluptas nihil aliquam nam ut.','2003-09-16 11:11:06'),(324,'reviw',50,22,'Nihil asperiores vel enim cum amet. Perferendis facere ea expedita esse aut enim vitae velit. Voluptatem voluptas veniam ad sunt. Perspiciatis consectetur atque ipsam sit.','2000-02-03 18:18:52'),(325,'recommend',4,98,'Iste soluta voluptatem expedita quidem error mollitia. Et dolorum consectetur illo quibusdam tempora dolor eos. Placeat dolorum ratione eos qui.','1979-10-14 12:04:17'),(326,'reviw',64,66,'Aut debitis ipsum non debitis fugit quam nesciunt ducimus. Aut et iure repellendus. Omnis et voluptas ducimus officia distinctio necessitatibus aperiam. Maiores aut dolor debitis autem.','2008-05-24 15:26:54'),(327,'recommend',48,86,'Atque iste est sit cum. Quod et ipsa non quaerat perferendis velit vel et. Sint cupiditate ut distinctio aliquid sed ut. Eligendi amet quidem error animi rem ipsum voluptatem.','1992-06-22 00:09:47'),(328,'reviw',85,77,'Eos cum doloribus qui eius. Sapiente recusandae et rerum deleniti voluptatem esse nulla. Pariatur enim enim laudantium.','1993-09-02 00:13:35'),(329,'recommend',56,59,'Aspernatur autem dolorum eaque temporibus quo. Impedit exercitationem rerum quibusdam exercitationem aperiam voluptatum unde. Accusantium in voluptatem ut eum dolorum. Ut inventore consequatur excepturi optio. Eum eos voluptatum animi et.','2010-08-16 12:33:38'),(330,'reviw',95,12,'Accusamus quibusdam molestiae earum. Soluta harum quas aut deserunt eveniet distinctio. Et maiores architecto veritatis voluptatem laudantium.','1972-12-15 11:51:34'),(331,'recommend',100,15,'Voluptas earum ipsum voluptate. Facilis qui ex quia eius. Vel ipsam assumenda quod accusantium qui a cum.','1979-12-22 22:10:02'),(332,'reviw',3,58,'Id ipsam nesciunt amet eaque. Assumenda cupiditate sint quod esse. Deserunt aut perferendis ut eius qui et sequi sunt.','1994-05-31 19:11:55'),(333,'recommend',88,92,'Vitae asperiores nam delectus suscipit saepe odio voluptates. Quia veritatis atque veritatis molestiae dolores ut quod quo. Voluptatibus eos mollitia voluptates libero. Itaque illum veniam non quaerat sed aspernatur harum. Eum velit consectetur libero est illo quia ad.','2001-06-19 11:04:44'),(334,'recommend',42,44,'Illo quo aut veniam inventore eaque assumenda possimus. Voluptate quas quo impedit est dignissimos veniam maxime eum. Ut voluptate dicta in consequatur. Minus ut dolor neque natus necessitatibus mollitia.','1992-10-30 20:02:28'),(335,'reviw',51,53,'Iste provident dolorum dicta atque. Adipisci est enim totam. Porro aut temporibus quos et esse possimus sed ad. Aut quam ut nobis temporibus odit.','1979-02-02 12:40:47'),(336,'reviw',87,22,'Totam fuga dolores voluptatem reprehenderit. Nobis dolor fuga et quo laudantium provident aut. Ad repellat et veniam adipisci. Tempore non eos quidem ducimus labore voluptatem. Ea officiis quo porro eos et.','1984-12-23 18:05:59'),(337,'recommend',18,61,'Atque provident velit a accusamus illum similique. Voluptatum voluptatem veritatis qui optio consequatur voluptatem. Fuga corporis reprehenderit temporibus.','1996-10-23 13:12:43'),(338,'reviw',30,29,'Dolores error non rerum qui doloremque sint et natus. Numquam dolores iusto ipsum ducimus placeat. Libero incidunt itaque aut et nemo dolorem sed. Libero aut nesciunt qui voluptatem temporibus accusantium velit.','2002-01-22 18:22:23'),(339,'recommend',24,33,'Tempora quia id aut autem natus minima laborum. Unde porro iste minima consequuntur debitis totam. Quis itaque aperiam sit sequi vel dicta facere vel. Itaque voluptatem odio a.','2014-03-09 21:27:16'),(340,'reviw',74,78,'Alias qui dolorum quasi mollitia possimus ratione et. Iusto in et sit aliquam et corporis. Incidunt beatae totam labore sit dolores aliquam in.','1979-02-24 06:10:48'),(341,'recommend',42,74,'Culpa voluptas quaerat voluptates qui impedit qui est fuga. Fugit aut excepturi dolores eum est. Repellat voluptatibus sed rerum rerum qui quod.','1985-10-26 11:40:53'),(342,'reviw',88,15,'Veritatis numquam nihil explicabo quo similique accusamus alias. Et exercitationem placeat error accusamus ducimus perferendis ut. Qui qui assumenda aut pariatur officia. Corrupti earum velit tenetur et.','1994-01-03 16:00:46'),(343,'recommend',13,9,'Excepturi minus nemo velit excepturi ut. Dolorem voluptates velit esse minima voluptatem aut totam.','2011-02-06 07:42:55'),(344,'reviw',34,65,'Vitae velit in sint animi. Dolor enim ut dolore. Sed aut distinctio ad recusandae est molestias. Repudiandae aut ut dolores.','2009-11-23 15:31:37'),(345,'recommend',14,2,'Corrupti omnis aspernatur officiis. Mollitia mollitia quas inventore ut error vero est. Ducimus ex accusantium odio.','2012-09-14 05:00:51'),(346,'reviw',80,92,'Cumque id voluptas recusandae ea voluptatibus cum beatae. Placeat expedita dolorem quis temporibus consequatur voluptatem. Sapiente incidunt commodi accusantium eveniet accusamus aut recusandae facilis.','2010-05-17 20:04:56'),(347,'recommend',75,54,'Sunt quam voluptas odit asperiores nihil impedit. Consequatur sapiente placeat voluptas et. Laborum enim quas molestiae aliquam quia. Est et sequi voluptatum sint eum qui provident. Labore qui sed repudiandae repellendus.','1987-07-26 02:58:07'),(348,'reviw',9,29,'Magni facere ullam perspiciatis id aperiam ducimus voluptatem. Harum soluta dolores sequi aliquam. At quo mollitia molestias.','2001-08-26 10:08:38'),(349,'reviw',52,99,'Veniam autem soluta nulla vitae et reiciendis voluptas placeat. Repudiandae maxime in magnam ad. Culpa dolor voluptatum vel qui sunt accusantium tenetur.','2017-02-15 06:05:38'),(350,'reviw',74,38,'Eum fuga voluptatem et ut laudantium. Ut omnis nisi animi labore. Molestiae quos dignissimos quis voluptas nisi et vel. Ea quia ducimus sapiente provident temporibus numquam iste similique.','1975-02-08 08:25:08'),(351,'recommend',53,20,'Velit qui est ut voluptas magnam. Quo repellendus eveniet sunt velit porro. Doloremque dolore quo iusto vero. Quia et quod tempore laudantium.','1994-01-10 21:54:51'),(352,'reviw',93,42,'Dolorem aspernatur repudiandae ab ut. Natus nam quia quis. Maiores inventore soluta praesentium facilis ducimus qui necessitatibus sit. Maiores aliquid et id vel.','2009-10-22 23:31:59'),(353,'reviw',28,79,'Sunt magni eum soluta aut vel atque. Modi totam impedit distinctio cumque harum enim ut sit. Facere voluptatem et aut. Velit non veritatis voluptas laborum enim.','1974-09-15 13:28:38'),(354,'recommend',68,26,'Ut voluptatem est vel dolorem consequatur. Quaerat quas fugit ipsa voluptatem provident iusto repudiandae corporis. Labore maiores voluptas repellendus deserunt molestiae explicabo.','2012-04-09 22:02:29'),(355,'reviw',90,39,'Blanditiis totam asperiores consequatur mollitia. Enim qui ducimus enim omnis in ut ut.','1974-06-01 03:01:19'),(356,'recommend',42,88,'Voluptatem aut quasi officia est possimus. Impedit labore quasi nisi et. Sit natus aliquid maiores aspernatur quia est. Eos cumque quia quos distinctio animi.','2019-06-29 11:07:58'),(357,'reviw',64,81,'Est incidunt possimus eligendi. Ad esse voluptatem et repudiandae hic ut incidunt. Eos sed officiis fuga qui aut. Impedit eos et non minima. Quia voluptas ad repudiandae nam vero eaque.','2019-09-25 16:25:19'),(358,'recommend',71,30,'Debitis aut neque repudiandae nostrum et aut qui. Facere deleniti dolores eligendi totam ut.','1989-11-24 04:33:03'),(359,'recommend',39,5,'Corporis consequatur atque est laborum vel pariatur. Ea sed inventore eos ut recusandae molestiae delectus. Impedit eveniet voluptas animi ipsam. Impedit non fugiat iusto.','1983-05-01 18:11:48'),(360,'reviw',51,61,'Ut ut dignissimos dolorum velit non eveniet ut. Voluptates numquam at voluptatem odit. Tempora iste perspiciatis est. Reiciendis fugit rerum quidem non sint magnam veritatis. Et laborum ea excepturi asperiores recusandae sed aut.','2012-04-14 10:40:40'),(361,'recommend',56,37,'Omnis explicabo sed architecto unde libero fugiat. Quaerat nemo aut adipisci consectetur ut sunt est. Tempore a repellendus quia voluptates.','2000-09-21 14:04:57'),(362,'reviw',97,32,'Dolores quia dolores dicta rerum cupiditate voluptate velit enim. Neque commodi asperiores praesentium possimus aspernatur. Autem voluptatem ut laudantium dolore dicta ipsum. Sit porro atque sunt necessitatibus et aut voluptatem. Sed voluptates odio aperiam nihil dolor aliquam.','2007-05-09 15:06:02'),(363,'recommend',67,73,'Eos dignissimos quasi cumque quod error. Consequuntur doloribus nisi rerum eaque laborum qui enim. Modi praesentium consequatur et nihil odio.','2015-12-17 13:08:20'),(364,'recommend',89,97,'Repellat est voluptatem nostrum eaque ea iste. Qui enim aut et sunt id voluptate adipisci. Qui quod pariatur est provident qui et. Odit unde rem nam minima excepturi ut facilis.','2012-07-03 03:38:53'),(365,'reviw',90,24,'Quas esse enim facere inventore est autem aspernatur. Ipsam ab aut neque laborum. Est quos sequi alias quisquam.','2005-05-04 08:39:00'),(366,'reviw',27,11,'Id ut ea rerum. Placeat omnis quod veniam illum sint quam.','2015-08-16 02:48:34'),(367,'reviw',74,22,'Nulla ullam tenetur id. Ut odit quaerat dolorum dolores. At quae hic iste ratione aut.','2015-09-09 08:43:43'),(368,'recommend',95,74,'Ut reiciendis tenetur cumque earum. Provident reprehenderit sint culpa minus incidunt minus. In facilis quisquam nulla vitae sed et. Voluptatem aut aliquid aliquid sit quia rem quis. Ullam vitae voluptatem qui dolor fugit eligendi ipsam.','1998-03-02 14:57:46'),(369,'reviw',6,53,'Illum corrupti est quo ipsa. Tempora aut fuga cupiditate perspiciatis in. Dolorem ut deserunt molestiae sint pariatur voluptatibus architecto. Qui dignissimos enim quae neque.','2005-11-16 13:52:49'),(370,'recommend',73,18,'Libero excepturi temporibus cupiditate. Consectetur voluptatum quibusdam ipsa id aut dolores sed harum. Ea voluptatem rerum quo sit non ea. Nulla officiis corporis et et tenetur et quis. Ut quia minus minus rerum iste ratione voluptatibus.','1970-07-12 13:08:57'),(371,'reviw',61,42,'Rem sunt praesentium explicabo officiis. Qui omnis atque ut sunt. Ut quod neque repudiandae non sunt ab.','1999-07-04 20:08:26'),(372,'recommend',37,57,'Non omnis dignissimos aliquid cumque fugit aut autem. Repudiandae ipsum rem laboriosam. Culpa error iure asperiores non velit. Molestiae asperiores voluptatibus aliquam et veritatis dicta consequatur.','2018-10-19 20:58:26'),(373,'reviw',17,40,'Quas incidunt est eligendi debitis. Enim incidunt harum beatae esse facere corporis vel voluptates. Magni iusto ex assumenda minima veniam libero velit. Autem consequatur magni fuga assumenda nemo.','2001-01-09 21:08:55'),(374,'reviw',65,41,'Veniam suscipit nisi recusandae. Quas maxime repellendus consequuntur libero quisquam repudiandae dolorem. Quos qui alias vero. Voluptates esse cum dolore fuga rem quasi non.','1989-08-22 17:46:48'),(375,'recommend',41,42,'Error atque et voluptates non animi suscipit. Ipsum quaerat incidunt harum. Libero distinctio voluptatibus blanditiis qui. Ex molestiae quibusdam quasi et.','1991-07-06 17:22:20'),(376,'reviw',56,80,'Voluptatem a eligendi recusandae ut dignissimos occaecati. Non est sed molestiae. Voluptatibus aperiam et error velit fugiat similique. Mollitia ipsam saepe perspiciatis qui sit.','1998-03-01 17:17:01'),(377,'recommend',61,64,'Est minus non tempora aliquam voluptatem vero. Omnis maiores cumque accusamus eius corrupti animi nulla.','2005-07-22 08:54:00'),(378,'recommend',49,16,'Alias quia accusantium nostrum omnis eius repellendus debitis. Porro esse repudiandae occaecati fuga. Consequatur non animi quaerat porro est.','1991-12-09 04:06:57'),(379,'reviw',18,57,'Deleniti omnis commodi ex et ut nisi. Consequatur qui officiis quos quia repellat.','1971-04-22 16:50:07'),(380,'recommend',80,14,'Explicabo magni sunt nobis dolores quo voluptate sequi. Quis ad consequatur laudantium. Similique sit alias minima occaecati quia molestiae. Ea eligendi quos nihil facere dolor excepturi et voluptatem.','1988-04-19 01:48:17'),(381,'reviw',80,79,'Accusamus repellat autem quaerat commodi eum adipisci. Itaque expedita aut doloribus vitae. Quis dicta consequatur ut rerum. Exercitationem at reprehenderit praesentium.','1982-08-07 19:36:55'),(382,'reviw',35,41,'Eos quidem officia repellendus praesentium. Quo ipsam fuga sint. Voluptatem minus perferendis impedit.','2017-10-05 14:16:49'),(383,'recommend',63,79,'Eum blanditiis in nihil consequatur. Minus dolorem eum et deserunt omnis magnam. Fugiat ipsam dignissimos qui ducimus enim eligendi dicta id.','1973-12-05 13:45:41'),(384,'recommend',24,34,'Eligendi similique optio est quidem sed voluptatum modi. Ullam velit omnis repellendus itaque ipsam. Nam sed quis voluptatem consequatur ut. Asperiores id consectetur aut aliquam doloribus autem.','2004-04-22 15:34:42'),(385,'reviw',58,93,'Error quo laudantium qui commodi. Aut magnam doloremque explicabo vel non nisi. Harum nihil cumque omnis non. Qui rerum atque harum et repudiandae est est.','2014-01-21 12:55:03'),(386,'recommend',79,45,'Architecto quis est est autem. Voluptas cumque maxime deleniti voluptatibus voluptate nesciunt ab sint. Id explicabo corrupti maxime repellendus sit impedit sunt. Deserunt animi non et optio explicabo repellendus. Officia dignissimos aperiam magni tempora.','2006-04-24 03:33:10'),(387,'reviw',58,94,'Nulla voluptas et similique voluptas nobis ullam dolore. Eum ducimus est dolore natus. Quam autem aut aliquid optio pariatur voluptatem.','2014-02-23 02:03:44'),(388,'recommend',53,62,'Tempora quo enim recusandae. Dolores ducimus porro minima ea quas nisi. Perspiciatis harum ut non cupiditate omnis quia.','2007-11-08 02:26:14'),(389,'reviw',93,47,'Deleniti in dolorum excepturi aut in autem voluptatem eius. Soluta quia vel dolor repudiandae voluptas. Cum error quis molestiae eius voluptate est quia.','1999-06-21 01:45:09'),(390,'reviw',100,42,'Et laboriosam rerum iure non ex nihil voluptatum. Quo ratione quasi ut recusandae sequi earum. Quos corporis velit quas consequuntur mollitia est omnis.','2002-08-19 22:49:35'),(391,'recommend',43,18,'Voluptatem magni neque molestias ad itaque autem a perspiciatis. Quos distinctio ullam fugiat in.','2013-09-11 05:16:39'),(392,'reviw',96,89,'Ut aut sequi et numquam aspernatur aut quidem natus. Qui minima reiciendis ut ullam. Aspernatur dolores repellat ratione ratione ea.','2015-12-24 08:05:51'),(393,'recommend',43,51,'Recusandae voluptatem aperiam molestiae eaque autem. Eum cum voluptates explicabo iusto doloremque qui tempore unde. Delectus mollitia quia qui et est voluptatum.','1992-11-06 04:43:47'),(394,'recommend',78,96,'Qui qui expedita id saepe. Incidunt voluptas voluptate in amet dolores dolores dolor. Et hic id perferendis non consequatur. Iste corporis omnis ipsa hic ut velit. Ab quia minima suscipit libero veritatis voluptatibus quod assumenda.','1989-11-22 10:53:12'),(395,'reviw',41,2,'In praesentium maiores ipsum optio impedit dolorem magnam est. Non aut voluptate in distinctio. Sit reiciendis possimus rerum quidem repellat vero voluptas nesciunt. Adipisci excepturi sint consequatur esse quasi mollitia et. Rerum dolor delectus voluptas nulla eaque.','1973-12-27 12:00:50'),(396,'recommend',82,26,'In debitis eveniet aperiam magnam excepturi. Itaque voluptate rerum eos. Voluptatem numquam beatae eum sint. Commodi similique qui ex.','2002-11-25 10:02:23'),(397,'recommend',41,61,'Minus nobis asperiores eveniet. Dignissimos est voluptatem molestias. Vel voluptatum quia dolorum accusantium sint voluptatum provident nemo. Adipisci consectetur occaecati et eos.','2001-07-09 19:06:52'),(398,'reviw',8,2,'Odit ducimus voluptatem eum occaecati voluptas iure corporis. Quas modi aut nulla quisquam eos sapiente. Ratione voluptatem aut earum ut quae quibusdam. Labore iusto necessitatibus iste culpa et aut delectus.','1970-02-13 07:05:02'),(399,'recommend',100,68,'Ad et et sed. Nihil voluptatibus et ab cupiditate porro laudantium vel. Qui sit sapiente nam cupiditate unde.','1971-08-12 02:56:38'),(400,'reviw',46,95,'Rerum provident nobis et debitis. Hic unde nisi dicta nemo ea. Odit molestiae ducimus et quia quia aut quasi. Est aliquid suscipit error vitae facere laboriosam eos.','2001-06-04 20:04:39');
/*!40000 ALTER TABLE `reviews` ENABLE KEYS */;
UNLOCK TABLES;

--
-- Table structure for table `star_categories`
--

DROP TABLE IF EXISTS `star_categories`;
/*!40101 SET @saved_cs_client     = @@character_set_client */;
/*!50503 SET character_set_client = utf8mb4 */;
CREATE TABLE `star_categories` (
  `id` int unsigned NOT NULL AUTO_INCREMENT,
  `name` varchar(255) NOT NULL,
  PRIMARY KEY (`id`),
  UNIQUE KEY `name` (`name`)
) ENGINE=InnoDB AUTO_INCREMENT=9 DEFAULT CHARSET=utf8mb4 COLLATE=utf8mb4_0900_ai_ci;
/*!40101 SET character_set_client = @saved_cs_client */;

--
-- Dumping data for table `star_categories`
--

LOCK TABLES `star_categories` WRITE;
/*!40000 ALTER TABLE `star_categories` DISABLE KEYS */;
INSERT INTO `star_categories` VALUES (1,'1'),(2,'2'),(3,'3'),(4,'4'),(5,'5'),(6,'HV1'),(7,'HV2'),(8,'none');
/*!40000 ALTER TABLE `star_categories` ENABLE KEYS */;
UNLOCK TABLES;

--
-- Table structure for table `subscriptions`
--

DROP TABLE IF EXISTS `subscriptions`;
/*!40101 SET @saved_cs_client     = @@character_set_client */;
/*!50503 SET character_set_client = utf8mb4 */;
CREATE TABLE `subscriptions` (
  `hotel_id` int unsigned NOT NULL,
  `user_id` int unsigned NOT NULL,
  `created_at` datetime DEFAULT CURRENT_TIMESTAMP,
  PRIMARY KEY (`hotel_id`,`user_id`),
  KEY `subscriptions_user_id_fk` (`user_id`),
  CONSTRAINT `subscriptions_hotel_id_fk` FOREIGN KEY (`hotel_id`) REFERENCES `hotels` (`id`) ON DELETE CASCADE,
  CONSTRAINT `subscriptions_user_id_fk` FOREIGN KEY (`user_id`) REFERENCES `users` (`id`) ON DELETE CASCADE
) ENGINE=InnoDB DEFAULT CHARSET=utf8 COLLATE=utf8_unicode_ci;
/*!40101 SET character_set_client = @saved_cs_client */;

--
-- Dumping data for table `subscriptions`
--

LOCK TABLES `subscriptions` WRITE;
/*!40000 ALTER TABLE `subscriptions` DISABLE KEYS */;
INSERT INTO `subscriptions` VALUES (2,95,'2000-02-28 17:34:14'),(3,73,'2019-11-14 18:41:06'),(4,39,'1975-01-15 17:07:58'),(6,46,'2012-11-06 05:38:41'),(6,72,'2019-10-30 06:20:42'),(6,96,'1996-06-01 05:55:39'),(7,61,'1996-08-01 15:38:58'),(11,11,'2010-09-09 07:19:13'),(11,43,'2005-12-27 07:09:12'),(13,65,'2002-10-15 17:44:24'),(13,72,'1976-11-22 19:28:23'),(14,28,'1988-11-14 09:38:55'),(15,18,'1972-11-30 11:09:51'),(16,56,'1983-07-03 20:30:04'),(20,22,'1976-04-15 15:01:59'),(20,42,'2005-09-02 21:50:41'),(21,43,'1973-08-12 17:57:47'),(22,82,'1997-07-20 09:12:51'),(22,87,'2017-02-09 15:00:20'),(26,97,'1997-09-30 00:43:02'),(27,67,'1998-08-24 15:12:16'),(28,14,'1979-11-13 18:28:58'),(28,73,'1984-01-26 09:18:54'),(29,14,'1985-06-04 22:49:06'),(29,71,'2013-03-15 00:47:50'),(31,64,'2007-10-15 22:06:38'),(32,71,'1990-02-23 12:42:30'),(33,75,'2013-10-18 05:59:35'),(34,98,'1994-06-01 22:25:53'),(35,6,'1990-04-22 08:56:34'),(35,98,'2002-03-25 19:03:02'),(36,12,'2008-08-29 03:22:14'),(36,30,'1995-06-14 07:48:16'),(36,77,'2016-12-31 17:28:48'),(37,50,'2017-10-11 17:01:45'),(38,41,'1990-06-24 11:49:42'),(40,2,'1983-12-02 07:51:53'),(41,66,'1971-08-18 16:11:37'),(42,12,'1976-02-08 13:05:02'),(43,18,'1985-03-17 19:16:35'),(43,88,'2019-05-01 13:00:28'),(45,39,'1989-09-10 23:17:15'),(45,55,'1983-02-22 12:13:32'),(45,69,'2019-09-24 13:01:54'),(47,17,'2019-06-23 02:15:43'),(47,66,'2012-11-28 17:55:35'),(47,74,'2003-05-12 13:27:39'),(48,58,'1999-04-15 23:24:51'),(48,92,'1980-01-14 20:16:10'),(49,32,'2012-06-01 23:07:42'),(49,71,'2011-04-11 15:43:37'),(50,96,'2003-04-30 03:33:45'),(51,87,'2007-08-04 09:42:59'),(52,86,'1979-08-07 16:29:42'),(54,58,'1983-10-08 14:45:48'),(55,91,'1970-09-20 06:21:36'),(56,10,'2009-03-30 10:47:39'),(57,78,'2016-09-09 12:21:56'),(57,82,'2012-05-24 16:35:01'),(58,47,'2007-07-19 13:11:49'),(59,27,'1970-02-17 21:07:42'),(62,16,'1979-05-13 00:30:52'),(62,30,'2012-07-27 19:31:11'),(65,48,'2014-12-05 04:31:53'),(65,54,'1983-08-20 21:13:37'),(66,58,'1987-08-27 03:12:56'),(67,17,'1985-01-25 23:03:17'),(67,86,'2014-12-05 07:48:43'),(68,5,'2009-04-19 03:12:41'),(70,40,'1983-07-15 05:37:05'),(70,52,'1991-06-30 22:32:20'),(71,60,'1996-04-24 19:41:48'),(76,67,'2012-06-14 20:23:11'),(78,2,'1977-05-31 20:47:58'),(78,61,'2004-06-06 10:01:27'),(79,16,'1990-05-18 19:02:41'),(80,76,'1998-01-03 04:22:20'),(81,28,'2010-10-31 15:10:54'),(81,32,'2012-07-16 12:28:33'),(82,22,'2003-10-20 23:52:04'),(83,18,'1975-08-02 03:08:54'),(83,33,'1985-05-28 21:08:11'),(84,18,'1989-12-19 20:07:15'),(84,71,'2013-08-07 06:13:04'),(86,51,'1986-07-22 06:05:54'),(87,76,'2012-09-20 11:26:11'),(88,24,'1973-06-24 22:02:43'),(88,75,'2004-07-23 19:11:20'),(89,84,'1997-04-13 02:52:55'),(91,79,'2014-06-28 04:30:33'),(92,6,'2011-08-06 22:49:27'),(92,21,'1976-06-09 18:31:02'),(94,84,'1974-12-21 23:55:22'),(95,34,'1999-10-08 21:54:57'),(95,86,'2002-10-10 06:05:18'),(96,89,'1985-07-09 08:10:45'),(96,99,'2005-02-12 03:05:54'),(97,51,'1976-02-15 11:24:15'),(98,91,'1978-04-15 06:47:35'),(100,27,'2008-02-26 13:52:17');
/*!40000 ALTER TABLE `subscriptions` ENABLE KEYS */;
UNLOCK TABLES;

--
-- Table structure for table `type_hotels`
--

DROP TABLE IF EXISTS `type_hotels`;
/*!40101 SET @saved_cs_client     = @@character_set_client */;
/*!50503 SET character_set_client = utf8mb4 */;
CREATE TABLE `type_hotels` (
  `id` int unsigned NOT NULL AUTO_INCREMENT,
  `name` varchar(255) NOT NULL,
  PRIMARY KEY (`id`),
  UNIQUE KEY `name` (`name`)
) ENGINE=InnoDB AUTO_INCREMENT=8 DEFAULT CHARSET=utf8mb4 COLLATE=utf8mb4_0900_ai_ci;
/*!40101 SET character_set_client = @saved_cs_client */;

--
-- Dumping data for table `type_hotels`
--

LOCK TABLES `type_hotels` WRITE;
/*!40000 ALTER TABLE `type_hotels` DISABLE KEYS */;
INSERT INTO `type_hotels` VALUES (3,'appartments'),(6,'camp'),(2,'hostel'),(1,'hotel'),(5,'sanatorium'),(7,'ship'),(4,'villa');
/*!40000 ALTER TABLE `type_hotels` ENABLE KEYS */;
UNLOCK TABLES;

--
-- Table structure for table `type_locations`
--

DROP TABLE IF EXISTS `type_locations`;
/*!40101 SET @saved_cs_client     = @@character_set_client */;
/*!50503 SET character_set_client = utf8mb4 */;
CREATE TABLE `type_locations` (
  `id` int unsigned NOT NULL AUTO_INCREMENT,
  `name` varchar(255) NOT NULL,
  PRIMARY KEY (`id`),
  UNIQUE KEY `name` (`name`)
) ENGINE=InnoDB AUTO_INCREMENT=14 DEFAULT CHARSET=utf8mb4 COLLATE=utf8mb4_0900_ai_ci;
/*!40101 SET character_set_client = @saved_cs_client */;

--
-- Dumping data for table `type_locations`
--

LOCK TABLES `type_locations` WRITE;
/*!40000 ALTER TABLE `type_locations` DISABLE KEYS */;
INSERT INTO `type_locations` VALUES (4,'beach across road'),(1,'beach first line'),(2,'beach second line'),(3,'beach third line'),(12,'close city center'),(9,'close country hotel'),(6,'close ski resort'),(13,'far city center'),(10,'far country hotel'),(7,'far ski resort'),(11,'nearby city center'),(8,'nearby country hotel'),(5,'nearby ski resort');
/*!40000 ALTER TABLE `type_locations` ENABLE KEYS */;
UNLOCK TABLES;

--
-- Table structure for table `users`
--

DROP TABLE IF EXISTS `users`;
/*!40101 SET @saved_cs_client     = @@character_set_client */;
/*!50503 SET character_set_client = utf8mb4 */;
CREATE TABLE `users` (
  `id` int unsigned NOT NULL AUTO_INCREMENT,
  `type_user` enum('tourist','agent','hoteller','guide') NOT NULL,
  `name` varchar(255) DEFAULT NULL,
  `gender` enum('male','female') NOT NULL,
  `email` varchar(255) NOT NULL,
  `phone` varchar(13) NOT NULL,
  `password` varchar(255) NOT NULL,
  `created_at` datetime DEFAULT CURRENT_TIMESTAMP,
  `updated_at` datetime DEFAULT CURRENT_TIMESTAMP ON UPDATE CURRENT_TIMESTAMP,
  PRIMARY KEY (`id`),
  UNIQUE KEY `emale` (`email`),
  UNIQUE KEY `phone` (`phone`),
  UNIQUE KEY `email` (`email`),
  UNIQUE KEY `users_email_idx` (`email`),
  KEY `users_name_idx` (`name`)
) ENGINE=InnoDB AUTO_INCREMENT=101 DEFAULT CHARSET=utf8mb4 COLLATE=utf8mb4_0900_ai_ci;
/*!40101 SET character_set_client = @saved_cs_client */;

--
-- Dumping data for table `users`
--

LOCK TABLES `users` WRITE;
/*!40000 ALTER TABLE `users` DISABLE KEYS */;
INSERT INTO `users` VALUES (1,'guide','omnis','female','ernser.may@example.org','+79108017185','ca91d82e3d2b010a56f328c85b176809caaf018e','2014-11-05 13:01:45','2020-05-06 20:32:57'),(2,'guide','aut','female','susana.beatty@example.org','+79164467569','03576770e8ddad8549576055627cfefd2390cd7d','1970-12-30 09:47:42','2020-05-06 20:32:57'),(3,'agent','quod','male','yazmin.green@example.net','+79198286293','1dd3aa8e17d0790a122d6858c8ac7bf63768ae0b','2004-06-30 16:23:38','2020-05-06 20:32:57'),(4,'guide','ea','female','tiana87@example.com','+79198028766','315dc2f353324a686d3660a9f22e3ca8e4a4ff31','1976-12-23 13:33:07','2020-05-06 20:32:57'),(5,'agent','ipsam','male','tanya.dickinson@example.net','+79195284957','b6dc5b8d08ee0b1aca44d646e1b3757767b2fa07','2006-03-13 20:33:49','2020-05-06 20:32:57'),(6,'tourist','earum','male','constantin.klocko@example.org','+79182338489','57f51a17dadbcb0b3108630e35d6ededde49a1b6','2008-03-22 18:32:31','2020-05-06 20:32:57'),(7,'hoteller','maxime','male','hanna34@example.com','+79125837580','f91f2f04cde3dfe76a16bbbd15400863463153f5','2003-10-25 00:55:44','2020-05-06 20:32:57'),(8,'hoteller','ea','male','vito61@example.com','+79182172436','c771e92652a08b38f219e949b69e7fa35c511862','2018-02-27 07:15:13','2020-05-06 20:32:57'),(9,'agent','ad','female','demario51@example.net','+79133349446','68b7769a1dc01414146264e5c1a7d4db8e5f9c29','1996-04-16 08:58:45','2020-05-06 20:32:57'),(10,'agent','est','male','deontae22@example.com','+79120229925','2a08955cba1caf65498cfccd8f117d4b696ac238','1979-05-06 14:35:49','2020-05-06 20:32:57'),(11,'tourist','autem','male','otto.klein@example.org','+79101101290','df4190fbbd6b6a71982410ab5d89e045561e4dc7','1989-06-06 06:44:18','2020-05-06 20:32:57'),(12,'hoteller','sed','female','amelie.keeling@example.com','+79144816679','07206f21eb18f514f287be19524a3e098a0a6e1d','1989-10-26 22:52:07','2020-05-06 20:32:57'),(13,'hoteller','sint','female','haley.reinger@example.net','+79120779529','2adf7840351132d022e3021ea49de71ab02f7b3c','2012-12-09 12:01:42','2020-05-06 20:32:57'),(14,'agent','optio','male','pbarrows@example.net','+79169447609','90f4359c6c3edb4abaecdfd2391cab3e8d87f085','1979-03-26 03:08:10','2020-05-06 20:32:57'),(15,'hoteller','quia','male','tomasa14@example.net','+79184899466','cc9dc614ab686e514d5036a8a4c6d384ca3c2581','1977-03-04 20:18:01','2020-05-06 20:32:57'),(16,'guide','debitis','male','schuppe.marcel@example.org','+79116154509','b45696b2554d901ce4294f3d45c0a4ad8718aa16','1977-11-15 18:59:18','2020-05-06 20:32:57'),(17,'guide','vero','male','oparisian@example.com','+79126074147','acaa5c694179202eb9d6e0cc56a941f58d3cc4e3','2006-11-22 15:55:31','2020-05-06 20:32:57'),(18,'tourist','ea','female','milton.kshlerin@example.net','+79181907213','4761e7905ad07f5e1fbf90a1284d6df18286167d','2015-04-21 07:47:57','2020-05-06 20:32:57'),(19,'agent','atque','female','ooberbrunner@example.net','+79131313629','86e32b605625335208cebb2404df521b0cb11ae0','1988-09-05 07:48:06','2020-05-06 20:32:57'),(20,'agent','qui','male','jacobson.brianne@example.net','+79110846508','ccb20e323dd5ad3667d899cc464bcf3c9fd911fa','2016-03-03 02:44:19','2020-05-06 20:32:57'),(21,'hoteller','consequatur','female','gusikowski.maximilian@example.org','+79160291656','9d2966902b79a049f754412807daa503258bb43b','1985-07-13 06:28:53','2020-05-06 20:32:57'),(22,'guide','vel','male','ernie44@example.org','+79168918760','7ca3a21136cbe3beca9384d853fa4a8b3911b053','2010-04-13 23:31:50','2020-05-06 20:32:57'),(23,'guide','ea','female','calista.waters@example.org','+79163718837','8378321b002442ec6740bf6d47b351b3c27bba6c','1998-03-24 19:16:26','2020-05-06 20:32:57'),(24,'agent','consequatur','female','pablo.sipes@example.org','+79111837911','90f7a460d3cb8fea2e5141e625a30068956ba131','1973-03-08 15:47:05','2020-05-06 20:32:57'),(25,'agent','veritatis','male','gprohaska@example.com','+79168033045','0c00e4179debbab9878d9f9963e11f8de6d22a3a','1981-10-23 17:20:21','2020-05-06 20:32:57'),(26,'guide','non','female','prudence04@example.org','+79104651497','a9403a2fc33e66d0de84f7c2406af1fce35fd75c','1970-12-25 06:27:41','2020-05-06 20:32:57'),(27,'tourist','quia','male','king.cleveland@example.net','+79119158352','7f7cbbfe9b5317bf466f7d0a1cd299baff0a95ad','1991-11-21 01:06:01','2020-05-06 20:32:57'),(28,'tourist','asperiores','female','henderson12@example.org','+79181837273','e2c9d5dd8fce76d668d999099b29b1ec726f955a','1995-03-15 00:23:00','2020-05-06 20:32:57'),(29,'agent','qui','male','altenwerth.tevin@example.org','+79151711317','26bf28a2b48ec4e82793b093f9e86c65d23078fd','2015-02-28 23:06:35','2020-05-06 20:32:57'),(30,'tourist','quia','female','winona.lueilwitz@example.com','+79113044767','9a89486e13f90696023749b9a9772a137428198a','2015-09-15 13:41:39','2020-05-06 20:32:57'),(31,'agent','aut','male','adelbert.ernser@example.net','+79110089890','807926f0e0f2f7a25b390199f69de249030e3818','1979-08-29 00:16:33','2020-05-06 20:32:57'),(32,'tourist','maxime','male','opowlowski@example.org','+79111315150','b6cccaae05457aa757feef08b3615ccb0c859df1','1988-04-05 06:41:06','2020-05-06 20:32:57'),(33,'hoteller','repellendus','male','lonzo.toy@example.org','+79126306084','7991adef6240195174e1f8f8063eee2ac69b4333','1995-10-16 04:33:54','2020-05-06 20:32:57'),(34,'tourist','sint','male','stehr.julio@example.net','+79197584976','8a2af8c4643b06a464a5db690ae27f5d695b2925','1979-04-08 13:16:32','2020-05-06 20:32:57'),(35,'guide','placeat','male','jessyca.larson@example.net','+79109006633','6ceaa88461cfc96ffe058db46ef25032113744de','2003-11-26 10:02:11','2020-05-06 20:32:57'),(36,'agent','animi','male','ffeil@example.org','+79152278237','e737f67f56572fc25b280e16e05a3289b1d0214a','2011-01-24 05:40:02','2020-05-06 20:32:57'),(37,'hoteller','fuga','male','ida.schuster@example.net','+79134371293','04a16d2624371b114e0166440f90ba5dded20d3c','1976-09-22 12:54:49','2020-05-06 20:32:57'),(38,'guide','laudantium','female','aromaguera@example.net','+79115021758','3fc1bc1affa139652e01858fac9b2f522e33fa4d','2009-07-11 10:23:51','2020-05-06 20:32:57'),(39,'guide','est','male','lenny76@example.com','+79171994915','0612662a5f4663d61ced96524bff96b1d5845309','1971-03-08 15:19:20','2020-05-06 20:32:57'),(40,'tourist','tenetur','female','casper.mitchell@example.org','+79114909304','889e4a71cb2414a454d8cbfaa01d8609aaccd002','2019-05-10 09:50:46','2020-05-06 20:32:57'),(41,'tourist','alias','male','geovanni51@example.com','+79158561779','6e4a8398c79468303cb94c60c15d811dd387c7e6','1983-12-21 13:55:38','2020-05-06 20:32:57'),(42,'tourist','et','male','pfeffer.alessandro@example.org','+79148080988','7958d9c6e4fdbf7be0066e9a6c5501b77b17aa42','1977-03-23 09:24:37','2020-05-06 20:32:57'),(43,'guide','et','male','kris.jerad@example.org','+79164719608','03d6d80326a4e1d9eb546de46029630c9f48e9d8','2002-10-24 02:19:13','2020-05-06 20:32:57'),(44,'hoteller','assumenda','female','jones.kavon@example.org','+79179355079','c5c95fcac77917450d95517bf4e701d255af41ab','2000-03-21 01:09:32','2020-05-06 20:32:57'),(45,'tourist','rem','male','isabell.fisher@example.org','+79102616577','c87659b9c70a9dfb0c88ebc7755b3fad17928b2e','2016-12-22 14:42:32','2020-05-06 20:32:57'),(46,'hoteller','quo','male','mwisozk@example.net','+79175017650','eb64ef444087daea89a052ebb9304868c75d981b','1974-08-12 06:41:12','2020-05-06 20:32:57'),(47,'tourist','ipsum','male','cole07@example.net','+79167238527','a1992a261ae83a1776a97c6827f729982e7c0f99','1996-07-19 22:15:45','2020-05-06 20:32:57'),(48,'agent','maiores','female','hoppe.abdiel@example.org','+79111139686','fd410e7f4e1c3a866ec6659e96fd118db11ca6ce','1974-04-05 17:47:53','2020-05-06 20:32:57'),(49,'agent','necessitatibus','female','gmuller@example.org','+79153982851','4c0bd8c11d4ae9b4be6d2cc406161bd1199caf4b','2003-05-31 13:15:20','2020-05-06 20:32:57'),(50,'agent','est','male','rohan.antonietta@example.org','+79136495203','b210c6f389383db43f829da16a0264a44ceff467','1990-06-08 13:24:54','2020-05-06 20:32:57'),(51,'guide','omnis','female','rebeca38@example.com','+79120527467','6d61c7ff1443d9d30bea73d8ba8118e1b9e4742d','2011-12-08 18:28:44','2020-05-06 20:32:57'),(52,'tourist','sint','female','nolan70@example.net','+79193151728','d3662b82defaf3d0ac63ad9d724a6c95d9c00444','1996-09-29 21:09:55','2020-05-06 20:32:57'),(53,'tourist','odio','female','kitty16@example.net','+79104176248','11fcaf6c1ceec094b5a33915da5e5aa3477c1734','2001-06-22 20:21:06','2020-05-06 20:32:57'),(54,'hoteller','eaque','male','metz.jillian@example.org','+79141426057','c974b16f7b316b420615c3ab8880558b6c2d5110','1984-09-29 03:15:09','2020-05-06 20:32:57'),(55,'guide','dolor','male','khayes@example.org','+79194601546','a1e5b7e26b7b5fc0a0f205e9f006cb18e79249b4','2005-01-31 18:51:34','2020-05-06 20:32:57'),(56,'tourist','ipsam','male','theo23@example.org','+79148729564','0d1875456920d142f609e106501ddac4fe29a287','2017-08-31 04:03:39','2020-05-06 20:32:57'),(57,'guide','et','male','leopold.harris@example.org','+79159843185','478f5ed63e92f295846ce3f405343337887eb4ac','2010-08-12 16:47:51','2020-05-06 20:32:57'),(58,'guide','similique','female','megane.langworth@example.net','+79153027238','fcf606d80218d651114020cfac2e93979f0da5b3','2013-06-14 12:59:45','2020-05-06 20:32:57'),(59,'agent','quas','male','kellie.yundt@example.net','+79185606639','ca095a7fc2cb3b1bb1e78cb3b927b0a072a29932','2003-09-22 23:17:30','2020-05-06 20:32:57'),(60,'hoteller','est','male','xblick@example.net','+79168951486','ffb5ccf6994c88a98983f00f12c10c4cd0fab5b9','1983-05-18 08:48:12','2020-05-06 20:32:57'),(61,'tourist','eos','female','giovanna90@example.net','+79187937517','a8f705dccc4b9e86551dc745507bdb195ef65c03','2003-02-19 13:25:14','2020-05-06 20:32:57'),(62,'guide','aspernatur','female','pat.metz@example.com','+79132833133','80438d7dfa0c1532a5fdaff3c9dc97d4e96dd13d','1992-08-04 05:57:36','2020-05-06 20:32:57'),(63,'agent','commodi','male','audie37@example.net','+79100353117','976a42d4ec6c7e899dd30d761105c5bb2126dbff','1985-01-04 00:09:21','2020-05-06 20:32:57'),(64,'guide','et','male','kyle.rowe@example.net','+79103266186','a63e54a9f7df84998fad27cccdbdaf6478fcd3f1','1988-12-22 16:00:45','2020-05-06 20:32:57'),(65,'tourist','quibusdam','female','nvolkman@example.net','+79115271585','57d9cff66d9009871a5829d07ba3a28bae603de8','1971-07-31 06:21:00','2020-05-06 20:32:57'),(66,'guide','totam','female','jshields@example.org','+79166559369','3c20c2804d5ecf99cf60c3b640369ddb9cb8d4f8','2003-08-31 06:25:13','2020-05-06 20:32:57'),(67,'hoteller','aliquam','female','louie33@example.com','+79186982096','58c1831e2323be2a6d4ac6bd76b2d42c0d337605','1989-08-21 16:36:52','2020-05-06 20:32:57'),(68,'agent','atque','female','michael.mccullough@example.org','+79135232378','6c3844c9c7c4a114e5eb4a296ca948ec47115e89','1997-04-23 15:51:18','2020-05-06 20:32:57'),(69,'agent','modi','female','norbert.gutkowski@example.org','+79115215606','87ee5d0dab4a29d5e948a6e80930d8d02c81a7dc','1975-10-27 05:57:39','2020-05-06 20:32:57'),(70,'agent','recusandae','male','maci24@example.com','+79170380899','bde365ec6d0bbf19a5ca97dfbfb58e9e13630211','2019-04-28 15:21:52','2020-05-06 20:32:57'),(71,'guide','non','female','mcclure.domenick@example.com','+79106257683','b1f007756f1a52e6c5e29993ba7243d7c6e2d418','1979-10-22 01:27:30','2020-05-06 20:32:57'),(72,'agent','nihil','female','josiane05@example.org','+79120145719','c6bf5133ce9966490c012695ddc401aa36be112e','2003-09-02 09:54:11','2020-05-06 20:32:57'),(73,'hoteller','laudantium','female','baron92@example.net','+79181955549','a4b1eecb07f32d814d844b39401a40397fa1914f','1986-06-03 13:48:40','2020-05-06 20:32:57'),(74,'hoteller','amet','male','jewel.reilly@example.net','+79149340596','faf100aa0b06e7fb3c3b88e24e3b520e9948ea87','1994-05-18 06:09:50','2020-05-06 20:32:57'),(75,'agent','optio','female','lexie76@example.net','+79100836334','c1ac81fdeba1a7ce4c095ed323432361ae5b3aa0','2001-09-26 18:53:09','2020-05-06 20:32:57'),(76,'tourist','provident','male','ava45@example.net','+79156159886','87e3f533136c38d6e6fb575b364981533a54713f','2005-10-22 08:59:17','2020-05-06 20:32:57'),(77,'guide','reprehenderit','male','hillary44@example.org','+79178290431','1de19297dbf744cfcd6acff9fd9cf45b15a15315','1997-12-12 14:17:00','2020-05-06 20:32:57'),(78,'tourist','eaque','female','winifred.waters@example.net','+79122972505','7300bae581d16221d007e16c9cf782bb145fea93','2015-11-06 08:23:46','2020-05-06 20:32:57'),(79,'agent','qui','male','hilll.gia@example.org','+79179991232','8c8a7493d0ec5630d2931addb9be8bd0945a8dfa','2017-09-19 10:15:09','2020-05-06 20:32:57'),(80,'agent','dolore','male','rey.huels@example.net','+79131038651','54cd7c94ffba882cc6b808186bc364989364bc1d','1982-11-24 18:28:58','2020-05-06 20:32:57'),(81,'tourist','officiis','male','uledner@example.net','+79115219561','80e4edc0585fca793a158f4cb66fa9107b1848fc','1982-01-24 01:22:22','2020-05-06 20:32:57'),(82,'guide','maiores','female','graham.delores@example.net','+79182981855','c80749203c0c29b88af67493cb8d3a9dff3b959e','1991-10-12 17:09:48','2020-05-06 20:32:57'),(83,'tourist','consequatur','male','wiza.dallin@example.org','+79169250598','f5dc528f84a3cdfcee4f7478d6d6ab847548ac31','2016-01-10 12:29:49','2020-05-06 20:32:57'),(84,'hoteller','et','male','orion.rath@example.net','+79197307430','0db8963777e64e01f3e77f464f36682ce7cfe886','1996-02-24 18:56:21','2020-05-06 20:32:57'),(85,'guide','corrupti','female','merl.leffler@example.com','+79178785361','294b2121981b7bef5ca7389bda0245dd0bff90ff','2003-03-04 09:18:28','2020-05-06 20:32:57'),(86,'hoteller','temporibus','female','beatty.kraig@example.com','+79102004519','db73a50b4df4101ff74a36d53e918205ba91e0a4','1981-04-25 07:59:42','2020-05-06 20:32:57'),(87,'hoteller','earum','male','hermiston.ivory@example.org','+79173666512','38c6d39b4e6bd38ad27c5e321ff9d9d29a8b05d1','1981-02-03 07:42:34','2020-05-06 20:32:57'),(88,'agent','adipisci','male','lilly.white@example.org','+79162319009','40745dbf1cb2cc34748142a7932ed7e98f42f942','2005-09-29 13:32:38','2020-05-06 20:32:57'),(89,'hoteller','velit','male','jacey.parker@example.net','+79190595512','af2b9cc1c8ae02dafc8f83594dff9ca916b8dfcf','2002-05-19 14:44:26','2020-05-06 20:32:57'),(90,'hoteller','quasi','female','pasquale39@example.com','+79166020538','d868fa9785a8f6a1e651bfd755f8d19bda40f228','1993-03-19 03:20:19','2020-05-06 20:32:57'),(91,'agent','eligendi','male','cruickshank.sibyl@example.net','+79158316160','94a0852ac65648aa2df23d80899a3f48538985b8','2011-09-06 13:36:08','2020-05-06 20:32:57'),(92,'tourist','dolore','female','koss.isidro@example.net','+79193519189','b2356f769d4003d06a09251509a6b93e1bfc4aba','1998-05-21 00:42:44','2020-05-06 20:32:57'),(93,'guide','laboriosam','female','isadore22@example.net','+79192647469','7b693c7e9fd0ab652dab93828fec3d8546da568c','1987-04-03 01:18:30','2020-05-06 20:32:57'),(94,'tourist','unde','male','leif.grimes@example.org','+79182679782','f82b44735dda5f92236e9f8fc7cc266ec70b44e3','2001-11-27 06:52:52','2020-05-06 20:32:57'),(95,'agent','voluptatum','male','lisandro.schneider@example.org','+79135456508','fa5924737c14892d86e174a0166db9af4c4df521','1972-11-26 10:05:53','2020-05-06 20:32:57'),(96,'tourist','sunt','female','eloy72@example.com','+79129243198','5806cce9bd61af5bb6f0232c7c5ecdd16a052cc1','2011-04-19 17:50:04','2020-05-06 20:32:57'),(97,'hoteller','eum','male','rolfson.royal@example.net','+79139846471','67b8a2f1c317cc282b52532b48a5489a371f3a68','1995-03-02 14:07:36','2020-05-06 20:32:57'),(98,'tourist','quis','female','okreiger@example.net','+79111502762','10704d19c59b5232a83729f72d95877c69678e71','1979-07-11 18:15:58','2020-05-06 20:32:57'),(99,'guide','laudantium','male','harber.randi@example.net','+79137974402','66ef5cf09a33b34ff18fdda8bcec4a02b1d49d6c','1994-11-23 14:55:29','2020-05-06 20:32:57'),(100,'tourist','similique','male','kaitlin28@example.com','+79155363727','8aed5601cd5c82b8d56f653095df1239948c6301','1983-12-18 21:08:55','2020-05-06 20:32:57');
/*!40000 ALTER TABLE `users` ENABLE KEYS */;
UNLOCK TABLES;

--
-- Temporary view structure for view `users_subscription`
--

DROP TABLE IF EXISTS `users_subscription`;
/*!50001 DROP VIEW IF EXISTS `users_subscription`*/;
SET @saved_cs_client     = @@character_set_client;
/*!50503 SET character_set_client = utf8mb4 */;
/*!50001 CREATE VIEW `users_subscription` AS SELECT 
 1 AS `user`,
 1 AS `hotel`*/;
SET character_set_client = @saved_cs_client;

--
-- Final view structure for view `hotels_city_type`
--

/*!50001 DROP VIEW IF EXISTS `hotels_city_type`*/;
/*!50001 SET @saved_cs_client          = @@character_set_client */;
/*!50001 SET @saved_cs_results         = @@character_set_results */;
/*!50001 SET @saved_col_connection     = @@collation_connection */;
/*!50001 SET character_set_client      = utf8mb4 */;
/*!50001 SET character_set_results     = utf8mb4 */;
/*!50001 SET collation_connection      = utf8mb4_0900_ai_ci */;
/*!50001 CREATE ALGORITHM=UNDEFINED */
/*!50013 DEFINER=`root`@`localhost` SQL SECURITY DEFINER */
/*!50001 VIEW `hotels_city_type` AS select `h`.`name` AS `hotel`,`c`.`name` AS `city`,`s`.`name` AS `star`,`t`.`name` AS `type`,`l`.`name` AS `location` from ((((`hotels` `h` join `cities` `c` on((`h`.`city_id` = `c`.`id`))) join `star_categories` `s` on((`h`.`star_category_id` = `s`.`id`))) join `type_hotels` `t` on((`h`.`type_hotel_id` = `t`.`id`))) join `type_locations` `l` on((`h`.`type_location_id` = `l`.`id`))) order by `h`.`name` */;
/*!50001 SET character_set_client      = @saved_cs_client */;
/*!50001 SET character_set_results     = @saved_cs_results */;
/*!50001 SET collation_connection      = @saved_col_connection */;

--
-- Final view structure for view `users_subscription`
--

/*!50001 DROP VIEW IF EXISTS `users_subscription`*/;
/*!50001 SET @saved_cs_client          = @@character_set_client */;
/*!50001 SET @saved_cs_results         = @@character_set_results */;
/*!50001 SET @saved_col_connection     = @@collation_connection */;
/*!50001 SET character_set_client      = utf8mb4 */;
/*!50001 SET character_set_results     = utf8mb4 */;
/*!50001 SET collation_connection      = utf8mb4_0900_ai_ci */;
/*!50001 CREATE ALGORITHM=UNDEFINED */
/*!50013 DEFINER=`root`@`localhost` SQL SECURITY DEFINER */
/*!50001 VIEW `users_subscription` AS select `u`.`name` AS `user`,`h`.`name` AS `hotel` from ((`users` `u` join `subscriptions` `s` on((`u`.`id` = `s`.`user_id`))) join `hotels` `h` on((`h`.`id` = `s`.`hotel_id`))) order by `u`.`name` */;
/*!50001 SET character_set_client      = @saved_cs_client */;
/*!50001 SET character_set_results     = @saved_cs_results */;
/*!50001 SET collation_connection      = @saved_col_connection */;
/*!40103 SET TIME_ZONE=@OLD_TIME_ZONE */;

/*!40101 SET SQL_MODE=@OLD_SQL_MODE */;
/*!40014 SET FOREIGN_KEY_CHECKS=@OLD_FOREIGN_KEY_CHECKS */;
/*!40014 SET UNIQUE_CHECKS=@OLD_UNIQUE_CHECKS */;
/*!40101 SET CHARACTER_SET_CLIENT=@OLD_CHARACTER_SET_CLIENT */;
/*!40101 SET CHARACTER_SET_RESULTS=@OLD_CHARACTER_SET_RESULTS */;
/*!40101 SET COLLATION_CONNECTION=@OLD_COLLATION_CONNECTION */;
/*!40111 SET SQL_NOTES=@OLD_SQL_NOTES */;

-- Dump completed on 2020-05-07 20:36:24
