#
# TABLE STRUCTURE FOR: communities
#

DROP TABLE IF EXISTS `communities`;

CREATE TABLE `communities` (
  `id` int(10) unsigned NOT NULL AUTO_INCREMENT,
  `name` varchar(150) COLLATE utf8_unicode_ci NOT NULL,
  PRIMARY KEY (`id`),
  UNIQUE KEY `name` (`name`)
) ENGINE=InnoDB AUTO_INCREMENT=101 DEFAULT CHARSET=utf8 COLLATE=utf8_unicode_ci;

INSERT INTO `communities` (`id`, `name`) VALUES (78, 'a');
INSERT INTO `communities` (`id`, `name`) VALUES (12, 'ad');
INSERT INTO `communities` (`id`, `name`) VALUES (91, 'aliquam');
INSERT INTO `communities` (`id`, `name`) VALUES (82, 'amet');
INSERT INTO `communities` (`id`, `name`) VALUES (61, 'asperiores');
INSERT INTO `communities` (`id`, `name`) VALUES (90, 'aspernatur');
INSERT INTO `communities` (`id`, `name`) VALUES (48, 'assumenda');
INSERT INTO `communities` (`id`, `name`) VALUES (20, 'atque');
INSERT INTO `communities` (`id`, `name`) VALUES (35, 'aut');
INSERT INTO `communities` (`id`, `name`) VALUES (1, 'blanditiis');
INSERT INTO `communities` (`id`, `name`) VALUES (29, 'commodi');
INSERT INTO `communities` (`id`, `name`) VALUES (57, 'consectetur');
INSERT INTO `communities` (`id`, `name`) VALUES (60, 'consequatur');
INSERT INTO `communities` (`id`, `name`) VALUES (46, 'consequuntur');
INSERT INTO `communities` (`id`, `name`) VALUES (92, 'culpa');
INSERT INTO `communities` (`id`, `name`) VALUES (67, 'cum');
INSERT INTO `communities` (`id`, `name`) VALUES (59, 'delectus');
INSERT INTO `communities` (`id`, `name`) VALUES (37, 'deleniti');
INSERT INTO `communities` (`id`, `name`) VALUES (27, 'deserunt');
INSERT INTO `communities` (`id`, `name`) VALUES (5, 'dicta');
INSERT INTO `communities` (`id`, `name`) VALUES (84, 'dignissimos');
INSERT INTO `communities` (`id`, `name`) VALUES (56, 'distinctio');
INSERT INTO `communities` (`id`, `name`) VALUES (16, 'dolor');
INSERT INTO `communities` (`id`, `name`) VALUES (42, 'dolorem');
INSERT INTO `communities` (`id`, `name`) VALUES (14, 'dolores');
INSERT INTO `communities` (`id`, `name`) VALUES (32, 'dolorum');
INSERT INTO `communities` (`id`, `name`) VALUES (64, 'ducimus');
INSERT INTO `communities` (`id`, `name`) VALUES (55, 'ea');
INSERT INTO `communities` (`id`, `name`) VALUES (63, 'eaque');
INSERT INTO `communities` (`id`, `name`) VALUES (96, 'eius');
INSERT INTO `communities` (`id`, `name`) VALUES (47, 'enim');
INSERT INTO `communities` (`id`, `name`) VALUES (80, 'eos');
INSERT INTO `communities` (`id`, `name`) VALUES (30, 'est');
INSERT INTO `communities` (`id`, `name`) VALUES (8, 'et');
INSERT INTO `communities` (`id`, `name`) VALUES (52, 'eum');
INSERT INTO `communities` (`id`, `name`) VALUES (2, 'eveniet');
INSERT INTO `communities` (`id`, `name`) VALUES (87, 'excepturi');
INSERT INTO `communities` (`id`, `name`) VALUES (33, 'facilis');
INSERT INTO `communities` (`id`, `name`) VALUES (89, 'fuga');
INSERT INTO `communities` (`id`, `name`) VALUES (71, 'fugiat');
INSERT INTO `communities` (`id`, `name`) VALUES (72, 'hic');
INSERT INTO `communities` (`id`, `name`) VALUES (41, 'id');
INSERT INTO `communities` (`id`, `name`) VALUES (85, 'illo');
INSERT INTO `communities` (`id`, `name`) VALUES (95, 'illum');
INSERT INTO `communities` (`id`, `name`) VALUES (81, 'impedit');
INSERT INTO `communities` (`id`, `name`) VALUES (99, 'in');
INSERT INTO `communities` (`id`, `name`) VALUES (43, 'ipsa');
INSERT INTO `communities` (`id`, `name`) VALUES (17, 'ipsam');
INSERT INTO `communities` (`id`, `name`) VALUES (53, 'ipsum');
INSERT INTO `communities` (`id`, `name`) VALUES (79, 'iste');
INSERT INTO `communities` (`id`, `name`) VALUES (76, 'iure');
INSERT INTO `communities` (`id`, `name`) VALUES (39, 'laborum');
INSERT INTO `communities` (`id`, `name`) VALUES (21, 'magnam');
INSERT INTO `communities` (`id`, `name`) VALUES (62, 'maxime');
INSERT INTO `communities` (`id`, `name`) VALUES (86, 'natus');
INSERT INTO `communities` (`id`, `name`) VALUES (10, 'necessitatibus');
INSERT INTO `communities` (`id`, `name`) VALUES (18, 'nemo');
INSERT INTO `communities` (`id`, `name`) VALUES (24, 'nesciunt');
INSERT INTO `communities` (`id`, `name`) VALUES (50, 'nisi');
INSERT INTO `communities` (`id`, `name`) VALUES (69, 'nobis');
INSERT INTO `communities` (`id`, `name`) VALUES (51, 'non');
INSERT INTO `communities` (`id`, `name`) VALUES (19, 'nostrum');
INSERT INTO `communities` (`id`, `name`) VALUES (4, 'nulla');
INSERT INTO `communities` (`id`, `name`) VALUES (28, 'numquam');
INSERT INTO `communities` (`id`, `name`) VALUES (49, 'occaecati');
INSERT INTO `communities` (`id`, `name`) VALUES (44, 'odit');
INSERT INTO `communities` (`id`, `name`) VALUES (75, 'officia');
INSERT INTO `communities` (`id`, `name`) VALUES (58, 'omnis');
INSERT INTO `communities` (`id`, `name`) VALUES (23, 'perspiciatis');
INSERT INTO `communities` (`id`, `name`) VALUES (6, 'placeat');
INSERT INTO `communities` (`id`, `name`) VALUES (100, 'praesentium');
INSERT INTO `communities` (`id`, `name`) VALUES (94, 'provident');
INSERT INTO `communities` (`id`, `name`) VALUES (97, 'quae');
INSERT INTO `communities` (`id`, `name`) VALUES (65, 'quam');
INSERT INTO `communities` (`id`, `name`) VALUES (31, 'qui');
INSERT INTO `communities` (`id`, `name`) VALUES (34, 'quia');
INSERT INTO `communities` (`id`, `name`) VALUES (98, 'quibusdam');
INSERT INTO `communities` (`id`, `name`) VALUES (7, 'quidem');
INSERT INTO `communities` (`id`, `name`) VALUES (83, 'quis');
INSERT INTO `communities` (`id`, `name`) VALUES (73, 'quisquam');
INSERT INTO `communities` (`id`, `name`) VALUES (22, 'quo');
INSERT INTO `communities` (`id`, `name`) VALUES (9, 'quos');
INSERT INTO `communities` (`id`, `name`) VALUES (38, 'reiciendis');
INSERT INTO `communities` (`id`, `name`) VALUES (25, 'repellat');
INSERT INTO `communities` (`id`, `name`) VALUES (68, 'rerum');
INSERT INTO `communities` (`id`, `name`) VALUES (93, 'saepe');
INSERT INTO `communities` (`id`, `name`) VALUES (54, 'sed');
INSERT INTO `communities` (`id`, `name`) VALUES (45, 'sint');
INSERT INTO `communities` (`id`, `name`) VALUES (15, 'sit');
INSERT INTO `communities` (`id`, `name`) VALUES (40, 'soluta');
INSERT INTO `communities` (`id`, `name`) VALUES (70, 'sunt');
INSERT INTO `communities` (`id`, `name`) VALUES (26, 'temporibus');
INSERT INTO `communities` (`id`, `name`) VALUES (36, 'tenetur');
INSERT INTO `communities` (`id`, `name`) VALUES (74, 'ullam');
INSERT INTO `communities` (`id`, `name`) VALUES (3, 'unde');
INSERT INTO `communities` (`id`, `name`) VALUES (11, 'ut');
INSERT INTO `communities` (`id`, `name`) VALUES (66, 'vero');
INSERT INTO `communities` (`id`, `name`) VALUES (88, 'voluptas');
INSERT INTO `communities` (`id`, `name`) VALUES (77, 'voluptate');
INSERT INTO `communities` (`id`, `name`) VALUES (13, 'voluptatem');


#
# TABLE STRUCTURE FOR: communutues_users
#

DROP TABLE IF EXISTS `communutues_users`;

CREATE TABLE `communutues_users` (
  `community_id` int(10) unsigned NOT NULL,
  `user_id` int(10) unsigned NOT NULL,
  PRIMARY KEY (`community_id`,`user_id`)
) ENGINE=InnoDB DEFAULT CHARSET=utf8 COLLATE=utf8_unicode_ci;

INSERT INTO `communutues_users` (`community_id`, `user_id`) VALUES (1, 85);
INSERT INTO `communutues_users` (`community_id`, `user_id`) VALUES (2, 78);
INSERT INTO `communutues_users` (`community_id`, `user_id`) VALUES (3, 59);
INSERT INTO `communutues_users` (`community_id`, `user_id`) VALUES (4, 66);
INSERT INTO `communutues_users` (`community_id`, `user_id`) VALUES (5, 81);
INSERT INTO `communutues_users` (`community_id`, `user_id`) VALUES (6, 74);
INSERT INTO `communutues_users` (`community_id`, `user_id`) VALUES (7, 75);
INSERT INTO `communutues_users` (`community_id`, `user_id`) VALUES (8, 86);
INSERT INTO `communutues_users` (`community_id`, `user_id`) VALUES (9, 36);
INSERT INTO `communutues_users` (`community_id`, `user_id`) VALUES (10, 30);
INSERT INTO `communutues_users` (`community_id`, `user_id`) VALUES (11, 31);
INSERT INTO `communutues_users` (`community_id`, `user_id`) VALUES (12, 62);
INSERT INTO `communutues_users` (`community_id`, `user_id`) VALUES (13, 39);
INSERT INTO `communutues_users` (`community_id`, `user_id`) VALUES (14, 98);
INSERT INTO `communutues_users` (`community_id`, `user_id`) VALUES (15, 38);
INSERT INTO `communutues_users` (`community_id`, `user_id`) VALUES (16, 51);
INSERT INTO `communutues_users` (`community_id`, `user_id`) VALUES (17, 58);
INSERT INTO `communutues_users` (`community_id`, `user_id`) VALUES (18, 20);
INSERT INTO `communutues_users` (`community_id`, `user_id`) VALUES (19, 25);
INSERT INTO `communutues_users` (`community_id`, `user_id`) VALUES (20, 71);
INSERT INTO `communutues_users` (`community_id`, `user_id`) VALUES (21, 53);
INSERT INTO `communutues_users` (`community_id`, `user_id`) VALUES (22, 39);
INSERT INTO `communutues_users` (`community_id`, `user_id`) VALUES (23, 47);
INSERT INTO `communutues_users` (`community_id`, `user_id`) VALUES (24, 94);
INSERT INTO `communutues_users` (`community_id`, `user_id`) VALUES (25, 76);
INSERT INTO `communutues_users` (`community_id`, `user_id`) VALUES (26, 65);
INSERT INTO `communutues_users` (`community_id`, `user_id`) VALUES (27, 12);
INSERT INTO `communutues_users` (`community_id`, `user_id`) VALUES (28, 76);
INSERT INTO `communutues_users` (`community_id`, `user_id`) VALUES (29, 85);
INSERT INTO `communutues_users` (`community_id`, `user_id`) VALUES (30, 23);
INSERT INTO `communutues_users` (`community_id`, `user_id`) VALUES (31, 25);
INSERT INTO `communutues_users` (`community_id`, `user_id`) VALUES (32, 64);
INSERT INTO `communutues_users` (`community_id`, `user_id`) VALUES (33, 91);
INSERT INTO `communutues_users` (`community_id`, `user_id`) VALUES (34, 11);
INSERT INTO `communutues_users` (`community_id`, `user_id`) VALUES (35, 38);
INSERT INTO `communutues_users` (`community_id`, `user_id`) VALUES (36, 99);
INSERT INTO `communutues_users` (`community_id`, `user_id`) VALUES (37, 99);
INSERT INTO `communutues_users` (`community_id`, `user_id`) VALUES (38, 9);
INSERT INTO `communutues_users` (`community_id`, `user_id`) VALUES (39, 49);
INSERT INTO `communutues_users` (`community_id`, `user_id`) VALUES (40, 54);
INSERT INTO `communutues_users` (`community_id`, `user_id`) VALUES (41, 59);
INSERT INTO `communutues_users` (`community_id`, `user_id`) VALUES (42, 65);
INSERT INTO `communutues_users` (`community_id`, `user_id`) VALUES (43, 81);
INSERT INTO `communutues_users` (`community_id`, `user_id`) VALUES (44, 22);
INSERT INTO `communutues_users` (`community_id`, `user_id`) VALUES (45, 9);
INSERT INTO `communutues_users` (`community_id`, `user_id`) VALUES (46, 68);
INSERT INTO `communutues_users` (`community_id`, `user_id`) VALUES (47, 91);
INSERT INTO `communutues_users` (`community_id`, `user_id`) VALUES (48, 73);
INSERT INTO `communutues_users` (`community_id`, `user_id`) VALUES (49, 51);
INSERT INTO `communutues_users` (`community_id`, `user_id`) VALUES (50, 8);
INSERT INTO `communutues_users` (`community_id`, `user_id`) VALUES (51, 38);
INSERT INTO `communutues_users` (`community_id`, `user_id`) VALUES (52, 85);
INSERT INTO `communutues_users` (`community_id`, `user_id`) VALUES (53, 53);
INSERT INTO `communutues_users` (`community_id`, `user_id`) VALUES (54, 74);
INSERT INTO `communutues_users` (`community_id`, `user_id`) VALUES (55, 69);
INSERT INTO `communutues_users` (`community_id`, `user_id`) VALUES (56, 38);
INSERT INTO `communutues_users` (`community_id`, `user_id`) VALUES (57, 33);
INSERT INTO `communutues_users` (`community_id`, `user_id`) VALUES (58, 70);
INSERT INTO `communutues_users` (`community_id`, `user_id`) VALUES (59, 57);
INSERT INTO `communutues_users` (`community_id`, `user_id`) VALUES (60, 10);
INSERT INTO `communutues_users` (`community_id`, `user_id`) VALUES (61, 6);
INSERT INTO `communutues_users` (`community_id`, `user_id`) VALUES (62, 16);
INSERT INTO `communutues_users` (`community_id`, `user_id`) VALUES (63, 84);
INSERT INTO `communutues_users` (`community_id`, `user_id`) VALUES (64, 94);
INSERT INTO `communutues_users` (`community_id`, `user_id`) VALUES (65, 71);
INSERT INTO `communutues_users` (`community_id`, `user_id`) VALUES (66, 78);
INSERT INTO `communutues_users` (`community_id`, `user_id`) VALUES (67, 74);
INSERT INTO `communutues_users` (`community_id`, `user_id`) VALUES (68, 4);
INSERT INTO `communutues_users` (`community_id`, `user_id`) VALUES (69, 86);
INSERT INTO `communutues_users` (`community_id`, `user_id`) VALUES (70, 99);
INSERT INTO `communutues_users` (`community_id`, `user_id`) VALUES (71, 38);
INSERT INTO `communutues_users` (`community_id`, `user_id`) VALUES (72, 14);
INSERT INTO `communutues_users` (`community_id`, `user_id`) VALUES (73, 99);
INSERT INTO `communutues_users` (`community_id`, `user_id`) VALUES (74, 78);
INSERT INTO `communutues_users` (`community_id`, `user_id`) VALUES (75, 95);
INSERT INTO `communutues_users` (`community_id`, `user_id`) VALUES (76, 53);
INSERT INTO `communutues_users` (`community_id`, `user_id`) VALUES (77, 9);
INSERT INTO `communutues_users` (`community_id`, `user_id`) VALUES (78, 20);
INSERT INTO `communutues_users` (`community_id`, `user_id`) VALUES (79, 81);
INSERT INTO `communutues_users` (`community_id`, `user_id`) VALUES (80, 75);
INSERT INTO `communutues_users` (`community_id`, `user_id`) VALUES (81, 79);
INSERT INTO `communutues_users` (`community_id`, `user_id`) VALUES (82, 41);
INSERT INTO `communutues_users` (`community_id`, `user_id`) VALUES (83, 36);
INSERT INTO `communutues_users` (`community_id`, `user_id`) VALUES (84, 43);
INSERT INTO `communutues_users` (`community_id`, `user_id`) VALUES (85, 4);
INSERT INTO `communutues_users` (`community_id`, `user_id`) VALUES (86, 30);
INSERT INTO `communutues_users` (`community_id`, `user_id`) VALUES (87, 6);
INSERT INTO `communutues_users` (`community_id`, `user_id`) VALUES (88, 56);
INSERT INTO `communutues_users` (`community_id`, `user_id`) VALUES (89, 90);
INSERT INTO `communutues_users` (`community_id`, `user_id`) VALUES (90, 74);
INSERT INTO `communutues_users` (`community_id`, `user_id`) VALUES (91, 58);
INSERT INTO `communutues_users` (`community_id`, `user_id`) VALUES (92, 96);
INSERT INTO `communutues_users` (`community_id`, `user_id`) VALUES (93, 21);
INSERT INTO `communutues_users` (`community_id`, `user_id`) VALUES (94, 23);
INSERT INTO `communutues_users` (`community_id`, `user_id`) VALUES (95, 50);
INSERT INTO `communutues_users` (`community_id`, `user_id`) VALUES (96, 34);
INSERT INTO `communutues_users` (`community_id`, `user_id`) VALUES (97, 45);
INSERT INTO `communutues_users` (`community_id`, `user_id`) VALUES (98, 61);
INSERT INTO `communutues_users` (`community_id`, `user_id`) VALUES (99, 76);
INSERT INTO `communutues_users` (`community_id`, `user_id`) VALUES (100, 70);


#
# TABLE STRUCTURE FOR: friendship
#

DROP TABLE IF EXISTS `friendship`;

CREATE TABLE `friendship` (
  `user_id` int(10) unsigned NOT NULL,
  `friend_id` int(10) unsigned NOT NULL,
  `status_id` int(10) unsigned NOT NULL,
  `requested_at` datetime DEFAULT current_timestamp(),
  `confirmed_at` datetime DEFAULT NULL,
  PRIMARY KEY (`user_id`,`friend_id`)
) ENGINE=InnoDB DEFAULT CHARSET=utf8 COLLATE=utf8_unicode_ci;

INSERT INTO `friendship` (`user_id`, `friend_id`, `status_id`, `requested_at`, `confirmed_at`) VALUES (1, 9, 104, '2011-08-01 05:29:00', '2010-08-13 17:38:38');
INSERT INTO `friendship` (`user_id`, `friend_id`, `status_id`, `requested_at`, `confirmed_at`) VALUES (2, 14, 107, '2010-08-03 18:48:23', '2012-02-25 00:03:13');
INSERT INTO `friendship` (`user_id`, `friend_id`, `status_id`, `requested_at`, `confirmed_at`) VALUES (2, 32, 107, '2016-02-15 03:47:47', '2018-02-17 04:06:53');
INSERT INTO `friendship` (`user_id`, `friend_id`, `status_id`, `requested_at`, `confirmed_at`) VALUES (2, 62, 104, '2011-11-26 02:27:29', '2019-02-16 19:25:02');
INSERT INTO `friendship` (`user_id`, `friend_id`, `status_id`, `requested_at`, `confirmed_at`) VALUES (3, 67, 101, '2013-08-06 13:49:46', '2011-03-31 23:13:07');
INSERT INTO `friendship` (`user_id`, `friend_id`, `status_id`, `requested_at`, `confirmed_at`) VALUES (3, 72, 104, '2012-05-23 23:07:27', '2014-03-28 05:22:47');
INSERT INTO `friendship` (`user_id`, `friend_id`, `status_id`, `requested_at`, `confirmed_at`) VALUES (4, 20, 101, '2016-04-03 22:51:56', '2017-06-18 21:33:07');
INSERT INTO `friendship` (`user_id`, `friend_id`, `status_id`, `requested_at`, `confirmed_at`) VALUES (6, 56, 101, '2016-09-28 15:50:01', '2014-12-21 15:31:29');
INSERT INTO `friendship` (`user_id`, `friend_id`, `status_id`, `requested_at`, `confirmed_at`) VALUES (6, 92, 107, '2014-08-06 11:29:01', '2016-05-14 00:10:21');
INSERT INTO `friendship` (`user_id`, `friend_id`, `status_id`, `requested_at`, `confirmed_at`) VALUES (7, 28, 104, '2014-11-06 21:36:24', '2020-03-06 22:51:31');
INSERT INTO `friendship` (`user_id`, `friend_id`, `status_id`, `requested_at`, `confirmed_at`) VALUES (7, 63, 104, '2012-02-10 00:14:30', '2015-08-29 15:21:44');
INSERT INTO `friendship` (`user_id`, `friend_id`, `status_id`, `requested_at`, `confirmed_at`) VALUES (8, 9, 104, '2011-11-30 03:15:22', '2011-06-23 09:04:50');
INSERT INTO `friendship` (`user_id`, `friend_id`, `status_id`, `requested_at`, `confirmed_at`) VALUES (8, 19, 107, '2018-07-04 15:52:38', '2012-03-21 08:30:27');
INSERT INTO `friendship` (`user_id`, `friend_id`, `status_id`, `requested_at`, `confirmed_at`) VALUES (8, 83, 104, '2013-12-13 06:00:19', '2013-11-14 02:47:24');
INSERT INTO `friendship` (`user_id`, `friend_id`, `status_id`, `requested_at`, `confirmed_at`) VALUES (11, 1, 107, '2014-11-08 00:22:20', '2012-05-04 03:14:52');
INSERT INTO `friendship` (`user_id`, `friend_id`, `status_id`, `requested_at`, `confirmed_at`) VALUES (11, 55, 107, '2017-06-18 08:59:37', '2013-04-13 10:55:13');
INSERT INTO `friendship` (`user_id`, `friend_id`, `status_id`, `requested_at`, `confirmed_at`) VALUES (11, 91, 107, '2013-09-21 14:45:22', '2010-09-22 09:17:26');
INSERT INTO `friendship` (`user_id`, `friend_id`, `status_id`, `requested_at`, `confirmed_at`) VALUES (12, 38, 104, '2018-06-02 20:09:13', '2011-04-11 07:44:27');
INSERT INTO `friendship` (`user_id`, `friend_id`, `status_id`, `requested_at`, `confirmed_at`) VALUES (12, 74, 107, '2017-10-09 16:29:16', '2011-05-27 23:35:30');
INSERT INTO `friendship` (`user_id`, `friend_id`, `status_id`, `requested_at`, `confirmed_at`) VALUES (13, 75, 101, '2017-11-19 04:52:18', '2013-08-27 06:50:17');
INSERT INTO `friendship` (`user_id`, `friend_id`, `status_id`, `requested_at`, `confirmed_at`) VALUES (14, 17, 101, '2017-01-01 15:14:13', '2019-07-11 04:46:39');
INSERT INTO `friendship` (`user_id`, `friend_id`, `status_id`, `requested_at`, `confirmed_at`) VALUES (15, 5, 104, '2012-06-26 14:56:08', '2020-02-28 12:00:57');
INSERT INTO `friendship` (`user_id`, `friend_id`, `status_id`, `requested_at`, `confirmed_at`) VALUES (16, 83, 104, '2017-09-11 08:53:11', '2014-05-05 00:10:46');
INSERT INTO `friendship` (`user_id`, `friend_id`, `status_id`, `requested_at`, `confirmed_at`) VALUES (17, 75, 104, '2020-01-24 05:07:27', '2011-02-06 13:04:56');
INSERT INTO `friendship` (`user_id`, `friend_id`, `status_id`, `requested_at`, `confirmed_at`) VALUES (19, 87, 107, '2010-06-14 13:48:37', '2017-08-18 03:46:13');
INSERT INTO `friendship` (`user_id`, `friend_id`, `status_id`, `requested_at`, `confirmed_at`) VALUES (20, 44, 107, '2013-04-30 12:19:23', '2018-12-18 16:08:27');
INSERT INTO `friendship` (`user_id`, `friend_id`, `status_id`, `requested_at`, `confirmed_at`) VALUES (21, 61, 104, '2017-02-14 19:30:43', '2012-09-17 14:05:33');
INSERT INTO `friendship` (`user_id`, `friend_id`, `status_id`, `requested_at`, `confirmed_at`) VALUES (22, 86, 101, '2010-09-12 18:20:43', '2015-06-21 14:44:45');
INSERT INTO `friendship` (`user_id`, `friend_id`, `status_id`, `requested_at`, `confirmed_at`) VALUES (25, 19, 101, '2016-01-03 12:49:23', '2017-02-11 13:00:42');
INSERT INTO `friendship` (`user_id`, `friend_id`, `status_id`, `requested_at`, `confirmed_at`) VALUES (25, 39, 101, '2017-10-25 02:42:33', '2010-04-13 04:11:54');
INSERT INTO `friendship` (`user_id`, `friend_id`, `status_id`, `requested_at`, `confirmed_at`) VALUES (25, 82, 104, '2018-05-11 01:57:44', '2015-05-02 11:15:06');
INSERT INTO `friendship` (`user_id`, `friend_id`, `status_id`, `requested_at`, `confirmed_at`) VALUES (26, 26, 101, '2017-04-16 23:00:09', '2012-11-09 03:00:02');
INSERT INTO `friendship` (`user_id`, `friend_id`, `status_id`, `requested_at`, `confirmed_at`) VALUES (26, 42, 107, '2012-11-21 22:56:59', '2013-11-14 18:42:23');
INSERT INTO `friendship` (`user_id`, `friend_id`, `status_id`, `requested_at`, `confirmed_at`) VALUES (28, 56, 104, '2012-07-16 11:08:17', '2011-08-17 20:25:56');
INSERT INTO `friendship` (`user_id`, `friend_id`, `status_id`, `requested_at`, `confirmed_at`) VALUES (28, 96, 101, '2011-06-04 15:50:46', '2014-08-06 14:57:05');
INSERT INTO `friendship` (`user_id`, `friend_id`, `status_id`, `requested_at`, `confirmed_at`) VALUES (31, 12, 101, '2015-08-15 06:18:12', '2013-10-25 23:04:30');
INSERT INTO `friendship` (`user_id`, `friend_id`, `status_id`, `requested_at`, `confirmed_at`) VALUES (31, 75, 107, '2016-12-10 08:50:12', '2019-10-24 01:19:05');
INSERT INTO `friendship` (`user_id`, `friend_id`, `status_id`, `requested_at`, `confirmed_at`) VALUES (32, 95, 101, '2016-05-28 00:09:35', '2013-02-01 19:25:26');
INSERT INTO `friendship` (`user_id`, `friend_id`, `status_id`, `requested_at`, `confirmed_at`) VALUES (33, 72, 107, '2015-04-28 04:24:16', '2018-11-03 08:33:01');
INSERT INTO `friendship` (`user_id`, `friend_id`, `status_id`, `requested_at`, `confirmed_at`) VALUES (33, 95, 101, '2010-05-23 22:39:55', '2019-03-01 23:53:51');
INSERT INTO `friendship` (`user_id`, `friend_id`, `status_id`, `requested_at`, `confirmed_at`) VALUES (35, 99, 101, '2010-07-20 12:20:45', '2016-09-30 23:35:17');
INSERT INTO `friendship` (`user_id`, `friend_id`, `status_id`, `requested_at`, `confirmed_at`) VALUES (36, 58, 104, '2013-12-09 00:59:59', '2019-03-02 00:57:13');
INSERT INTO `friendship` (`user_id`, `friend_id`, `status_id`, `requested_at`, `confirmed_at`) VALUES (38, 51, 107, '2016-06-21 03:57:01', '2010-06-08 11:51:01');
INSERT INTO `friendship` (`user_id`, `friend_id`, `status_id`, `requested_at`, `confirmed_at`) VALUES (39, 25, 101, '2013-04-08 13:53:07', '2011-07-20 21:58:20');
INSERT INTO `friendship` (`user_id`, `friend_id`, `status_id`, `requested_at`, `confirmed_at`) VALUES (39, 72, 104, '2012-12-28 06:49:03', '2017-01-06 06:16:13');
INSERT INTO `friendship` (`user_id`, `friend_id`, `status_id`, `requested_at`, `confirmed_at`) VALUES (40, 75, 101, '2017-12-01 15:25:33', '2018-06-24 00:12:25');
INSERT INTO `friendship` (`user_id`, `friend_id`, `status_id`, `requested_at`, `confirmed_at`) VALUES (42, 51, 104, '2014-01-15 06:29:41', '2011-01-25 09:28:57');
INSERT INTO `friendship` (`user_id`, `friend_id`, `status_id`, `requested_at`, `confirmed_at`) VALUES (42, 61, 101, '2010-05-13 22:11:42', '2014-12-25 00:13:33');
INSERT INTO `friendship` (`user_id`, `friend_id`, `status_id`, `requested_at`, `confirmed_at`) VALUES (43, 16, 101, '2010-09-25 04:49:46', '2013-08-27 17:08:28');
INSERT INTO `friendship` (`user_id`, `friend_id`, `status_id`, `requested_at`, `confirmed_at`) VALUES (45, 52, 104, '2015-07-01 17:46:39', '2018-05-22 19:42:13');
INSERT INTO `friendship` (`user_id`, `friend_id`, `status_id`, `requested_at`, `confirmed_at`) VALUES (45, 84, 104, '2017-06-09 00:26:16', '2011-02-14 17:13:01');
INSERT INTO `friendship` (`user_id`, `friend_id`, `status_id`, `requested_at`, `confirmed_at`) VALUES (47, 13, 107, '2015-03-07 02:09:07', '2019-02-24 08:33:29');
INSERT INTO `friendship` (`user_id`, `friend_id`, `status_id`, `requested_at`, `confirmed_at`) VALUES (47, 25, 101, '2018-11-28 21:28:15', '2019-01-08 18:15:21');
INSERT INTO `friendship` (`user_id`, `friend_id`, `status_id`, `requested_at`, `confirmed_at`) VALUES (47, 39, 104, '2019-09-12 16:07:38', '2010-05-27 23:30:22');
INSERT INTO `friendship` (`user_id`, `friend_id`, `status_id`, `requested_at`, `confirmed_at`) VALUES (48, 68, 107, '2012-04-26 05:58:16', '2019-12-18 03:51:23');
INSERT INTO `friendship` (`user_id`, `friend_id`, `status_id`, `requested_at`, `confirmed_at`) VALUES (49, 23, 101, '2017-09-04 22:21:41', '2017-04-10 01:16:36');
INSERT INTO `friendship` (`user_id`, `friend_id`, `status_id`, `requested_at`, `confirmed_at`) VALUES (50, 42, 107, '2010-12-03 03:14:37', '2015-03-08 10:51:45');
INSERT INTO `friendship` (`user_id`, `friend_id`, `status_id`, `requested_at`, `confirmed_at`) VALUES (52, 34, 107, '2018-01-16 10:05:25', '2017-06-24 17:50:22');
INSERT INTO `friendship` (`user_id`, `friend_id`, `status_id`, `requested_at`, `confirmed_at`) VALUES (53, 5, 104, '2011-07-12 09:52:37', '2017-01-23 04:08:10');
INSERT INTO `friendship` (`user_id`, `friend_id`, `status_id`, `requested_at`, `confirmed_at`) VALUES (54, 46, 101, '2014-09-09 18:19:09', '2011-11-29 08:44:18');
INSERT INTO `friendship` (`user_id`, `friend_id`, `status_id`, `requested_at`, `confirmed_at`) VALUES (55, 14, 104, '2010-10-15 16:12:37', '2011-01-12 02:09:33');
INSERT INTO `friendship` (`user_id`, `friend_id`, `status_id`, `requested_at`, `confirmed_at`) VALUES (55, 64, 107, '2020-01-28 09:01:07', '2012-04-24 11:11:40');
INSERT INTO `friendship` (`user_id`, `friend_id`, `status_id`, `requested_at`, `confirmed_at`) VALUES (55, 81, 104, '2015-07-21 20:33:34', '2015-03-10 06:37:26');
INSERT INTO `friendship` (`user_id`, `friend_id`, `status_id`, `requested_at`, `confirmed_at`) VALUES (56, 46, 107, '2018-09-04 20:01:56', '2014-08-17 02:07:23');
INSERT INTO `friendship` (`user_id`, `friend_id`, `status_id`, `requested_at`, `confirmed_at`) VALUES (57, 1, 107, '2013-11-20 14:05:36', '2015-06-22 22:04:33');
INSERT INTO `friendship` (`user_id`, `friend_id`, `status_id`, `requested_at`, `confirmed_at`) VALUES (57, 63, 107, '2016-09-26 02:18:16', '2015-07-18 02:18:34');
INSERT INTO `friendship` (`user_id`, `friend_id`, `status_id`, `requested_at`, `confirmed_at`) VALUES (58, 29, 107, '2012-01-12 04:58:15', '2012-05-16 02:51:32');
INSERT INTO `friendship` (`user_id`, `friend_id`, `status_id`, `requested_at`, `confirmed_at`) VALUES (58, 32, 101, '2013-01-01 01:15:34', '2010-04-01 19:58:20');
INSERT INTO `friendship` (`user_id`, `friend_id`, `status_id`, `requested_at`, `confirmed_at`) VALUES (58, 100, 101, '2017-01-23 01:07:31', '2015-01-04 04:10:15');
INSERT INTO `friendship` (`user_id`, `friend_id`, `status_id`, `requested_at`, `confirmed_at`) VALUES (60, 29, 107, '2016-06-18 07:42:00', '2012-06-17 14:45:23');
INSERT INTO `friendship` (`user_id`, `friend_id`, `status_id`, `requested_at`, `confirmed_at`) VALUES (61, 48, 107, '2019-05-24 18:23:54', '2016-07-06 05:45:43');
INSERT INTO `friendship` (`user_id`, `friend_id`, `status_id`, `requested_at`, `confirmed_at`) VALUES (66, 25, 104, '2014-05-24 12:31:11', '2012-04-16 01:54:16');
INSERT INTO `friendship` (`user_id`, `friend_id`, `status_id`, `requested_at`, `confirmed_at`) VALUES (69, 40, 107, '2012-07-06 21:06:52', '2019-07-15 07:27:21');
INSERT INTO `friendship` (`user_id`, `friend_id`, `status_id`, `requested_at`, `confirmed_at`) VALUES (69, 99, 104, '2012-01-23 08:14:49', '2016-12-05 12:16:40');
INSERT INTO `friendship` (`user_id`, `friend_id`, `status_id`, `requested_at`, `confirmed_at`) VALUES (70, 88, 101, '2015-06-09 05:12:57', '2015-04-24 04:41:43');
INSERT INTO `friendship` (`user_id`, `friend_id`, `status_id`, `requested_at`, `confirmed_at`) VALUES (74, 24, 107, '2019-11-06 14:34:27', '2017-07-30 01:53:56');
INSERT INTO `friendship` (`user_id`, `friend_id`, `status_id`, `requested_at`, `confirmed_at`) VALUES (75, 89, 101, '2011-09-12 20:59:03', '2017-09-30 07:30:39');
INSERT INTO `friendship` (`user_id`, `friend_id`, `status_id`, `requested_at`, `confirmed_at`) VALUES (75, 98, 101, '2017-10-14 16:05:04', '2018-05-20 02:30:05');
INSERT INTO `friendship` (`user_id`, `friend_id`, `status_id`, `requested_at`, `confirmed_at`) VALUES (76, 27, 104, '2015-01-13 20:47:42', '2013-01-05 18:25:33');
INSERT INTO `friendship` (`user_id`, `friend_id`, `status_id`, `requested_at`, `confirmed_at`) VALUES (76, 35, 101, '2011-03-10 06:39:43', '2013-02-04 18:22:31');
INSERT INTO `friendship` (`user_id`, `friend_id`, `status_id`, `requested_at`, `confirmed_at`) VALUES (76, 95, 101, '2011-05-05 03:57:49', '2014-07-04 20:15:19');
INSERT INTO `friendship` (`user_id`, `friend_id`, `status_id`, `requested_at`, `confirmed_at`) VALUES (77, 80, 104, '2017-07-29 15:28:11', '2012-01-07 08:00:07');
INSERT INTO `friendship` (`user_id`, `friend_id`, `status_id`, `requested_at`, `confirmed_at`) VALUES (80, 6, 104, '2011-07-06 04:56:05', '2012-06-20 14:49:35');
INSERT INTO `friendship` (`user_id`, `friend_id`, `status_id`, `requested_at`, `confirmed_at`) VALUES (80, 20, 107, '2013-11-14 01:34:45', '2017-07-20 05:21:21');
INSERT INTO `friendship` (`user_id`, `friend_id`, `status_id`, `requested_at`, `confirmed_at`) VALUES (80, 79, 101, '2019-02-18 17:52:39', '2016-10-11 10:20:15');
INSERT INTO `friendship` (`user_id`, `friend_id`, `status_id`, `requested_at`, `confirmed_at`) VALUES (81, 24, 107, '2012-07-27 01:39:18', '2013-03-14 13:16:59');
INSERT INTO `friendship` (`user_id`, `friend_id`, `status_id`, `requested_at`, `confirmed_at`) VALUES (81, 68, 104, '2012-06-06 15:12:20', '2019-02-26 13:06:33');
INSERT INTO `friendship` (`user_id`, `friend_id`, `status_id`, `requested_at`, `confirmed_at`) VALUES (82, 64, 104, '2010-10-05 21:06:37', '2017-08-30 11:49:33');
INSERT INTO `friendship` (`user_id`, `friend_id`, `status_id`, `requested_at`, `confirmed_at`) VALUES (83, 59, 104, '2015-04-21 14:33:44', '2012-11-02 02:41:40');
INSERT INTO `friendship` (`user_id`, `friend_id`, `status_id`, `requested_at`, `confirmed_at`) VALUES (85, 75, 101, '2013-01-28 18:51:19', '2011-12-14 20:55:05');
INSERT INTO `friendship` (`user_id`, `friend_id`, `status_id`, `requested_at`, `confirmed_at`) VALUES (86, 53, 101, '2020-03-21 06:56:12', '2014-11-01 02:12:52');
INSERT INTO `friendship` (`user_id`, `friend_id`, `status_id`, `requested_at`, `confirmed_at`) VALUES (87, 55, 101, '2011-02-27 18:55:52', '2019-02-14 04:45:35');
INSERT INTO `friendship` (`user_id`, `friend_id`, `status_id`, `requested_at`, `confirmed_at`) VALUES (87, 86, 104, '2010-05-11 21:44:49', '2017-09-04 00:50:31');
INSERT INTO `friendship` (`user_id`, `friend_id`, `status_id`, `requested_at`, `confirmed_at`) VALUES (92, 65, 107, '2016-09-25 14:41:01', '2018-11-06 18:50:55');
INSERT INTO `friendship` (`user_id`, `friend_id`, `status_id`, `requested_at`, `confirmed_at`) VALUES (93, 55, 107, '2013-10-23 21:28:44', '2010-07-01 18:57:19');
INSERT INTO `friendship` (`user_id`, `friend_id`, `status_id`, `requested_at`, `confirmed_at`) VALUES (93, 69, 107, '2016-12-20 10:29:18', '2019-09-18 16:50:29');
INSERT INTO `friendship` (`user_id`, `friend_id`, `status_id`, `requested_at`, `confirmed_at`) VALUES (94, 100, 107, '2012-12-14 07:49:55', '2016-10-19 22:45:11');
INSERT INTO `friendship` (`user_id`, `friend_id`, `status_id`, `requested_at`, `confirmed_at`) VALUES (96, 64, 104, '2014-12-03 08:40:50', '2013-10-08 04:34:20');
INSERT INTO `friendship` (`user_id`, `friend_id`, `status_id`, `requested_at`, `confirmed_at`) VALUES (97, 94, 101, '2013-10-06 19:01:33', '2012-02-15 04:49:09');


#
# TABLE STRUCTURE FOR: friendship_statuses
#

DROP TABLE IF EXISTS `friendship_statuses`;

CREATE TABLE `friendship_statuses` (
  `id` int(10) unsigned NOT NULL AUTO_INCREMENT,
  `name` varchar(150) COLLATE utf8_unicode_ci NOT NULL,
  PRIMARY KEY (`id`),
  UNIQUE KEY `name` (`name`)
) ENGINE=InnoDB AUTO_INCREMENT=201 DEFAULT CHARSET=utf8 COLLATE=utf8_unicode_ci;

INSERT INTO `friendship_statuses` (`id`, `name`) VALUES (104, ' acc');
INSERT INTO `friendship_statuses` (`id`, `name`) VALUES (101, ' rej');
INSERT INTO `friendship_statuses` (`id`, `name`) VALUES (107, 'req');


#
# TABLE STRUCTURE FOR: media
#

DROP TABLE IF EXISTS `media`;

CREATE TABLE `media` (
  `id` int(10) unsigned NOT NULL AUTO_INCREMENT,
  `media_type_id` int(10) unsigned NOT NULL,
  `user_id` int(10) unsigned NOT NULL,
  `file_path` varchar(255) COLLATE utf8_unicode_ci NOT NULL,
  `size` int(11) NOT NULL,
  `metadata` longtext CHARACTER SET utf8mb4 COLLATE utf8mb4_bin DEFAULT NULL,
  `created_at` datetime DEFAULT current_timestamp(),
  `update_at` datetime DEFAULT current_timestamp() ON UPDATE current_timestamp(),
  PRIMARY KEY (`id`)
) ENGINE=InnoDB AUTO_INCREMENT=101 DEFAULT CHARSET=utf8 COLLATE=utf8_unicode_ci;

INSERT INTO `media` (`id`, `media_type_id`, `user_id`, `file_path`, `size`, `metadata`, `created_at`, `update_at`) VALUES (1, 101, 1, 'http://mraz.biz/', 2188, 'in', '2018-09-12 14:21:26', '2013-01-15 04:55:14');
INSERT INTO `media` (`id`, `media_type_id`, `user_id`, `file_path`, `size`, `metadata`, `created_at`, `update_at`) VALUES (2, 102, 2, 'http://www.armstrongcartwright.com/', 3911, 'inventore', '2019-07-04 14:44:02', '2012-12-28 12:35:04');
INSERT INTO `media` (`id`, `media_type_id`, `user_id`, `file_path`, `size`, `metadata`, `created_at`, `update_at`) VALUES (3, 104, 3, 'http://renner.com/', 1361, 'dolor', '2019-04-18 06:13:43', '2016-10-27 17:59:38');
INSERT INTO `media` (`id`, `media_type_id`, `user_id`, `file_path`, `size`, `metadata`, `created_at`, `update_at`) VALUES (4, 101, 4, 'http://klockotromp.net/', 2706, 'nam', '2019-10-15 22:12:36', '2014-06-02 23:36:10');
INSERT INTO `media` (`id`, `media_type_id`, `user_id`, `file_path`, `size`, `metadata`, `created_at`, `update_at`) VALUES (5, 102, 5, 'http://abernathypouros.com/', 3255, 'et', '2017-09-18 17:05:37', '2019-05-29 09:04:10');
INSERT INTO `media` (`id`, `media_type_id`, `user_id`, `file_path`, `size`, `metadata`, `created_at`, `update_at`) VALUES (6, 104, 6, 'http://www.collins.com/', 4524, 'tempore', '2015-10-15 08:18:50', '2015-03-04 17:13:41');
INSERT INTO `media` (`id`, `media_type_id`, `user_id`, `file_path`, `size`, `metadata`, `created_at`, `update_at`) VALUES (7, 101, 7, 'http://www.schmidt.com/', 1834, 'et', '2014-09-09 01:15:45', '2016-05-06 19:35:51');
INSERT INTO `media` (`id`, `media_type_id`, `user_id`, `file_path`, `size`, `metadata`, `created_at`, `update_at`) VALUES (8, 102, 8, 'http://www.abernathy.info/', 3844, 'totam', '2013-12-06 19:53:06', '2015-06-15 13:48:59');
INSERT INTO `media` (`id`, `media_type_id`, `user_id`, `file_path`, `size`, `metadata`, `created_at`, `update_at`) VALUES (9, 104, 9, 'http://nader.com/', 1861, 'recusandae', '2012-10-09 21:05:16', '2015-12-24 21:14:14');
INSERT INTO `media` (`id`, `media_type_id`, `user_id`, `file_path`, `size`, `metadata`, `created_at`, `update_at`) VALUES (10, 101, 10, 'http://roob.net/', 4507, 'expedita', '2019-03-21 10:32:41', '2010-09-03 12:55:04');
INSERT INTO `media` (`id`, `media_type_id`, `user_id`, `file_path`, `size`, `metadata`, `created_at`, `update_at`) VALUES (11, 102, 11, 'http://www.reichel.info/', 3296, 'commodi', '2011-10-20 03:23:43', '2013-12-17 21:26:19');
INSERT INTO `media` (`id`, `media_type_id`, `user_id`, `file_path`, `size`, `metadata`, `created_at`, `update_at`) VALUES (12, 104, 12, 'http://www.mertz.org/', 3003, 'porro', '2012-07-13 21:04:52', '2018-06-19 07:00:48');
INSERT INTO `media` (`id`, `media_type_id`, `user_id`, `file_path`, `size`, `metadata`, `created_at`, `update_at`) VALUES (13, 101, 13, 'http://stracke.biz/', 3912, 'ut', '2011-04-29 06:43:30', '2018-11-23 14:49:50');
INSERT INTO `media` (`id`, `media_type_id`, `user_id`, `file_path`, `size`, `metadata`, `created_at`, `update_at`) VALUES (14, 102, 14, 'http://www.collinsdickens.com/', 3404, 'iure', '2016-06-25 04:06:15', '2010-06-23 05:28:08');
INSERT INTO `media` (`id`, `media_type_id`, `user_id`, `file_path`, `size`, `metadata`, `created_at`, `update_at`) VALUES (15, 104, 15, 'http://wunsch.org/', 3638, 'totam', '2017-02-07 14:26:33', '2016-01-29 23:11:11');
INSERT INTO `media` (`id`, `media_type_id`, `user_id`, `file_path`, `size`, `metadata`, `created_at`, `update_at`) VALUES (16, 101, 16, 'http://www.creminmorar.info/', 4847, 'omnis', '2017-10-02 01:59:36', '2018-08-07 08:20:11');
INSERT INTO `media` (`id`, `media_type_id`, `user_id`, `file_path`, `size`, `metadata`, `created_at`, `update_at`) VALUES (17, 102, 17, 'http://armstrong.com/', 3313, 'corrupti', '2019-02-11 09:13:12', '2014-09-27 09:48:51');
INSERT INTO `media` (`id`, `media_type_id`, `user_id`, `file_path`, `size`, `metadata`, `created_at`, `update_at`) VALUES (18, 104, 18, 'http://www.townekeeling.com/', 3005, 'doloremque', '2018-10-17 16:26:49', '2016-08-23 09:58:48');
INSERT INTO `media` (`id`, `media_type_id`, `user_id`, `file_path`, `size`, `metadata`, `created_at`, `update_at`) VALUES (19, 101, 19, 'http://huel.info/', 1574, 'expedita', '2018-09-08 17:44:11', '2019-07-07 15:14:17');
INSERT INTO `media` (`id`, `media_type_id`, `user_id`, `file_path`, `size`, `metadata`, `created_at`, `update_at`) VALUES (20, 102, 20, 'http://schmittmoore.net/', 1451, 'aut', '2016-08-04 14:54:39', '2014-05-09 14:33:36');
INSERT INTO `media` (`id`, `media_type_id`, `user_id`, `file_path`, `size`, `metadata`, `created_at`, `update_at`) VALUES (21, 104, 21, 'http://www.reichel.net/', 4735, 'debitis', '2017-05-19 17:14:06', '2014-06-28 00:56:50');
INSERT INTO `media` (`id`, `media_type_id`, `user_id`, `file_path`, `size`, `metadata`, `created_at`, `update_at`) VALUES (22, 101, 22, 'http://feest.net/', 2081, 'inventore', '2012-05-18 16:37:03', '2013-01-01 05:40:26');
INSERT INTO `media` (`id`, `media_type_id`, `user_id`, `file_path`, `size`, `metadata`, `created_at`, `update_at`) VALUES (23, 102, 23, 'http://www.kozey.info/', 2255, 'eum', '2016-02-17 00:58:53', '2011-05-25 11:56:14');
INSERT INTO `media` (`id`, `media_type_id`, `user_id`, `file_path`, `size`, `metadata`, `created_at`, `update_at`) VALUES (24, 104, 24, 'http://mayerbogan.com/', 3487, 'ipsa', '2015-05-03 05:13:48', '2020-03-07 09:46:35');
INSERT INTO `media` (`id`, `media_type_id`, `user_id`, `file_path`, `size`, `metadata`, `created_at`, `update_at`) VALUES (25, 101, 25, 'http://www.dickens.com/', 4467, 'rerum', '2011-04-02 06:22:51', '2013-07-14 23:32:02');
INSERT INTO `media` (`id`, `media_type_id`, `user_id`, `file_path`, `size`, `metadata`, `created_at`, `update_at`) VALUES (26, 102, 26, 'http://www.marvinquitzon.com/', 4689, 'labore', '2013-06-10 02:41:21', '2013-08-17 16:07:57');
INSERT INTO `media` (`id`, `media_type_id`, `user_id`, `file_path`, `size`, `metadata`, `created_at`, `update_at`) VALUES (27, 104, 27, 'http://ullrichbailey.com/', 2120, 'consequuntur', '2017-06-10 08:37:44', '2018-02-14 03:33:52');
INSERT INTO `media` (`id`, `media_type_id`, `user_id`, `file_path`, `size`, `metadata`, `created_at`, `update_at`) VALUES (28, 101, 28, 'http://parker.biz/', 4576, 'voluptas', '2017-10-16 15:04:08', '2019-11-08 08:43:18');
INSERT INTO `media` (`id`, `media_type_id`, `user_id`, `file_path`, `size`, `metadata`, `created_at`, `update_at`) VALUES (29, 102, 29, 'http://www.witting.com/', 1620, 'molestias', '2018-02-18 20:59:01', '2017-10-02 02:05:27');
INSERT INTO `media` (`id`, `media_type_id`, `user_id`, `file_path`, `size`, `metadata`, `created_at`, `update_at`) VALUES (30, 104, 30, 'http://spinka.com/', 3193, 'natus', '2011-02-12 16:06:35', '2017-02-28 05:51:07');
INSERT INTO `media` (`id`, `media_type_id`, `user_id`, `file_path`, `size`, `metadata`, `created_at`, `update_at`) VALUES (31, 101, 31, 'http://www.goyette.com/', 1959, 'et', '2019-01-16 13:05:34', '2016-09-02 09:07:51');
INSERT INTO `media` (`id`, `media_type_id`, `user_id`, `file_path`, `size`, `metadata`, `created_at`, `update_at`) VALUES (32, 102, 32, 'http://johnson.com/', 4062, 'et', '2018-05-12 20:26:13', '2010-08-18 13:36:42');
INSERT INTO `media` (`id`, `media_type_id`, `user_id`, `file_path`, `size`, `metadata`, `created_at`, `update_at`) VALUES (33, 104, 33, 'http://leffler.biz/', 1691, 'tenetur', '2012-07-15 01:48:33', '2013-01-16 16:57:04');
INSERT INTO `media` (`id`, `media_type_id`, `user_id`, `file_path`, `size`, `metadata`, `created_at`, `update_at`) VALUES (34, 101, 34, 'http://www.weimannwalsh.com/', 4963, 'exercitationem', '2014-08-28 23:31:02', '2016-11-27 08:58:32');
INSERT INTO `media` (`id`, `media_type_id`, `user_id`, `file_path`, `size`, `metadata`, `created_at`, `update_at`) VALUES (35, 102, 35, 'http://considine.com/', 2986, 'earum', '2012-10-07 03:52:29', '2019-09-24 09:47:49');
INSERT INTO `media` (`id`, `media_type_id`, `user_id`, `file_path`, `size`, `metadata`, `created_at`, `update_at`) VALUES (36, 104, 36, 'http://osinski.org/', 2916, 'consequatur', '2020-01-29 05:10:53', '2011-05-13 18:08:49');
INSERT INTO `media` (`id`, `media_type_id`, `user_id`, `file_path`, `size`, `metadata`, `created_at`, `update_at`) VALUES (37, 101, 37, 'http://www.abbott.com/', 2562, 'rerum', '2016-04-27 03:53:23', '2015-11-23 07:41:32');
INSERT INTO `media` (`id`, `media_type_id`, `user_id`, `file_path`, `size`, `metadata`, `created_at`, `update_at`) VALUES (38, 102, 38, 'http://ebert.com/', 4662, 'et', '2011-12-01 19:20:27', '2011-07-28 00:08:06');
INSERT INTO `media` (`id`, `media_type_id`, `user_id`, `file_path`, `size`, `metadata`, `created_at`, `update_at`) VALUES (39, 104, 39, 'http://www.predovic.net/', 1890, 'qui', '2014-07-23 00:51:01', '2017-03-05 05:39:54');
INSERT INTO `media` (`id`, `media_type_id`, `user_id`, `file_path`, `size`, `metadata`, `created_at`, `update_at`) VALUES (40, 101, 40, 'http://www.schaeferswaniawski.com/', 1872, 'dignissimos', '2012-08-14 18:52:41', '2016-12-24 11:16:29');
INSERT INTO `media` (`id`, `media_type_id`, `user_id`, `file_path`, `size`, `metadata`, `created_at`, `update_at`) VALUES (41, 102, 41, 'http://parkerledner.com/', 2549, 'dolor', '2018-04-27 09:25:33', '2013-07-02 11:57:41');
INSERT INTO `media` (`id`, `media_type_id`, `user_id`, `file_path`, `size`, `metadata`, `created_at`, `update_at`) VALUES (42, 104, 42, 'http://ruecker.com/', 2827, 'voluptas', '2013-01-16 01:32:34', '2019-08-24 06:05:47');
INSERT INTO `media` (`id`, `media_type_id`, `user_id`, `file_path`, `size`, `metadata`, `created_at`, `update_at`) VALUES (43, 101, 43, 'http://www.carroll.com/', 4044, 'dolorem', '2018-01-03 18:36:22', '2015-06-17 05:53:18');
INSERT INTO `media` (`id`, `media_type_id`, `user_id`, `file_path`, `size`, `metadata`, `created_at`, `update_at`) VALUES (44, 102, 44, 'http://boyle.com/', 4873, 'autem', '2018-04-02 12:42:54', '2016-10-05 18:23:36');
INSERT INTO `media` (`id`, `media_type_id`, `user_id`, `file_path`, `size`, `metadata`, `created_at`, `update_at`) VALUES (45, 104, 45, 'http://rohan.com/', 4007, 'modi', '2017-01-15 21:50:27', '2015-10-07 17:34:13');
INSERT INTO `media` (`id`, `media_type_id`, `user_id`, `file_path`, `size`, `metadata`, `created_at`, `update_at`) VALUES (46, 101, 46, 'http://gaylordthiel.info/', 1804, 'debitis', '2015-07-26 05:32:34', '2017-08-15 05:24:36');
INSERT INTO `media` (`id`, `media_type_id`, `user_id`, `file_path`, `size`, `metadata`, `created_at`, `update_at`) VALUES (47, 102, 47, 'http://hoppejohnson.com/', 3839, 'non', '2013-09-27 11:00:23', '2012-11-23 07:10:46');
INSERT INTO `media` (`id`, `media_type_id`, `user_id`, `file_path`, `size`, `metadata`, `created_at`, `update_at`) VALUES (48, 104, 48, 'http://stanton.com/', 2651, 'incidunt', '2012-12-07 12:17:11', '2018-09-06 16:33:46');
INSERT INTO `media` (`id`, `media_type_id`, `user_id`, `file_path`, `size`, `metadata`, `created_at`, `update_at`) VALUES (49, 101, 49, 'http://www.brekketowne.com/', 3795, 'sit', '2017-04-15 22:24:02', '2019-07-19 14:27:26');
INSERT INTO `media` (`id`, `media_type_id`, `user_id`, `file_path`, `size`, `metadata`, `created_at`, `update_at`) VALUES (50, 102, 50, 'http://kuhicpouros.info/', 2864, 'aut', '2016-02-13 08:54:02', '2020-03-10 15:10:07');
INSERT INTO `media` (`id`, `media_type_id`, `user_id`, `file_path`, `size`, `metadata`, `created_at`, `update_at`) VALUES (51, 104, 51, 'http://gislasonbeatty.net/', 1136, 'consequuntur', '2012-02-18 05:56:47', '2015-07-11 14:06:39');
INSERT INTO `media` (`id`, `media_type_id`, `user_id`, `file_path`, `size`, `metadata`, `created_at`, `update_at`) VALUES (52, 101, 52, 'http://langosh.com/', 3092, 'velit', '2017-04-08 00:56:48', '2019-02-16 06:27:56');
INSERT INTO `media` (`id`, `media_type_id`, `user_id`, `file_path`, `size`, `metadata`, `created_at`, `update_at`) VALUES (53, 102, 53, 'http://murphy.info/', 1604, 'quasi', '2019-02-03 00:59:06', '2018-04-21 03:32:30');
INSERT INTO `media` (`id`, `media_type_id`, `user_id`, `file_path`, `size`, `metadata`, `created_at`, `update_at`) VALUES (54, 104, 54, 'http://konopelski.com/', 4673, 'est', '2015-11-15 20:11:33', '2012-06-26 14:04:50');
INSERT INTO `media` (`id`, `media_type_id`, `user_id`, `file_path`, `size`, `metadata`, `created_at`, `update_at`) VALUES (55, 101, 55, 'http://becker.biz/', 4349, 'quia', '2018-09-27 13:26:19', '2015-01-24 15:16:33');
INSERT INTO `media` (`id`, `media_type_id`, `user_id`, `file_path`, `size`, `metadata`, `created_at`, `update_at`) VALUES (56, 102, 56, 'http://lemke.com/', 1431, 'doloremque', '2012-02-23 03:30:34', '2011-01-21 16:42:25');
INSERT INTO `media` (`id`, `media_type_id`, `user_id`, `file_path`, `size`, `metadata`, `created_at`, `update_at`) VALUES (57, 104, 57, 'http://www.hauck.com/', 4254, 'cupiditate', '2016-06-18 22:28:45', '2014-08-18 09:03:31');
INSERT INTO `media` (`id`, `media_type_id`, `user_id`, `file_path`, `size`, `metadata`, `created_at`, `update_at`) VALUES (58, 101, 58, 'http://koss.com/', 2274, 'deserunt', '2019-03-10 21:24:35', '2020-01-06 02:47:19');
INSERT INTO `media` (`id`, `media_type_id`, `user_id`, `file_path`, `size`, `metadata`, `created_at`, `update_at`) VALUES (59, 102, 59, 'http://hagenes.com/', 2396, 'molestiae', '2015-07-18 19:13:19', '2017-10-20 09:34:14');
INSERT INTO `media` (`id`, `media_type_id`, `user_id`, `file_path`, `size`, `metadata`, `created_at`, `update_at`) VALUES (60, 104, 60, 'http://www.sporerrobel.info/', 3446, 'et', '2018-05-29 14:49:18', '2010-05-09 00:34:31');
INSERT INTO `media` (`id`, `media_type_id`, `user_id`, `file_path`, `size`, `metadata`, `created_at`, `update_at`) VALUES (61, 101, 61, 'http://www.hansen.com/', 1764, 'quos', '2019-08-01 05:31:55', '2010-08-25 06:32:39');
INSERT INTO `media` (`id`, `media_type_id`, `user_id`, `file_path`, `size`, `metadata`, `created_at`, `update_at`) VALUES (62, 102, 62, 'http://www.voncrist.com/', 2906, 'necessitatibus', '2013-07-09 03:52:37', '2011-11-12 12:07:47');
INSERT INTO `media` (`id`, `media_type_id`, `user_id`, `file_path`, `size`, `metadata`, `created_at`, `update_at`) VALUES (63, 104, 63, 'http://hillsnienow.biz/', 2540, 'neque', '2020-02-21 18:36:36', '2018-07-12 22:30:57');
INSERT INTO `media` (`id`, `media_type_id`, `user_id`, `file_path`, `size`, `metadata`, `created_at`, `update_at`) VALUES (64, 101, 64, 'http://beahan.biz/', 1809, 'voluptas', '2013-06-09 19:37:29', '2012-08-18 14:20:16');
INSERT INTO `media` (`id`, `media_type_id`, `user_id`, `file_path`, `size`, `metadata`, `created_at`, `update_at`) VALUES (65, 102, 65, 'http://www.mayer.com/', 2927, 'quidem', '2010-08-10 16:40:12', '2019-05-31 20:31:58');
INSERT INTO `media` (`id`, `media_type_id`, `user_id`, `file_path`, `size`, `metadata`, `created_at`, `update_at`) VALUES (66, 104, 66, 'http://www.eichmann.org/', 3745, 'ut', '2020-02-01 10:15:42', '2015-11-23 00:15:19');
INSERT INTO `media` (`id`, `media_type_id`, `user_id`, `file_path`, `size`, `metadata`, `created_at`, `update_at`) VALUES (67, 101, 67, 'http://www.towne.com/', 4592, 'quae', '2013-11-15 21:46:58', '2019-04-18 14:24:45');
INSERT INTO `media` (`id`, `media_type_id`, `user_id`, `file_path`, `size`, `metadata`, `created_at`, `update_at`) VALUES (68, 102, 68, 'http://www.terry.net/', 4380, 'veniam', '2012-09-12 02:11:27', '2016-12-17 13:30:36');
INSERT INTO `media` (`id`, `media_type_id`, `user_id`, `file_path`, `size`, `metadata`, `created_at`, `update_at`) VALUES (69, 104, 69, 'http://www.jenkins.net/', 2547, 'magnam', '2018-01-23 21:50:30', '2014-05-19 17:38:13');
INSERT INTO `media` (`id`, `media_type_id`, `user_id`, `file_path`, `size`, `metadata`, `created_at`, `update_at`) VALUES (70, 101, 70, 'http://strosin.com/', 4578, 'qui', '2019-08-24 22:21:22', '2013-07-04 06:04:01');
INSERT INTO `media` (`id`, `media_type_id`, `user_id`, `file_path`, `size`, `metadata`, `created_at`, `update_at`) VALUES (71, 102, 71, 'http://www.runte.com/', 2495, 'corporis', '2017-08-16 17:26:59', '2017-03-03 10:49:53');
INSERT INTO `media` (`id`, `media_type_id`, `user_id`, `file_path`, `size`, `metadata`, `created_at`, `update_at`) VALUES (72, 104, 72, 'http://raynor.com/', 3685, 'deserunt', '2018-11-22 20:59:22', '2012-02-08 07:49:54');
INSERT INTO `media` (`id`, `media_type_id`, `user_id`, `file_path`, `size`, `metadata`, `created_at`, `update_at`) VALUES (73, 101, 73, 'http://www.vandervort.com/', 3468, 'at', '2010-09-19 16:37:03', '2013-01-17 19:34:42');
INSERT INTO `media` (`id`, `media_type_id`, `user_id`, `file_path`, `size`, `metadata`, `created_at`, `update_at`) VALUES (74, 102, 74, 'http://rogahnjaskolski.net/', 2041, 'enim', '2011-07-28 21:05:32', '2019-03-10 19:07:14');
INSERT INTO `media` (`id`, `media_type_id`, `user_id`, `file_path`, `size`, `metadata`, `created_at`, `update_at`) VALUES (75, 104, 75, 'http://adamsroob.net/', 4151, 'debitis', '2019-02-25 14:15:05', '2013-11-08 03:52:46');
INSERT INTO `media` (`id`, `media_type_id`, `user_id`, `file_path`, `size`, `metadata`, `created_at`, `update_at`) VALUES (76, 101, 76, 'http://eichmannkemmer.com/', 4381, 'quo', '2016-07-17 12:23:35', '2016-04-26 13:08:55');
INSERT INTO `media` (`id`, `media_type_id`, `user_id`, `file_path`, `size`, `metadata`, `created_at`, `update_at`) VALUES (77, 102, 77, 'http://www.okeefe.com/', 1712, 'doloremque', '2019-01-03 08:32:52', '2020-01-14 19:02:27');
INSERT INTO `media` (`id`, `media_type_id`, `user_id`, `file_path`, `size`, `metadata`, `created_at`, `update_at`) VALUES (78, 104, 78, 'http://www.kertzmann.info/', 3778, 'neque', '2020-02-26 22:57:26', '2013-08-13 23:34:39');
INSERT INTO `media` (`id`, `media_type_id`, `user_id`, `file_path`, `size`, `metadata`, `created_at`, `update_at`) VALUES (79, 101, 79, 'http://tremblay.com/', 1076, 'qui', '2016-12-08 05:10:45', '2019-04-01 14:48:40');
INSERT INTO `media` (`id`, `media_type_id`, `user_id`, `file_path`, `size`, `metadata`, `created_at`, `update_at`) VALUES (80, 102, 80, 'http://www.greenholt.com/', 4751, 'quam', '2017-09-18 20:03:09', '2015-02-22 18:15:41');
INSERT INTO `media` (`id`, `media_type_id`, `user_id`, `file_path`, `size`, `metadata`, `created_at`, `update_at`) VALUES (81, 104, 81, 'http://lehner.net/', 3899, 'qui', '2016-09-08 11:32:16', '2013-02-10 00:14:13');
INSERT INTO `media` (`id`, `media_type_id`, `user_id`, `file_path`, `size`, `metadata`, `created_at`, `update_at`) VALUES (82, 101, 82, 'http://www.luettgenbecker.org/', 2188, 'omnis', '2018-12-09 07:28:33', '2011-10-23 03:56:19');
INSERT INTO `media` (`id`, `media_type_id`, `user_id`, `file_path`, `size`, `metadata`, `created_at`, `update_at`) VALUES (83, 102, 83, 'http://rosenbaum.info/', 3075, 'blanditiis', '2019-02-28 00:20:35', '2014-04-28 07:52:03');
INSERT INTO `media` (`id`, `media_type_id`, `user_id`, `file_path`, `size`, `metadata`, `created_at`, `update_at`) VALUES (84, 104, 84, 'http://www.gottlieb.com/', 2154, 'autem', '2018-10-19 17:53:15', '2014-11-07 13:04:29');
INSERT INTO `media` (`id`, `media_type_id`, `user_id`, `file_path`, `size`, `metadata`, `created_at`, `update_at`) VALUES (85, 101, 85, 'http://www.bradtkecummings.biz/', 4685, 'esse', '2012-11-26 17:42:47', '2014-04-18 11:17:43');
INSERT INTO `media` (`id`, `media_type_id`, `user_id`, `file_path`, `size`, `metadata`, `created_at`, `update_at`) VALUES (86, 102, 86, 'http://www.gutmann.com/', 3564, 'illum', '2017-08-01 03:41:49', '2019-01-21 06:01:26');
INSERT INTO `media` (`id`, `media_type_id`, `user_id`, `file_path`, `size`, `metadata`, `created_at`, `update_at`) VALUES (87, 104, 87, 'http://huels.com/', 2656, 'et', '2014-01-14 05:46:01', '2011-03-28 22:56:46');
INSERT INTO `media` (`id`, `media_type_id`, `user_id`, `file_path`, `size`, `metadata`, `created_at`, `update_at`) VALUES (88, 101, 88, 'http://www.kuphal.org/', 4298, 'numquam', '2020-03-16 02:15:44', '2014-06-03 18:46:58');
INSERT INTO `media` (`id`, `media_type_id`, `user_id`, `file_path`, `size`, `metadata`, `created_at`, `update_at`) VALUES (89, 102, 89, 'http://www.medhurst.org/', 2586, 'voluptatem', '2018-12-14 20:19:42', '2012-06-16 07:12:18');
INSERT INTO `media` (`id`, `media_type_id`, `user_id`, `file_path`, `size`, `metadata`, `created_at`, `update_at`) VALUES (90, 104, 90, 'http://corwin.net/', 2495, 'fugit', '2014-06-05 23:41:58', '2020-01-24 03:50:49');
INSERT INTO `media` (`id`, `media_type_id`, `user_id`, `file_path`, `size`, `metadata`, `created_at`, `update_at`) VALUES (91, 101, 91, 'http://batz.com/', 4366, 'fuga', '2018-06-28 08:08:53', '2016-11-14 07:40:03');
INSERT INTO `media` (`id`, `media_type_id`, `user_id`, `file_path`, `size`, `metadata`, `created_at`, `update_at`) VALUES (92, 102, 92, 'http://www.mullerhessel.biz/', 2005, 'voluptate', '2019-08-23 21:42:49', '2016-12-06 21:46:56');
INSERT INTO `media` (`id`, `media_type_id`, `user_id`, `file_path`, `size`, `metadata`, `created_at`, `update_at`) VALUES (93, 104, 93, 'http://www.mertz.info/', 3465, 'dolores', '2018-12-27 23:17:01', '2018-06-02 01:55:00');
INSERT INTO `media` (`id`, `media_type_id`, `user_id`, `file_path`, `size`, `metadata`, `created_at`, `update_at`) VALUES (94, 101, 94, 'http://www.trompbosco.com/', 3899, 'molestiae', '2019-07-18 00:30:25', '2011-06-27 16:31:55');
INSERT INTO `media` (`id`, `media_type_id`, `user_id`, `file_path`, `size`, `metadata`, `created_at`, `update_at`) VALUES (95, 102, 95, 'http://mcglynn.com/', 1787, 'dolore', '2011-11-30 07:52:17', '2015-07-22 01:06:58');
INSERT INTO `media` (`id`, `media_type_id`, `user_id`, `file_path`, `size`, `metadata`, `created_at`, `update_at`) VALUES (96, 104, 96, 'http://mccullough.com/', 3391, 'deleniti', '2019-03-18 07:43:47', '2019-07-10 19:35:03');
INSERT INTO `media` (`id`, `media_type_id`, `user_id`, `file_path`, `size`, `metadata`, `created_at`, `update_at`) VALUES (97, 101, 97, 'http://lebsacklesch.com/', 3817, 'doloribus', '2019-12-11 21:09:30', '2019-07-31 13:53:32');
INSERT INTO `media` (`id`, `media_type_id`, `user_id`, `file_path`, `size`, `metadata`, `created_at`, `update_at`) VALUES (98, 102, 98, 'http://fisher.net/', 2928, 'nisi', '2012-05-24 20:01:04', '2013-06-11 12:05:43');
INSERT INTO `media` (`id`, `media_type_id`, `user_id`, `file_path`, `size`, `metadata`, `created_at`, `update_at`) VALUES (99, 104, 99, 'http://www.thieloconner.com/', 1749, 'sit', '2010-09-13 20:04:13', '2014-06-30 03:02:54');
INSERT INTO `media` (`id`, `media_type_id`, `user_id`, `file_path`, `size`, `metadata`, `created_at`, `update_at`) VALUES (100, 101, 100, 'http://www.hintzlarson.com/', 2661, 'dicta', '2017-11-10 06:05:05', '2012-01-22 00:01:14');


#
# TABLE STRUCTURE FOR: media_types
#

DROP TABLE IF EXISTS `media_types`;

CREATE TABLE `media_types` (
  `id` int(10) unsigned NOT NULL AUTO_INCREMENT,
  `name` varchar(255) COLLATE utf8_unicode_ci NOT NULL,
  PRIMARY KEY (`id`),
  UNIQUE KEY `name` (`name`)
) ENGINE=InnoDB AUTO_INCREMENT=201 DEFAULT CHARSET=utf8 COLLATE=utf8_unicode_ci;

INSERT INTO `media_types` (`id`, `name`) VALUES (104, ' a');
INSERT INTO `media_types` (`id`, `name`) VALUES (102, ' p');
INSERT INTO `media_types` (`id`, `name`) VALUES (101, 'v');


#
# TABLE STRUCTURE FOR: messages
#

DROP TABLE IF EXISTS `messages`;

CREATE TABLE `messages` (
  `id` int(10) unsigned NOT NULL AUTO_INCREMENT,
  `from_user_id` int(10) unsigned NOT NULL,
  `to_user_id` int(10) unsigned NOT NULL,
  `body` text COLLATE utf8_unicode_ci NOT NULL,
  `is_important` tinyint(1) DEFAULT NULL,
  `is_delivered` tinyint(1) DEFAULT NULL,
  `created_at` datetime DEFAULT current_timestamp(),
  PRIMARY KEY (`id`)
) ENGINE=InnoDB AUTO_INCREMENT=101 DEFAULT CHARSET=utf8 COLLATE=utf8_unicode_ci;

INSERT INTO `messages` (`id`, `from_user_id`, `to_user_id`, `body`, `is_important`, `is_delivered`, `created_at`) VALUES (1, 79, 33, 'Itaque tenetur hic rerum dolor maxime voluptatem. Error id quia ut. Atque aperiam suscipit iste est aut. Ab at ut et et ab hic laudantium.', 0, 1, '2017-05-06 04:35:08');
INSERT INTO `messages` (`id`, `from_user_id`, `to_user_id`, `body`, `is_important`, `is_delivered`, `created_at`) VALUES (2, 32, 46, 'Est maiores explicabo odit rerum tempora et necessitatibus. Voluptas voluptas quod sed cumque rem et qui. Voluptas rerum ex occaecati numquam tempora qui rerum. Sunt ea et sit modi.', 0, 1, '2013-04-21 21:16:01');
INSERT INTO `messages` (`id`, `from_user_id`, `to_user_id`, `body`, `is_important`, `is_delivered`, `created_at`) VALUES (3, 67, 54, 'Neque accusantium est similique id aut quaerat animi. Asperiores asperiores ut at aut consectetur sequi. Molestiae sed sint quibusdam. Sit qui et sint quia voluptatem et.', 0, 1, '2011-10-17 07:29:34');
INSERT INTO `messages` (`id`, `from_user_id`, `to_user_id`, `body`, `is_important`, `is_delivered`, `created_at`) VALUES (4, 41, 9, 'Veritatis et praesentium repellat. Et iusto aut rerum quam expedita earum. Dolorem ut et illum in in nihil veniam accusantium. Ut ab nihil voluptatum libero quos. Eius ut fugit sapiente.', 0, 0, '2013-06-30 06:05:49');
INSERT INTO `messages` (`id`, `from_user_id`, `to_user_id`, `body`, `is_important`, `is_delivered`, `created_at`) VALUES (5, 100, 3, 'Qui esse nobis sit nulla. Et reprehenderit eos vitae a molestiae.', 0, 0, '2013-11-18 16:35:38');
INSERT INTO `messages` (`id`, `from_user_id`, `to_user_id`, `body`, `is_important`, `is_delivered`, `created_at`) VALUES (6, 3, 24, 'Voluptatum ad ea quo recusandae aut. Voluptatem optio est veniam dolore placeat. Sed omnis soluta libero quod.', 1, 0, '2013-05-17 20:16:04');
INSERT INTO `messages` (`id`, `from_user_id`, `to_user_id`, `body`, `is_important`, `is_delivered`, `created_at`) VALUES (7, 43, 16, 'Rerum cum facere necessitatibus asperiores praesentium officia. Adipisci expedita ut rerum aliquid. Culpa sit soluta consequatur blanditiis sit. Ratione impedit ut est voluptas molestias qui.', 0, 1, '2015-11-23 02:11:28');
INSERT INTO `messages` (`id`, `from_user_id`, `to_user_id`, `body`, `is_important`, `is_delivered`, `created_at`) VALUES (8, 65, 85, 'Et autem et quam eum. Ea dolores nobis cum hic consequatur id. Architecto consectetur animi aliquid at natus voluptas accusamus.', 0, 1, '2012-08-02 08:16:28');
INSERT INTO `messages` (`id`, `from_user_id`, `to_user_id`, `body`, `is_important`, `is_delivered`, `created_at`) VALUES (9, 92, 46, 'Quae ut dolorum aut eos quia voluptate. Quis ipsa quibusdam reiciendis ab est libero. Vitae recusandae eius ut sapiente.', 0, 1, '2012-07-18 04:47:04');
INSERT INTO `messages` (`id`, `from_user_id`, `to_user_id`, `body`, `is_important`, `is_delivered`, `created_at`) VALUES (10, 89, 17, 'Animi fugit repudiandae ut quia quam dolorem. Asperiores rerum blanditiis officiis laborum repudiandae iure beatae. Aut eius autem id non.', 0, 1, '2015-03-14 19:51:37');
INSERT INTO `messages` (`id`, `from_user_id`, `to_user_id`, `body`, `is_important`, `is_delivered`, `created_at`) VALUES (11, 35, 4, 'Dolorem odio placeat nihil nemo mollitia voluptatem. Molestias cupiditate recusandae amet quia omnis voluptatem. Delectus consectetur ipsam aliquid. Officiis dolore nisi magni dolores veritatis tempore necessitatibus.', 1, 0, '2018-07-12 19:05:35');
INSERT INTO `messages` (`id`, `from_user_id`, `to_user_id`, `body`, `is_important`, `is_delivered`, `created_at`) VALUES (12, 47, 41, 'A ut ex vitae alias omnis eum. Illo ex voluptatem iure animi quis. Totam aspernatur corporis in et voluptatem ut velit. Quia impedit cum facilis nihil vel.', 0, 0, '2013-11-06 02:21:12');
INSERT INTO `messages` (`id`, `from_user_id`, `to_user_id`, `body`, `is_important`, `is_delivered`, `created_at`) VALUES (13, 3, 92, 'Placeat est sequi aut eligendi aut. Quia hic nisi quibusdam repudiandae error minima. Accusamus quisquam sed quo pariatur est sunt ut.', 1, 0, '2015-10-20 22:57:53');
INSERT INTO `messages` (`id`, `from_user_id`, `to_user_id`, `body`, `is_important`, `is_delivered`, `created_at`) VALUES (14, 71, 9, 'Distinctio sequi optio ut animi. Non perferendis velit et eveniet.', 1, 1, '2011-02-24 20:51:28');
INSERT INTO `messages` (`id`, `from_user_id`, `to_user_id`, `body`, `is_important`, `is_delivered`, `created_at`) VALUES (15, 54, 36, 'Quo nemo tempore dolores exercitationem repudiandae beatae pariatur perspiciatis. Qui non ab iure ea distinctio modi molestiae. Occaecati sapiente qui dolorum. Reprehenderit praesentium voluptate illum quo magnam unde amet tenetur. Voluptate tenetur distinctio modi ut ut id dolores.', 0, 0, '2014-10-26 09:54:08');
INSERT INTO `messages` (`id`, `from_user_id`, `to_user_id`, `body`, `is_important`, `is_delivered`, `created_at`) VALUES (16, 57, 60, 'Laborum suscipit et quam rem aspernatur earum et non. Iste accusamus numquam aut quos inventore. Provident ut velit minima adipisci aliquid maiores. Modi doloremque est rem ea.', 0, 1, '2017-10-05 01:30:08');
INSERT INTO `messages` (`id`, `from_user_id`, `to_user_id`, `body`, `is_important`, `is_delivered`, `created_at`) VALUES (17, 77, 66, 'Quis maxime tempora veritatis laboriosam. Odit totam ducimus sequi quidem quibusdam. Et consequatur consequuntur voluptates nostrum repudiandae iure consequuntur. Aspernatur odio enim neque non quod sed esse. Ad quaerat officiis quae assumenda.', 0, 0, '2013-06-20 08:18:45');
INSERT INTO `messages` (`id`, `from_user_id`, `to_user_id`, `body`, `is_important`, `is_delivered`, `created_at`) VALUES (18, 56, 26, 'Repellat praesentium officiis velit saepe expedita quis. Amet provident dolores aspernatur tempore. Asperiores sed ut quia quos eius. Quasi sapiente ipsam et vitae molestiae qui sunt quo.', 1, 1, '2015-06-15 13:36:08');
INSERT INTO `messages` (`id`, `from_user_id`, `to_user_id`, `body`, `is_important`, `is_delivered`, `created_at`) VALUES (19, 46, 10, 'Ipsum et ea eius illo nihil. Aut in libero velit sed libero delectus ipsam. Delectus error qui molestiae maxime voluptas culpa. Molestiae numquam beatae saepe rerum a.', 1, 1, '2017-10-04 21:29:45');
INSERT INTO `messages` (`id`, `from_user_id`, `to_user_id`, `body`, `is_important`, `is_delivered`, `created_at`) VALUES (20, 72, 1, 'Eos quasi non dicta deleniti. Rem numquam fugit nesciunt nemo tempore. Laboriosam modi et eligendi ipsum esse eaque. Non accusantium quod nesciunt omnis consequatur dolores. Iusto laudantium adipisci vero sed atque odio iusto.', 0, 0, '2019-11-07 09:59:06');
INSERT INTO `messages` (`id`, `from_user_id`, `to_user_id`, `body`, `is_important`, `is_delivered`, `created_at`) VALUES (21, 45, 74, 'Ut id soluta unde est corrupti. Eum adipisci id reiciendis est. Perferendis amet reprehenderit rerum voluptatem nulla corporis. Et saepe eos velit sapiente provident commodi quibusdam.', 0, 0, '2020-02-18 10:20:35');
INSERT INTO `messages` (`id`, `from_user_id`, `to_user_id`, `body`, `is_important`, `is_delivered`, `created_at`) VALUES (22, 15, 91, 'Iste quidem amet eum maiores et mollitia harum adipisci. Delectus accusamus quis quis sint quisquam. Ea eaque repellat et adipisci. Dolorem facilis aut dolorem omnis distinctio. Minima quos blanditiis repellendus aut vel quibusdam repudiandae.', 1, 0, '2015-10-02 20:01:27');
INSERT INTO `messages` (`id`, `from_user_id`, `to_user_id`, `body`, `is_important`, `is_delivered`, `created_at`) VALUES (23, 69, 48, 'Qui exercitationem qui sit vitae ab. Perspiciatis dolores ut corrupti vero sit aliquam modi. Et repellat accusamus est aut dolores blanditiis nulla corrupti.', 1, 1, '2016-12-08 00:02:03');
INSERT INTO `messages` (`id`, `from_user_id`, `to_user_id`, `body`, `is_important`, `is_delivered`, `created_at`) VALUES (24, 86, 52, 'Aperiam est odit est consectetur quia a. Voluptas dolores sequi inventore similique optio. Aspernatur rerum nihil repellendus aut fugit voluptas similique molestiae. Minus est et aut ut blanditiis voluptas.', 0, 1, '2012-01-17 12:19:28');
INSERT INTO `messages` (`id`, `from_user_id`, `to_user_id`, `body`, `is_important`, `is_delivered`, `created_at`) VALUES (25, 30, 86, 'Ipsa sit et aut eligendi quos. Autem alias perferendis dolores distinctio repudiandae fugit. Est similique fugit aut eaque vel ea.', 0, 1, '2012-04-04 23:34:13');
INSERT INTO `messages` (`id`, `from_user_id`, `to_user_id`, `body`, `is_important`, `is_delivered`, `created_at`) VALUES (26, 11, 88, 'Itaque enim nostrum magnam facilis delectus. Consequatur sit accusamus enim iste blanditiis nisi. Ut illo sit consequatur sed.', 0, 0, '2015-03-29 06:30:23');
INSERT INTO `messages` (`id`, `from_user_id`, `to_user_id`, `body`, `is_important`, `is_delivered`, `created_at`) VALUES (27, 66, 23, 'Soluta nihil qui sit enim. Temporibus natus quo iure nihil officia dolorum cupiditate. Incidunt reprehenderit qui alias vero.', 1, 1, '2015-11-11 23:52:07');
INSERT INTO `messages` (`id`, `from_user_id`, `to_user_id`, `body`, `is_important`, `is_delivered`, `created_at`) VALUES (28, 87, 63, 'In eum enim delectus voluptatem quas temporibus explicabo. Repellat eos hic doloribus doloremque atque sapiente. Pariatur non nisi quod repellat et necessitatibus repudiandae. Incidunt fugit expedita repellat dolorem ea perspiciatis enim perspiciatis.', 0, 1, '2018-01-12 06:28:34');
INSERT INTO `messages` (`id`, `from_user_id`, `to_user_id`, `body`, `is_important`, `is_delivered`, `created_at`) VALUES (29, 12, 72, 'Quo necessitatibus sit commodi tempora consectetur inventore. Officiis inventore assumenda nam est delectus dolor odit.', 1, 0, '2019-07-06 15:12:47');
INSERT INTO `messages` (`id`, `from_user_id`, `to_user_id`, `body`, `is_important`, `is_delivered`, `created_at`) VALUES (30, 43, 65, 'Et laborum consequatur fugit maxime culpa nostrum. Architecto omnis beatae quas. Odit aut fuga ut at repudiandae voluptates in voluptatem.', 1, 0, '2013-11-25 17:08:22');
INSERT INTO `messages` (`id`, `from_user_id`, `to_user_id`, `body`, `is_important`, `is_delivered`, `created_at`) VALUES (31, 1, 100, 'Velit quia neque dolor tenetur rem soluta et. Quia est illo laboriosam qui excepturi autem. Iusto sit saepe dolorum fugiat velit nesciunt laborum.', 0, 0, '2011-01-24 08:50:35');
INSERT INTO `messages` (`id`, `from_user_id`, `to_user_id`, `body`, `is_important`, `is_delivered`, `created_at`) VALUES (32, 68, 7, 'Quis architecto ab consequatur quia impedit asperiores ipsam. Eum non ut est aut ipsum labore. Aliquam velit suscipit dignissimos sequi et aspernatur. Quis aut voluptatibus et.', 1, 0, '2010-09-12 09:23:28');
INSERT INTO `messages` (`id`, `from_user_id`, `to_user_id`, `body`, `is_important`, `is_delivered`, `created_at`) VALUES (33, 67, 64, 'Nesciunt voluptatem et atque quia tempora blanditiis aut. Qui eos adipisci dolores quos ab aut fugit beatae. Et rem veniam sed aut mollitia distinctio. Aliquid explicabo natus voluptatem voluptas molestiae.', 0, 0, '2017-12-20 11:12:22');
INSERT INTO `messages` (`id`, `from_user_id`, `to_user_id`, `body`, `is_important`, `is_delivered`, `created_at`) VALUES (34, 7, 71, 'Tempore modi facere ea totam in. Saepe amet dolorum dolores odit unde tenetur quia. Autem ut qui maiores. Dolorem soluta ut ea hic velit labore.', 0, 0, '2010-07-29 03:46:10');
INSERT INTO `messages` (`id`, `from_user_id`, `to_user_id`, `body`, `is_important`, `is_delivered`, `created_at`) VALUES (35, 83, 16, 'Ex nam provident commodi minus ipsa soluta ipsum. Cum vero enim est nam. Natus veniam est magni in quam qui eius. Deserunt perspiciatis et totam totam qui expedita.', 1, 0, '2017-12-25 20:56:23');
INSERT INTO `messages` (`id`, `from_user_id`, `to_user_id`, `body`, `is_important`, `is_delivered`, `created_at`) VALUES (36, 4, 92, 'Cumque deserunt aspernatur corporis in earum. A sit ab ipsum. Pariatur dolore est ipsam repudiandae rerum recusandae dolor. Suscipit est neque ipsam reiciendis sequi.', 0, 0, '2017-11-11 04:50:10');
INSERT INTO `messages` (`id`, `from_user_id`, `to_user_id`, `body`, `is_important`, `is_delivered`, `created_at`) VALUES (37, 36, 83, 'Itaque quisquam alias qui quod. Ea aut eos libero. Sunt amet eligendi repellendus voluptatem.', 1, 1, '2016-11-03 05:14:13');
INSERT INTO `messages` (`id`, `from_user_id`, `to_user_id`, `body`, `is_important`, `is_delivered`, `created_at`) VALUES (38, 85, 91, 'Earum esse blanditiis beatae ullam. Atque vitae rerum qui. Est incidunt sit deserunt doloribus omnis sed.', 1, 0, '2018-08-17 01:06:15');
INSERT INTO `messages` (`id`, `from_user_id`, `to_user_id`, `body`, `is_important`, `is_delivered`, `created_at`) VALUES (39, 19, 81, 'Voluptates doloremque deserunt sunt aut quaerat expedita. Dolore quos adipisci accusantium officiis ut ullam eum vel. Amet aperiam consectetur consequatur tempore.', 1, 1, '2012-01-29 20:09:41');
INSERT INTO `messages` (`id`, `from_user_id`, `to_user_id`, `body`, `is_important`, `is_delivered`, `created_at`) VALUES (40, 48, 36, 'Sed aliquam expedita nostrum temporibus. Aut beatae qui et eos eaque.', 1, 1, '2015-06-21 07:03:55');
INSERT INTO `messages` (`id`, `from_user_id`, `to_user_id`, `body`, `is_important`, `is_delivered`, `created_at`) VALUES (41, 50, 36, 'Aliquam non nisi voluptas. Molestiae et et doloribus eos.', 1, 1, '2013-03-15 08:28:08');
INSERT INTO `messages` (`id`, `from_user_id`, `to_user_id`, `body`, `is_important`, `is_delivered`, `created_at`) VALUES (42, 70, 9, 'Facilis autem impedit nisi. Autem quis et molestias itaque quis.', 1, 0, '2014-05-14 12:39:12');
INSERT INTO `messages` (`id`, `from_user_id`, `to_user_id`, `body`, `is_important`, `is_delivered`, `created_at`) VALUES (43, 78, 90, 'Hic perferendis aperiam veritatis hic. In laudantium qui ea magni voluptatibus rerum quo sit. Dignissimos provident occaecati cum.', 1, 0, '2012-09-26 16:51:38');
INSERT INTO `messages` (`id`, `from_user_id`, `to_user_id`, `body`, `is_important`, `is_delivered`, `created_at`) VALUES (44, 39, 91, 'Ea nesciunt labore repellat nulla dolores. Voluptatum at reprehenderit vitae numquam.', 0, 0, '2013-11-03 03:11:47');
INSERT INTO `messages` (`id`, `from_user_id`, `to_user_id`, `body`, `is_important`, `is_delivered`, `created_at`) VALUES (45, 59, 37, 'Id eum repudiandae eos quibusdam consectetur et vel. Nihil repellendus quod quia consequuntur. Non exercitationem quo nobis sunt et aliquam sequi.', 0, 1, '2012-08-25 11:12:00');
INSERT INTO `messages` (`id`, `from_user_id`, `to_user_id`, `body`, `is_important`, `is_delivered`, `created_at`) VALUES (46, 93, 50, 'Voluptate voluptas provident et. Deserunt amet fugit voluptate porro voluptatem quibusdam. Omnis consectetur eaque et. Facere nihil deleniti aut est at.', 0, 0, '2010-05-20 02:14:25');
INSERT INTO `messages` (`id`, `from_user_id`, `to_user_id`, `body`, `is_important`, `is_delivered`, `created_at`) VALUES (47, 51, 96, 'Debitis vero atque eaque rerum aut aperiam illum officia. Reiciendis commodi maiores tenetur. Harum in nam ullam est quia ipsum. Modi numquam ducimus dolorem et assumenda voluptas.', 1, 0, '2010-05-05 20:44:21');
INSERT INTO `messages` (`id`, `from_user_id`, `to_user_id`, `body`, `is_important`, `is_delivered`, `created_at`) VALUES (48, 53, 97, 'Porro temporibus aut quae porro nihil quia voluptate. Consequatur labore eligendi veritatis illo suscipit et at recusandae. Reprehenderit et ut quidem quasi ea laborum in. Iusto ullam aliquam nostrum.', 1, 1, '2017-10-21 17:48:54');
INSERT INTO `messages` (`id`, `from_user_id`, `to_user_id`, `body`, `is_important`, `is_delivered`, `created_at`) VALUES (49, 91, 51, 'Blanditiis sapiente porro ipsa ut quam eos. Sunt ut facere sed quaerat quam ducimus. In nostrum voluptas nulla sed repellendus aperiam accusantium.', 0, 1, '2013-11-21 15:53:14');
INSERT INTO `messages` (`id`, `from_user_id`, `to_user_id`, `body`, `is_important`, `is_delivered`, `created_at`) VALUES (50, 86, 87, 'Dolorum corporis omnis inventore perspiciatis nesciunt dolores. Minima similique soluta iure consectetur deserunt voluptas fugit. Dolor totam quis eligendi alias et natus dolorum.', 1, 0, '2019-06-06 10:53:06');
INSERT INTO `messages` (`id`, `from_user_id`, `to_user_id`, `body`, `is_important`, `is_delivered`, `created_at`) VALUES (51, 18, 89, 'Est voluptas earum distinctio nulla voluptas. Voluptates repudiandae ea cum dolores voluptatibus aliquid. Aut sed aliquam voluptates et sit at explicabo.', 1, 0, '2015-10-24 10:27:36');
INSERT INTO `messages` (`id`, `from_user_id`, `to_user_id`, `body`, `is_important`, `is_delivered`, `created_at`) VALUES (52, 29, 28, 'Possimus dolores ea libero nisi quos aspernatur. Odio voluptatem illum error sunt ut voluptate.', 0, 0, '2011-03-15 02:11:42');
INSERT INTO `messages` (`id`, `from_user_id`, `to_user_id`, `body`, `is_important`, `is_delivered`, `created_at`) VALUES (53, 79, 12, 'Quae fugiat ea facere labore rerum nemo excepturi. Expedita enim delectus aliquid cupiditate numquam est. Ut beatae at aut enim. Molestiae vitae vero aut vel non voluptas harum.', 0, 1, '2015-07-30 06:44:36');
INSERT INTO `messages` (`id`, `from_user_id`, `to_user_id`, `body`, `is_important`, `is_delivered`, `created_at`) VALUES (54, 53, 99, 'Natus non error ut deleniti esse. Aut deserunt veritatis reiciendis minus accusamus recusandae cupiditate. Architecto id minus aut quos similique consequatur cum.', 1, 0, '2015-06-08 01:08:17');
INSERT INTO `messages` (`id`, `from_user_id`, `to_user_id`, `body`, `is_important`, `is_delivered`, `created_at`) VALUES (55, 1, 73, 'Dolorem soluta culpa voluptatem asperiores. Minima eveniet omnis esse est delectus optio veritatis et. Repellat tempora sit quae nobis saepe. Deserunt asperiores fugit molestias sed quod.', 1, 0, '2019-01-29 08:02:31');
INSERT INTO `messages` (`id`, `from_user_id`, `to_user_id`, `body`, `is_important`, `is_delivered`, `created_at`) VALUES (56, 69, 4, 'Delectus iure incidunt vel doloremque. Eum sed quibusdam assumenda laboriosam. Repudiandae et quod odit cupiditate sint ducimus. Sunt nihil eius sed itaque ipsa. Ullam in et quas nostrum molestiae repellat.', 1, 0, '2017-04-14 04:03:43');
INSERT INTO `messages` (`id`, `from_user_id`, `to_user_id`, `body`, `is_important`, `is_delivered`, `created_at`) VALUES (57, 13, 2, 'Natus id sint amet tempora distinctio deleniti. Distinctio molestias dolores est aspernatur officiis. Iste et sed quis recusandae. Commodi alias consectetur doloribus magni tenetur rem tempore.', 0, 1, '2018-06-16 15:03:21');
INSERT INTO `messages` (`id`, `from_user_id`, `to_user_id`, `body`, `is_important`, `is_delivered`, `created_at`) VALUES (58, 17, 99, 'Nisi possimus alias est provident iste ducimus. Inventore minima vitae ut quia harum. Quidem provident non exercitationem aut mollitia. Et ut non corporis est.', 0, 1, '2014-07-20 16:25:41');
INSERT INTO `messages` (`id`, `from_user_id`, `to_user_id`, `body`, `is_important`, `is_delivered`, `created_at`) VALUES (59, 25, 48, 'Doloribus modi quo fuga commodi est. Ex aspernatur nemo impedit commodi ut. Ab eum earum praesentium tempore ut. Consectetur voluptatem doloremque quia quo ad sit esse.', 0, 1, '2015-01-11 18:39:48');
INSERT INTO `messages` (`id`, `from_user_id`, `to_user_id`, `body`, `is_important`, `is_delivered`, `created_at`) VALUES (60, 20, 7, 'Et id quo porro deleniti non autem. Quas officiis illo est recusandae sint. Officia eligendi exercitationem incidunt autem. Neque officia nulla in est aliquid necessitatibus magni.', 1, 0, '2013-11-09 22:20:27');
INSERT INTO `messages` (`id`, `from_user_id`, `to_user_id`, `body`, `is_important`, `is_delivered`, `created_at`) VALUES (61, 96, 16, 'Distinctio atque rerum qui dignissimos fugiat quis ea. Harum molestiae pariatur deserunt aut. Ipsa itaque iusto nulla ea tempora omnis a deserunt.', 0, 0, '2019-11-12 22:22:33');
INSERT INTO `messages` (`id`, `from_user_id`, `to_user_id`, `body`, `is_important`, `is_delivered`, `created_at`) VALUES (62, 95, 55, 'Repellat non libero aut praesentium. Velit praesentium hic earum et amet. Ad aliquam voluptas modi rem id voluptas.', 1, 0, '2018-08-15 18:53:21');
INSERT INTO `messages` (`id`, `from_user_id`, `to_user_id`, `body`, `is_important`, `is_delivered`, `created_at`) VALUES (63, 86, 64, 'Quisquam quidem beatae officiis dolore. Cum sit ut mollitia ut. Et ipsam et ipsum. Magni itaque itaque veritatis mollitia qui. Sapiente excepturi vitae velit.', 1, 0, '2014-12-14 01:14:42');
INSERT INTO `messages` (`id`, `from_user_id`, `to_user_id`, `body`, `is_important`, `is_delivered`, `created_at`) VALUES (64, 24, 70, 'Sed ex neque voluptate suscipit ut. Dolor sed neque sunt ratione harum excepturi cupiditate. Id est porro nihil laborum omnis sit ratione voluptates. Nemo sint dolore optio iusto magnam vero illum perspiciatis.', 1, 1, '2011-11-04 20:44:56');
INSERT INTO `messages` (`id`, `from_user_id`, `to_user_id`, `body`, `is_important`, `is_delivered`, `created_at`) VALUES (65, 18, 36, 'Dolores dolorem ullam similique molestiae quos voluptatum. Odio sunt cupiditate totam occaecati consequatur minima nobis repudiandae.', 1, 1, '2019-11-13 18:36:04');
INSERT INTO `messages` (`id`, `from_user_id`, `to_user_id`, `body`, `is_important`, `is_delivered`, `created_at`) VALUES (66, 2, 95, 'Ipsam laudantium nesciunt voluptatibus qui. Et officia ullam sed non. Unde suscipit rerum rem unde expedita doloribus. Aut neque delectus deserunt.', 1, 0, '2014-09-06 22:15:10');
INSERT INTO `messages` (`id`, `from_user_id`, `to_user_id`, `body`, `is_important`, `is_delivered`, `created_at`) VALUES (67, 70, 5, 'Dolor magni reprehenderit unde. Eveniet aut dolores neque facere sed velit. Fugit et saepe exercitationem optio rerum qui. Nostrum ad doloribus est sequi illo.', 1, 1, '2018-06-14 01:54:05');
INSERT INTO `messages` (`id`, `from_user_id`, `to_user_id`, `body`, `is_important`, `is_delivered`, `created_at`) VALUES (68, 22, 52, 'Totam rerum neque recusandae laudantium. Nihil dolor aperiam ad alias ipsam iste. Tenetur vel sunt sed aut quaerat. Sed laudantium sapiente dicta nobis laudantium tempora rerum.', 1, 0, '2013-07-05 07:12:41');
INSERT INTO `messages` (`id`, `from_user_id`, `to_user_id`, `body`, `is_important`, `is_delivered`, `created_at`) VALUES (69, 47, 92, 'Doloremque officia sunt et minus. Officia consequatur quam voluptate architecto. Labore unde dolorem minus. Omnis similique maiores error qui repellat.', 1, 1, '2011-02-08 09:48:27');
INSERT INTO `messages` (`id`, `from_user_id`, `to_user_id`, `body`, `is_important`, `is_delivered`, `created_at`) VALUES (70, 9, 30, 'Dolor beatae sit eius eos. Et qui maiores ut quia amet dignissimos quia. Quia vitae ipsum excepturi at non nostrum rerum exercitationem.', 0, 1, '2017-06-08 19:42:44');
INSERT INTO `messages` (`id`, `from_user_id`, `to_user_id`, `body`, `is_important`, `is_delivered`, `created_at`) VALUES (71, 92, 100, 'Corporis magnam excepturi cumque non quia eligendi impedit. Sit cum quibusdam incidunt. Eaque omnis inventore aut et sed quia. Magni et autem quia accusamus vel id animi et.', 1, 0, '2010-10-12 19:36:20');
INSERT INTO `messages` (`id`, `from_user_id`, `to_user_id`, `body`, `is_important`, `is_delivered`, `created_at`) VALUES (72, 3, 37, 'Et hic qui voluptate impedit unde sequi ut et. Ipsa eveniet aut id temporibus omnis. Et autem consequatur id maiores veritatis.', 0, 1, '2019-01-09 05:39:43');
INSERT INTO `messages` (`id`, `from_user_id`, `to_user_id`, `body`, `is_important`, `is_delivered`, `created_at`) VALUES (73, 22, 28, 'Eligendi dolores voluptate molestiae laboriosam aut qui sit. Voluptas et quia ipsa placeat deserunt explicabo cum. Officia corrupti possimus pariatur non natus rerum.', 1, 0, '2011-07-11 06:48:45');
INSERT INTO `messages` (`id`, `from_user_id`, `to_user_id`, `body`, `is_important`, `is_delivered`, `created_at`) VALUES (74, 51, 83, 'Adipisci quod consequatur laudantium id nisi consectetur enim. Sapiente quia optio repellat sit. Nobis consequatur nostrum pariatur. Voluptate autem accusamus enim voluptas.', 0, 0, '2011-04-15 08:19:01');
INSERT INTO `messages` (`id`, `from_user_id`, `to_user_id`, `body`, `is_important`, `is_delivered`, `created_at`) VALUES (75, 13, 43, 'Autem praesentium occaecati est numquam sunt architecto maxime. Iure earum laudantium eum commodi. Sunt voluptas sed accusamus non voluptatem. Sint provident sit sit eos qui id voluptatem.', 0, 1, '2013-05-07 07:03:41');
INSERT INTO `messages` (`id`, `from_user_id`, `to_user_id`, `body`, `is_important`, `is_delivered`, `created_at`) VALUES (76, 63, 30, 'Harum molestiae quod nihil voluptas. Sequi eveniet voluptatibus totam id fugit omnis. Est illum id delectus est.', 1, 0, '2013-11-27 13:53:05');
INSERT INTO `messages` (`id`, `from_user_id`, `to_user_id`, `body`, `is_important`, `is_delivered`, `created_at`) VALUES (77, 16, 65, 'Quos ratione sit pariatur repellat. Atque odio dolor a nesciunt beatae officia consequatur. Adipisci qui ipsam quia ea est dolores. Qui aliquid explicabo omnis ut sed.', 0, 1, '2014-04-28 09:25:21');
INSERT INTO `messages` (`id`, `from_user_id`, `to_user_id`, `body`, `is_important`, `is_delivered`, `created_at`) VALUES (78, 90, 19, 'Nulla ullam quaerat ducimus. Repellendus omnis fugiat sunt ipsam veritatis autem. Illo optio est quia omnis molestiae excepturi dolore.', 0, 0, '2011-08-30 07:33:23');
INSERT INTO `messages` (`id`, `from_user_id`, `to_user_id`, `body`, `is_important`, `is_delivered`, `created_at`) VALUES (79, 38, 44, 'Beatae accusantium aut quo velit labore sed facere neque. Aspernatur qui optio dolor quasi. Non omnis dolores iste velit ut placeat quibusdam.', 0, 1, '2010-05-17 17:12:30');
INSERT INTO `messages` (`id`, `from_user_id`, `to_user_id`, `body`, `is_important`, `is_delivered`, `created_at`) VALUES (80, 24, 51, 'Officiis nisi ad rerum quo eveniet. Commodi rerum veritatis possimus ex eveniet consequatur odio doloremque. Occaecati iure eum ea aut.', 1, 0, '2010-09-23 13:33:48');
INSERT INTO `messages` (`id`, `from_user_id`, `to_user_id`, `body`, `is_important`, `is_delivered`, `created_at`) VALUES (81, 51, 60, 'Culpa nobis distinctio dolor ipsam deleniti suscipit placeat. Et autem aperiam voluptatum ut magni. Consequatur ea reiciendis eius eum. Officiis quibusdam fugit omnis dolorum.', 1, 0, '2016-03-26 04:01:36');
INSERT INTO `messages` (`id`, `from_user_id`, `to_user_id`, `body`, `is_important`, `is_delivered`, `created_at`) VALUES (82, 57, 64, 'Ut laboriosam omnis laudantium quam beatae enim deserunt. Aut ut ut qui. Suscipit molestias veritatis non non. Enim enim perferendis natus quo labore.', 0, 1, '2019-03-20 05:49:35');
INSERT INTO `messages` (`id`, `from_user_id`, `to_user_id`, `body`, `is_important`, `is_delivered`, `created_at`) VALUES (83, 39, 99, 'Corrupti dicta quis dicta nobis perspiciatis sint et saepe. Nobis necessitatibus quidem enim cumque occaecati similique voluptate. Dolorem nihil qui nihil est.', 1, 0, '2018-05-29 14:54:36');
INSERT INTO `messages` (`id`, `from_user_id`, `to_user_id`, `body`, `is_important`, `is_delivered`, `created_at`) VALUES (84, 80, 56, 'Rem ut ut ipsam dignissimos assumenda laborum. Nostrum eum officia dolore. Ipsam dolorem rerum quas ipsum quisquam autem dolores. Id quia saepe neque exercitationem aut possimus velit.', 0, 1, '2016-08-11 19:46:14');
INSERT INTO `messages` (`id`, `from_user_id`, `to_user_id`, `body`, `is_important`, `is_delivered`, `created_at`) VALUES (85, 83, 66, 'Et et adipisci minus rerum veniam autem. Eos beatae temporibus quia alias aspernatur soluta. Qui itaque voluptatem iusto dolor est. Cumque ullam magni quo.', 0, 0, '2012-04-08 23:17:37');
INSERT INTO `messages` (`id`, `from_user_id`, `to_user_id`, `body`, `is_important`, `is_delivered`, `created_at`) VALUES (86, 57, 67, 'Alias magnam dicta dolorum ut. Ex dignissimos aut fuga aut sapiente quaerat dolorem. Itaque dignissimos doloremque aut alias vitae perferendis quis voluptatem.', 0, 1, '2012-06-20 13:11:33');
INSERT INTO `messages` (`id`, `from_user_id`, `to_user_id`, `body`, `is_important`, `is_delivered`, `created_at`) VALUES (87, 81, 54, 'Eos ut dicta non voluptatibus aut animi placeat. Et temporibus sit sequi dolores et. Et impedit quisquam ducimus aspernatur non magnam. Odio amet adipisci voluptatum deleniti culpa. Veritatis modi molestiae ea eum vel rem dolores.', 0, 0, '2011-08-11 01:40:50');
INSERT INTO `messages` (`id`, `from_user_id`, `to_user_id`, `body`, `is_important`, `is_delivered`, `created_at`) VALUES (88, 7, 13, 'Nesciunt molestias omnis qui a et ut molestias nisi. Ratione quis est totam ducimus distinctio omnis. Quis et rerum nemo adipisci. Reiciendis temporibus libero optio est.', 1, 0, '2011-01-23 19:08:51');
INSERT INTO `messages` (`id`, `from_user_id`, `to_user_id`, `body`, `is_important`, `is_delivered`, `created_at`) VALUES (89, 87, 39, 'Fugit modi rerum nesciunt voluptatem doloremque beatae excepturi. Ipsum excepturi accusamus magnam eos error sit iste. Cupiditate molestiae quia quam voluptatem quasi dolores. Ullam sunt beatae quibusdam voluptatum rem perspiciatis eius.', 1, 0, '2018-10-30 23:25:31');
INSERT INTO `messages` (`id`, `from_user_id`, `to_user_id`, `body`, `is_important`, `is_delivered`, `created_at`) VALUES (90, 27, 78, 'Animi esse nobis in pariatur. Nulla et qui eaque sit odit. Eius aliquid vel adipisci quisquam voluptatem ducimus cum iure.', 1, 0, '2020-02-19 01:28:41');
INSERT INTO `messages` (`id`, `from_user_id`, `to_user_id`, `body`, `is_important`, `is_delivered`, `created_at`) VALUES (91, 58, 86, 'Ducimus ad error aliquid omnis perspiciatis et sint aspernatur. Et totam eos neque culpa in. Illum non in non et harum consequatur dolore.', 1, 0, '2014-05-08 11:34:15');
INSERT INTO `messages` (`id`, `from_user_id`, `to_user_id`, `body`, `is_important`, `is_delivered`, `created_at`) VALUES (92, 8, 67, 'Maiores nobis adipisci et aut dicta cum. Est necessitatibus quisquam autem voluptas. Distinctio dolor cupiditate incidunt enim aperiam est maxime.', 0, 1, '2020-01-25 08:42:44');
INSERT INTO `messages` (`id`, `from_user_id`, `to_user_id`, `body`, `is_important`, `is_delivered`, `created_at`) VALUES (93, 78, 41, 'Occaecati voluptatem molestias blanditiis ducimus qui iusto vel numquam. A quia tempora sed ut omnis. Doloremque velit sed placeat et. Voluptatem suscipit ut error ut consequatur dolor.', 1, 0, '2013-07-06 06:47:21');
INSERT INTO `messages` (`id`, `from_user_id`, `to_user_id`, `body`, `is_important`, `is_delivered`, `created_at`) VALUES (94, 54, 78, 'Laudantium quis neque aut. Quod ab sit rerum nemo. Velit atque vel a expedita velit amet est nesciunt. Et perspiciatis est ullam.', 1, 1, '2018-12-20 19:55:31');
INSERT INTO `messages` (`id`, `from_user_id`, `to_user_id`, `body`, `is_important`, `is_delivered`, `created_at`) VALUES (95, 57, 10, 'Porro molestias molestiae et beatae autem. Laboriosam aut est at enim ut velit occaecati. Quae et quidem quo numquam facere. Esse culpa ut et enim dignissimos voluptas molestiae iure.', 1, 1, '2015-08-18 05:21:56');
INSERT INTO `messages` (`id`, `from_user_id`, `to_user_id`, `body`, `is_important`, `is_delivered`, `created_at`) VALUES (96, 61, 52, 'Quibusdam sed laboriosam sed in molestias quia. Nesciunt doloribus natus alias debitis. Sit et est et. Sint et quia facilis qui facere.', 0, 0, '2017-06-23 14:05:33');
INSERT INTO `messages` (`id`, `from_user_id`, `to_user_id`, `body`, `is_important`, `is_delivered`, `created_at`) VALUES (97, 65, 5, 'Eum tempore est nihil aspernatur quia dolores beatae. Dicta sed et aut quae explicabo voluptatum et. Quae accusantium aut laboriosam.', 0, 1, '2015-12-02 03:20:09');
INSERT INTO `messages` (`id`, `from_user_id`, `to_user_id`, `body`, `is_important`, `is_delivered`, `created_at`) VALUES (98, 6, 56, 'Dolorum architecto iure neque rerum perferendis labore modi eos. Aliquid ut dolore rerum quia. In ipsa atque aliquam aut voluptatem architecto praesentium. Quo temporibus rem cumque voluptatem quisquam.', 1, 0, '2018-03-13 09:15:44');
INSERT INTO `messages` (`id`, `from_user_id`, `to_user_id`, `body`, `is_important`, `is_delivered`, `created_at`) VALUES (99, 5, 37, 'Maxime atque nesciunt cum praesentium. Corrupti cumque ducimus aspernatur exercitationem laborum sequi. Nihil exercitationem molestiae quia repellat tempore aperiam labore non.', 0, 1, '2010-11-28 05:02:40');
INSERT INTO `messages` (`id`, `from_user_id`, `to_user_id`, `body`, `is_important`, `is_delivered`, `created_at`) VALUES (100, 97, 36, 'Incidunt ad reiciendis ex doloribus. Ea dolor consectetur vel incidunt sit qui beatae. Aut necessitatibus reprehenderit officiis eum eveniet saepe quia. Laboriosam in mollitia cum explicabo illum.', 0, 1, '2014-05-01 21:23:39');


#
# TABLE STRUCTURE FOR: profiles
#

DROP TABLE IF EXISTS `profiles`;

CREATE TABLE `profiles` (
  `user_id` int(10) unsigned NOT NULL,
  `gender` char(1) COLLATE utf8_unicode_ci NOT NULL,
  `birthday` date DEFAULT NULL,
  `city` varchar(100) COLLATE utf8_unicode_ci DEFAULT NULL,
  `photo_id` int(10) unsigned NOT NULL,
  `created_at` datetime DEFAULT current_timestamp(),
  `update_at` datetime DEFAULT current_timestamp() ON UPDATE current_timestamp(),
  PRIMARY KEY (`user_id`)
) ENGINE=InnoDB DEFAULT CHARSET=utf8 COLLATE=utf8_unicode_ci;

INSERT INTO `profiles` (`user_id`, `gender`, `birthday`, `city`, `photo_id`, `created_at`, `update_at`) VALUES (1, '', '2008-09-26', 'West Kade', 22, '2010-12-09 15:44:16', '2011-10-25 05:07:21');
INSERT INTO `profiles` (`user_id`, `gender`, `birthday`, `city`, `photo_id`, `created_at`, `update_at`) VALUES (2, '', '1985-07-28', 'Wilkinsonport', 31, '2010-10-24 02:36:13', '2018-08-18 11:38:50');
INSERT INTO `profiles` (`user_id`, `gender`, `birthday`, `city`, `photo_id`, `created_at`, `update_at`) VALUES (3, '', '2018-09-01', 'Kristophermouth', 53, '2016-09-01 11:17:12', '2019-07-05 03:58:16');
INSERT INTO `profiles` (`user_id`, `gender`, `birthday`, `city`, `photo_id`, `created_at`, `update_at`) VALUES (4, '', '1993-06-14', 'West Sallyshire', 7, '2019-09-29 22:11:54', '2016-12-21 14:29:59');
INSERT INTO `profiles` (`user_id`, `gender`, `birthday`, `city`, `photo_id`, `created_at`, `update_at`) VALUES (5, '', '1986-05-04', 'Lake Coby', 43, '2016-11-12 16:01:04', '2010-09-12 00:57:04');
INSERT INTO `profiles` (`user_id`, `gender`, `birthday`, `city`, `photo_id`, `created_at`, `update_at`) VALUES (6, '', '2002-03-18', 'Nitzschebury', 91, '2011-01-05 02:13:46', '2013-11-16 23:18:55');
INSERT INTO `profiles` (`user_id`, `gender`, `birthday`, `city`, `photo_id`, `created_at`, `update_at`) VALUES (7, '', '1999-01-17', 'Haagville', 39, '2010-09-28 03:13:44', '2013-04-26 20:56:38');
INSERT INTO `profiles` (`user_id`, `gender`, `birthday`, `city`, `photo_id`, `created_at`, `update_at`) VALUES (8, '', '2005-04-16', 'New Javier', 64, '2019-02-15 10:47:29', '2019-10-11 01:58:29');
INSERT INTO `profiles` (`user_id`, `gender`, `birthday`, `city`, `photo_id`, `created_at`, `update_at`) VALUES (9, 'm', '1997-10-29', 'New Luisa', 55, '2017-09-08 11:17:24', '2019-05-08 06:47:04');
INSERT INTO `profiles` (`user_id`, `gender`, `birthday`, `city`, `photo_id`, `created_at`, `update_at`) VALUES (10, '', '2004-04-04', 'Mohrborough', 43, '2011-06-16 10:05:39', '2019-09-24 20:48:40');
INSERT INTO `profiles` (`user_id`, `gender`, `birthday`, `city`, `photo_id`, `created_at`, `update_at`) VALUES (11, 'm', '1992-09-20', 'South Stuart', 80, '2016-07-09 03:14:07', '2011-07-07 18:05:17');
INSERT INTO `profiles` (`user_id`, `gender`, `birthday`, `city`, `photo_id`, `created_at`, `update_at`) VALUES (12, 'm', '1999-05-27', 'Marvinshire', 85, '2011-10-19 17:20:25', '2017-08-18 04:21:22');
INSERT INTO `profiles` (`user_id`, `gender`, `birthday`, `city`, `photo_id`, `created_at`, `update_at`) VALUES (13, '', '1970-12-06', 'Port Michel', 17, '2012-06-11 02:53:22', '2015-02-26 06:50:52');
INSERT INTO `profiles` (`user_id`, `gender`, `birthday`, `city`, `photo_id`, `created_at`, `update_at`) VALUES (14, '', '2017-09-15', 'Carmenberg', 33, '2011-07-23 15:30:32', '2011-02-13 02:24:58');
INSERT INTO `profiles` (`user_id`, `gender`, `birthday`, `city`, `photo_id`, `created_at`, `update_at`) VALUES (15, '', '1979-06-11', 'Naderberg', 85, '2015-12-17 21:44:51', '2014-04-12 22:09:39');
INSERT INTO `profiles` (`user_id`, `gender`, `birthday`, `city`, `photo_id`, `created_at`, `update_at`) VALUES (16, 'm', '1970-11-08', 'Emmerichfort', 47, '2016-06-23 21:17:39', '2016-04-25 07:36:10');
INSERT INTO `profiles` (`user_id`, `gender`, `birthday`, `city`, `photo_id`, `created_at`, `update_at`) VALUES (17, 'm', '2007-03-18', 'Kuhnport', 92, '2011-07-11 03:13:16', '2019-11-23 15:23:20');
INSERT INTO `profiles` (`user_id`, `gender`, `birthday`, `city`, `photo_id`, `created_at`, `update_at`) VALUES (18, 'm', '1987-01-21', 'Brownside', 99, '2014-08-26 19:21:22', '2015-04-21 20:41:21');
INSERT INTO `profiles` (`user_id`, `gender`, `birthday`, `city`, `photo_id`, `created_at`, `update_at`) VALUES (19, 'm', '2009-05-29', 'West Gregoriaview', 55, '2014-09-15 14:10:19', '2016-01-22 14:35:42');
INSERT INTO `profiles` (`user_id`, `gender`, `birthday`, `city`, `photo_id`, `created_at`, `update_at`) VALUES (20, '', '1972-06-08', 'Lake Reece', 56, '2010-10-30 21:18:33', '2012-07-24 13:55:41');
INSERT INTO `profiles` (`user_id`, `gender`, `birthday`, `city`, `photo_id`, `created_at`, `update_at`) VALUES (21, '', '1991-12-09', 'East Savannahville', 67, '2014-01-30 12:36:15', '2018-10-04 16:28:56');
INSERT INTO `profiles` (`user_id`, `gender`, `birthday`, `city`, `photo_id`, `created_at`, `update_at`) VALUES (22, 'm', '1997-07-22', 'Auerhaven', 65, '2014-05-21 00:20:06', '2017-05-24 23:55:03');
INSERT INTO `profiles` (`user_id`, `gender`, `birthday`, `city`, `photo_id`, `created_at`, `update_at`) VALUES (23, 'm', '1994-08-17', 'Markshaven', 68, '2017-01-17 22:12:22', '2012-06-04 20:18:17');
INSERT INTO `profiles` (`user_id`, `gender`, `birthday`, `city`, `photo_id`, `created_at`, `update_at`) VALUES (24, '', '1995-04-25', 'West Audiebury', 2, '2015-08-01 19:08:54', '2016-05-04 08:41:48');
INSERT INTO `profiles` (`user_id`, `gender`, `birthday`, `city`, `photo_id`, `created_at`, `update_at`) VALUES (25, 'm', '1989-03-22', 'Vonmouth', 20, '2013-06-20 07:07:10', '2015-12-19 00:52:51');
INSERT INTO `profiles` (`user_id`, `gender`, `birthday`, `city`, `photo_id`, `created_at`, `update_at`) VALUES (26, 'm', '2008-11-30', 'Port Josueburgh', 88, '2011-04-19 05:10:36', '2017-03-16 06:49:58');
INSERT INTO `profiles` (`user_id`, `gender`, `birthday`, `city`, `photo_id`, `created_at`, `update_at`) VALUES (27, 'm', '1989-09-07', 'Jasenland', 100, '2017-12-09 05:40:14', '2015-02-23 03:58:08');
INSERT INTO `profiles` (`user_id`, `gender`, `birthday`, `city`, `photo_id`, `created_at`, `update_at`) VALUES (28, '', '1980-07-05', 'East Olaf', 32, '2012-06-07 06:45:49', '2012-10-19 20:36:01');
INSERT INTO `profiles` (`user_id`, `gender`, `birthday`, `city`, `photo_id`, `created_at`, `update_at`) VALUES (29, '', '2013-10-27', 'Lillianafort', 69, '2016-07-09 04:59:32', '2018-03-26 07:27:12');
INSERT INTO `profiles` (`user_id`, `gender`, `birthday`, `city`, `photo_id`, `created_at`, `update_at`) VALUES (30, 'm', '1999-01-04', 'Lake Jeaniechester', 44, '2012-06-15 11:55:52', '2015-04-28 00:17:45');
INSERT INTO `profiles` (`user_id`, `gender`, `birthday`, `city`, `photo_id`, `created_at`, `update_at`) VALUES (31, 'm', '2001-01-18', 'New Shemar', 90, '2015-06-11 01:56:39', '2011-12-06 22:13:18');
INSERT INTO `profiles` (`user_id`, `gender`, `birthday`, `city`, `photo_id`, `created_at`, `update_at`) VALUES (32, 'm', '2005-03-31', 'Stevieland', 15, '2020-02-27 11:54:10', '2016-02-19 11:09:35');
INSERT INTO `profiles` (`user_id`, `gender`, `birthday`, `city`, `photo_id`, `created_at`, `update_at`) VALUES (33, '', '1985-05-01', 'South Blaisefurt', 6, '2010-11-07 21:04:07', '2016-03-15 13:58:44');
INSERT INTO `profiles` (`user_id`, `gender`, `birthday`, `city`, `photo_id`, `created_at`, `update_at`) VALUES (34, '', '2010-04-07', 'Lake Dulce', 23, '2011-04-28 10:09:52', '2015-09-17 18:50:58');
INSERT INTO `profiles` (`user_id`, `gender`, `birthday`, `city`, `photo_id`, `created_at`, `update_at`) VALUES (35, 'm', '2008-05-12', 'Lake Darenview', 66, '2016-07-12 05:44:43', '2018-08-13 06:35:14');
INSERT INTO `profiles` (`user_id`, `gender`, `birthday`, `city`, `photo_id`, `created_at`, `update_at`) VALUES (36, '', '2014-05-30', 'Wisokymouth', 98, '2011-10-28 13:43:00', '2016-01-21 08:24:19');
INSERT INTO `profiles` (`user_id`, `gender`, `birthday`, `city`, `photo_id`, `created_at`, `update_at`) VALUES (37, '', '1970-12-30', 'Flotown', 58, '2020-01-05 19:42:44', '2013-09-01 19:39:35');
INSERT INTO `profiles` (`user_id`, `gender`, `birthday`, `city`, `photo_id`, `created_at`, `update_at`) VALUES (38, '', '2000-03-18', 'Port Wendell', 87, '2011-07-06 12:04:02', '2012-10-21 14:34:29');
INSERT INTO `profiles` (`user_id`, `gender`, `birthday`, `city`, `photo_id`, `created_at`, `update_at`) VALUES (39, '', '1978-10-05', 'North Myriam', 40, '2014-03-12 02:57:00', '2018-10-24 20:11:06');
INSERT INTO `profiles` (`user_id`, `gender`, `birthday`, `city`, `photo_id`, `created_at`, `update_at`) VALUES (40, 'm', '1984-02-09', 'Lake Gregg', 5, '2012-10-22 06:23:03', '2016-03-31 14:11:46');
INSERT INTO `profiles` (`user_id`, `gender`, `birthday`, `city`, `photo_id`, `created_at`, `update_at`) VALUES (41, '', '1977-01-21', 'Kutchhaven', 3, '2016-06-17 15:32:17', '2017-09-12 03:40:47');
INSERT INTO `profiles` (`user_id`, `gender`, `birthday`, `city`, `photo_id`, `created_at`, `update_at`) VALUES (42, '', '1979-01-27', 'Lake Annette', 17, '2018-11-10 09:18:27', '2017-07-31 07:03:26');
INSERT INTO `profiles` (`user_id`, `gender`, `birthday`, `city`, `photo_id`, `created_at`, `update_at`) VALUES (43, '', '2007-12-22', 'Johnsonville', 12, '2017-12-09 16:10:49', '2010-06-01 21:39:32');
INSERT INTO `profiles` (`user_id`, `gender`, `birthday`, `city`, `photo_id`, `created_at`, `update_at`) VALUES (44, '', '1998-04-14', 'VonRuedenport', 69, '2015-07-31 09:50:17', '2011-02-20 20:25:08');
INSERT INTO `profiles` (`user_id`, `gender`, `birthday`, `city`, `photo_id`, `created_at`, `update_at`) VALUES (45, 'm', '1983-07-31', 'North Bria', 25, '2020-02-10 01:47:21', '2010-09-25 13:02:11');
INSERT INTO `profiles` (`user_id`, `gender`, `birthday`, `city`, `photo_id`, `created_at`, `update_at`) VALUES (46, 'm', '2008-12-27', 'Robertsborough', 82, '2020-02-13 17:24:53', '2016-11-10 04:56:28');
INSERT INTO `profiles` (`user_id`, `gender`, `birthday`, `city`, `photo_id`, `created_at`, `update_at`) VALUES (47, 'm', '2003-08-11', 'Bergnaumbury', 57, '2018-04-25 18:20:34', '2015-11-10 21:52:46');
INSERT INTO `profiles` (`user_id`, `gender`, `birthday`, `city`, `photo_id`, `created_at`, `update_at`) VALUES (48, 'm', '1992-02-04', 'Lake Theo', 32, '2014-03-01 12:13:01', '2017-06-27 07:38:48');
INSERT INTO `profiles` (`user_id`, `gender`, `birthday`, `city`, `photo_id`, `created_at`, `update_at`) VALUES (49, 'm', '1974-05-19', 'Millermouth', 48, '2015-07-25 15:26:01', '2016-01-10 05:48:54');
INSERT INTO `profiles` (`user_id`, `gender`, `birthday`, `city`, `photo_id`, `created_at`, `update_at`) VALUES (50, 'm', '1996-02-11', 'Uriahmouth', 85, '2014-02-05 19:25:20', '2019-10-21 02:00:20');
INSERT INTO `profiles` (`user_id`, `gender`, `birthday`, `city`, `photo_id`, `created_at`, `update_at`) VALUES (51, 'm', '1987-02-02', 'Dejastad', 56, '2019-01-09 20:04:34', '2013-10-19 18:48:39');
INSERT INTO `profiles` (`user_id`, `gender`, `birthday`, `city`, `photo_id`, `created_at`, `update_at`) VALUES (52, '', '1997-06-12', 'North Fred', 73, '2015-05-26 01:46:43', '2018-04-29 18:12:23');
INSERT INTO `profiles` (`user_id`, `gender`, `birthday`, `city`, `photo_id`, `created_at`, `update_at`) VALUES (53, 'm', '2013-02-07', 'Halvorsonland', 52, '2012-09-04 15:15:42', '2011-10-22 08:36:45');
INSERT INTO `profiles` (`user_id`, `gender`, `birthday`, `city`, `photo_id`, `created_at`, `update_at`) VALUES (54, '', '2017-12-20', 'Hectormouth', 85, '2016-12-13 22:52:50', '2016-08-12 08:22:44');
INSERT INTO `profiles` (`user_id`, `gender`, `birthday`, `city`, `photo_id`, `created_at`, `update_at`) VALUES (55, 'm', '1997-01-25', 'Port Ransomborough', 70, '2017-04-02 06:07:57', '2018-08-21 11:00:49');
INSERT INTO `profiles` (`user_id`, `gender`, `birthday`, `city`, `photo_id`, `created_at`, `update_at`) VALUES (56, 'm', '1971-06-20', 'East Nikkomouth', 11, '2019-08-08 18:28:30', '2018-03-11 14:22:02');
INSERT INTO `profiles` (`user_id`, `gender`, `birthday`, `city`, `photo_id`, `created_at`, `update_at`) VALUES (57, 'm', '2020-03-28', 'East Lolita', 30, '2014-12-07 14:44:45', '2014-02-21 21:44:12');
INSERT INTO `profiles` (`user_id`, `gender`, `birthday`, `city`, `photo_id`, `created_at`, `update_at`) VALUES (58, '', '1974-07-12', 'South Ari', 69, '2018-03-19 13:29:21', '2013-02-09 00:31:09');
INSERT INTO `profiles` (`user_id`, `gender`, `birthday`, `city`, `photo_id`, `created_at`, `update_at`) VALUES (59, 'm', '1989-09-09', 'South Winfieldfort', 83, '2015-05-18 04:48:05', '2017-04-29 04:36:37');
INSERT INTO `profiles` (`user_id`, `gender`, `birthday`, `city`, `photo_id`, `created_at`, `update_at`) VALUES (60, 'm', '2018-05-27', 'North Virginieview', 74, '2015-07-23 00:13:35', '2019-02-03 02:24:58');
INSERT INTO `profiles` (`user_id`, `gender`, `birthday`, `city`, `photo_id`, `created_at`, `update_at`) VALUES (61, '', '1991-10-21', 'North Estaside', 60, '2017-03-16 01:56:46', '2016-11-18 03:08:15');
INSERT INTO `profiles` (`user_id`, `gender`, `birthday`, `city`, `photo_id`, `created_at`, `update_at`) VALUES (62, '', '1985-09-09', 'Collinsmouth', 41, '2017-01-18 19:34:30', '2017-12-19 07:17:44');
INSERT INTO `profiles` (`user_id`, `gender`, `birthday`, `city`, `photo_id`, `created_at`, `update_at`) VALUES (63, '', '1988-10-24', 'East Sandystad', 96, '2015-02-08 08:08:22', '2013-12-30 22:57:59');
INSERT INTO `profiles` (`user_id`, `gender`, `birthday`, `city`, `photo_id`, `created_at`, `update_at`) VALUES (64, 'm', '1993-02-25', 'Lake Rossieton', 24, '2016-08-02 05:03:39', '2018-12-19 20:45:35');
INSERT INTO `profiles` (`user_id`, `gender`, `birthday`, `city`, `photo_id`, `created_at`, `update_at`) VALUES (65, 'm', '2001-05-30', 'Port Claudieshire', 2, '2016-10-05 18:37:00', '2010-07-29 10:26:02');
INSERT INTO `profiles` (`user_id`, `gender`, `birthday`, `city`, `photo_id`, `created_at`, `update_at`) VALUES (66, 'm', '1976-12-17', 'Millerstad', 34, '2014-08-10 08:41:45', '2010-09-01 04:25:12');
INSERT INTO `profiles` (`user_id`, `gender`, `birthday`, `city`, `photo_id`, `created_at`, `update_at`) VALUES (67, '', '1995-10-31', 'Heidenreichstad', 52, '2020-01-08 20:00:59', '2015-09-28 18:03:53');
INSERT INTO `profiles` (`user_id`, `gender`, `birthday`, `city`, `photo_id`, `created_at`, `update_at`) VALUES (68, '', '2013-01-08', 'Lake Kendra', 34, '2011-08-17 09:36:34', '2011-06-12 18:48:27');
INSERT INTO `profiles` (`user_id`, `gender`, `birthday`, `city`, `photo_id`, `created_at`, `update_at`) VALUES (69, '', '2013-08-06', 'North Enosfurt', 48, '2015-04-10 21:46:35', '2012-10-01 09:24:20');
INSERT INTO `profiles` (`user_id`, `gender`, `birthday`, `city`, `photo_id`, `created_at`, `update_at`) VALUES (70, '', '1992-10-18', 'West Kathrynside', 41, '2011-03-18 12:31:57', '2011-09-13 09:33:12');
INSERT INTO `profiles` (`user_id`, `gender`, `birthday`, `city`, `photo_id`, `created_at`, `update_at`) VALUES (71, '', '2000-05-27', 'Dietrichhaven', 69, '2019-08-21 01:34:38', '2010-12-20 04:56:13');
INSERT INTO `profiles` (`user_id`, `gender`, `birthday`, `city`, `photo_id`, `created_at`, `update_at`) VALUES (72, 'm', '1988-10-22', 'East Joanie', 29, '2019-05-31 07:08:21', '2016-08-13 23:41:05');
INSERT INTO `profiles` (`user_id`, `gender`, `birthday`, `city`, `photo_id`, `created_at`, `update_at`) VALUES (73, 'm', '2006-07-06', 'Reillystad', 93, '2018-03-16 15:14:00', '2013-04-12 06:16:29');
INSERT INTO `profiles` (`user_id`, `gender`, `birthday`, `city`, `photo_id`, `created_at`, `update_at`) VALUES (74, 'm', '1972-10-29', 'Lake Ella', 31, '2019-11-01 19:27:20', '2018-06-01 01:11:30');
INSERT INTO `profiles` (`user_id`, `gender`, `birthday`, `city`, `photo_id`, `created_at`, `update_at`) VALUES (75, '', '1995-12-13', 'Madisonburgh', 45, '2014-04-15 23:37:54', '2016-01-16 20:39:49');
INSERT INTO `profiles` (`user_id`, `gender`, `birthday`, `city`, `photo_id`, `created_at`, `update_at`) VALUES (76, '', '1976-06-16', 'Murazikton', 1, '2019-11-07 09:39:03', '2010-09-16 12:12:49');
INSERT INTO `profiles` (`user_id`, `gender`, `birthday`, `city`, `photo_id`, `created_at`, `update_at`) VALUES (77, 'm', '1991-03-22', 'Melvinafurt', 10, '2019-07-06 05:17:34', '2010-08-16 07:52:21');
INSERT INTO `profiles` (`user_id`, `gender`, `birthday`, `city`, `photo_id`, `created_at`, `update_at`) VALUES (78, '', '2008-06-26', 'North America', 56, '2019-02-08 00:24:27', '2010-07-15 16:32:06');
INSERT INTO `profiles` (`user_id`, `gender`, `birthday`, `city`, `photo_id`, `created_at`, `update_at`) VALUES (79, 'm', '2019-12-08', 'Ernserfurt', 38, '2019-03-25 02:35:28', '2015-01-08 00:17:47');
INSERT INTO `profiles` (`user_id`, `gender`, `birthday`, `city`, `photo_id`, `created_at`, `update_at`) VALUES (80, 'm', '1996-10-26', 'North Zachariahfurt', 43, '2011-01-01 02:20:33', '2018-03-30 13:53:41');
INSERT INTO `profiles` (`user_id`, `gender`, `birthday`, `city`, `photo_id`, `created_at`, `update_at`) VALUES (81, 'm', '2008-02-27', 'Finnfort', 52, '2016-02-20 00:07:16', '2011-03-20 05:43:20');
INSERT INTO `profiles` (`user_id`, `gender`, `birthday`, `city`, `photo_id`, `created_at`, `update_at`) VALUES (82, 'm', '2008-10-10', 'Gillianbury', 9, '2017-10-02 11:10:17', '2019-12-23 02:07:24');
INSERT INTO `profiles` (`user_id`, `gender`, `birthday`, `city`, `photo_id`, `created_at`, `update_at`) VALUES (83, '', '2015-03-04', 'Daphneeton', 46, '2014-06-19 17:55:35', '2018-08-09 15:39:13');
INSERT INTO `profiles` (`user_id`, `gender`, `birthday`, `city`, `photo_id`, `created_at`, `update_at`) VALUES (84, 'm', '1992-09-15', 'Port Alessiaside', 69, '2019-10-18 02:57:47', '2018-09-09 08:00:39');
INSERT INTO `profiles` (`user_id`, `gender`, `birthday`, `city`, `photo_id`, `created_at`, `update_at`) VALUES (85, 'm', '1982-05-30', 'Clarabelleside', 91, '2011-03-04 01:06:08', '2017-05-25 17:43:18');
INSERT INTO `profiles` (`user_id`, `gender`, `birthday`, `city`, `photo_id`, `created_at`, `update_at`) VALUES (86, '', '2017-11-11', 'New Maritzaborough', 57, '2019-03-27 19:02:43', '2010-08-24 03:27:05');
INSERT INTO `profiles` (`user_id`, `gender`, `birthday`, `city`, `photo_id`, `created_at`, `update_at`) VALUES (87, 'm', '1979-09-08', 'McClureview', 89, '2010-04-23 10:11:03', '2020-02-06 11:32:49');
INSERT INTO `profiles` (`user_id`, `gender`, `birthday`, `city`, `photo_id`, `created_at`, `update_at`) VALUES (88, '', '1982-03-12', 'New Darrion', 87, '2014-01-19 00:09:58', '2011-06-23 18:03:46');
INSERT INTO `profiles` (`user_id`, `gender`, `birthday`, `city`, `photo_id`, `created_at`, `update_at`) VALUES (89, 'm', '2011-10-26', 'Johnschester', 22, '2018-02-22 08:45:35', '2010-08-28 20:48:59');
INSERT INTO `profiles` (`user_id`, `gender`, `birthday`, `city`, `photo_id`, `created_at`, `update_at`) VALUES (90, 'm', '1980-08-25', 'West Heatherbury', 34, '2014-02-24 11:27:29', '2017-01-16 20:48:29');
INSERT INTO `profiles` (`user_id`, `gender`, `birthday`, `city`, `photo_id`, `created_at`, `update_at`) VALUES (91, 'm', '1971-07-28', 'New Francomouth', 87, '2012-04-03 00:24:57', '2019-09-30 16:24:19');
INSERT INTO `profiles` (`user_id`, `gender`, `birthday`, `city`, `photo_id`, `created_at`, `update_at`) VALUES (92, 'm', '1978-12-16', 'Patsybury', 28, '2013-10-16 02:10:39', '2016-10-04 04:30:13');
INSERT INTO `profiles` (`user_id`, `gender`, `birthday`, `city`, `photo_id`, `created_at`, `update_at`) VALUES (93, '', '1987-07-02', 'Ginotown', 65, '2016-08-22 23:14:13', '2013-05-31 21:23:56');
INSERT INTO `profiles` (`user_id`, `gender`, `birthday`, `city`, `photo_id`, `created_at`, `update_at`) VALUES (94, '', '2009-09-09', 'Kuhnton', 22, '2017-04-28 09:48:58', '2020-02-17 14:30:56');
INSERT INTO `profiles` (`user_id`, `gender`, `birthday`, `city`, `photo_id`, `created_at`, `update_at`) VALUES (95, '', '2009-10-15', 'Clementinaberg', 36, '2015-08-10 09:44:36', '2017-03-05 07:46:08');
INSERT INTO `profiles` (`user_id`, `gender`, `birthday`, `city`, `photo_id`, `created_at`, `update_at`) VALUES (96, 'm', '1993-03-08', 'Harveyborough', 77, '2010-10-10 12:59:35', '2018-03-08 18:30:31');
INSERT INTO `profiles` (`user_id`, `gender`, `birthday`, `city`, `photo_id`, `created_at`, `update_at`) VALUES (97, '', '1984-06-07', 'Selmerfort', 24, '2016-04-30 04:23:38', '2016-08-05 09:40:16');
INSERT INTO `profiles` (`user_id`, `gender`, `birthday`, `city`, `photo_id`, `created_at`, `update_at`) VALUES (98, '', '2015-03-12', 'North Ludieland', 95, '2012-08-17 12:04:07', '2013-02-20 01:59:58');
INSERT INTO `profiles` (`user_id`, `gender`, `birthday`, `city`, `photo_id`, `created_at`, `update_at`) VALUES (99, '', '1979-01-09', 'Kuhnton', 60, '2017-04-30 06:40:25', '2017-07-01 10:50:56');
INSERT INTO `profiles` (`user_id`, `gender`, `birthday`, `city`, `photo_id`, `created_at`, `update_at`) VALUES (100, '', '1986-05-12', 'Lonnieville', 14, '2017-11-01 01:18:59', '2016-08-13 04:49:04');


#
# TABLE STRUCTURE FOR: users
#

DROP TABLE IF EXISTS `users`;

CREATE TABLE `users` (
  `id` int(10) unsigned NOT NULL AUTO_INCREMENT,
  `first_name` varchar(100) COLLATE utf8_unicode_ci NOT NULL,
  `last_name` varchar(100) COLLATE utf8_unicode_ci NOT NULL,
  `email` varchar(120) COLLATE utf8_unicode_ci NOT NULL,
  `phone` varchar(120) COLLATE utf8_unicode_ci NOT NULL,
  `created_at` datetime DEFAULT current_timestamp(),
  `update_at` datetime DEFAULT current_timestamp() ON UPDATE current_timestamp(),
  PRIMARY KEY (`id`),
  UNIQUE KEY `email` (`email`),
  UNIQUE KEY `phone` (`phone`)
) ENGINE=InnoDB AUTO_INCREMENT=101 DEFAULT CHARSET=utf8 COLLATE=utf8_unicode_ci;

INSERT INTO `users` (`id`, `first_name`, `last_name`, `email`, `phone`, `created_at`, `update_at`) VALUES (1, 'Malinda', 'Mertz', 'gaylord.candice@example.com', '+26(3)0706028096', '2011-02-10 13:54:34', '2014-03-17 08:54:59');
INSERT INTO `users` (`id`, `first_name`, `last_name`, `email`, `phone`, `created_at`, `update_at`) VALUES (2, 'Monique', 'Farrell', 'zelda99@example.net', '1-254-126-1275', '2016-03-15 21:43:25', '2013-01-02 03:44:23');
INSERT INTO `users` (`id`, `first_name`, `last_name`, `email`, `phone`, `created_at`, `update_at`) VALUES (3, 'Magnolia', 'Franecki', 'selina.shanahan@example.net', '743.343.4203x589', '2014-01-16 02:45:12', '2012-04-07 06:08:09');
INSERT INTO `users` (`id`, `first_name`, `last_name`, `email`, `phone`, `created_at`, `update_at`) VALUES (4, 'Betty', 'Gibson', 'prosacco.mckayla@example.net', '835.371.1994x6117', '2018-10-16 14:04:33', '2014-06-25 17:33:13');
INSERT INTO `users` (`id`, `first_name`, `last_name`, `email`, `phone`, `created_at`, `update_at`) VALUES (5, 'Nikita', 'O\'Kon', 'johnson.lazaro@example.com', '+36(2)7909245464', '2018-09-07 22:10:06', '2015-03-30 06:07:35');
INSERT INTO `users` (`id`, `first_name`, `last_name`, `email`, `phone`, `created_at`, `update_at`) VALUES (6, 'Juana', 'VonRueden', 'harvey.darryl@example.org', '310.452.9254', '2012-12-05 14:55:01', '2010-11-15 11:18:48');
INSERT INTO `users` (`id`, `first_name`, `last_name`, `email`, `phone`, `created_at`, `update_at`) VALUES (7, 'Fausto', 'Witting', 'bmckenzie@example.net', '09741832180', '2015-04-11 21:25:36', '2015-02-24 17:43:30');
INSERT INTO `users` (`id`, `first_name`, `last_name`, `email`, `phone`, `created_at`, `update_at`) VALUES (8, 'Mariam', 'Fadel', 'bergnaum.carli@example.com', '253.133.9964x105', '2011-08-02 12:55:40', '2014-11-14 09:52:37');
INSERT INTO `users` (`id`, `first_name`, `last_name`, `email`, `phone`, `created_at`, `update_at`) VALUES (9, 'Dejuan', 'Balistreri', 'blowe@example.com', '1-222-721-3851', '2016-12-30 08:58:31', '2014-10-14 09:30:19');
INSERT INTO `users` (`id`, `first_name`, `last_name`, `email`, `phone`, `created_at`, `update_at`) VALUES (10, 'Emerald', 'O\'Kon', 'crist.raymundo@example.net', '393-237-7472x62706', '2012-08-25 19:23:07', '2012-02-08 17:48:27');
INSERT INTO `users` (`id`, `first_name`, `last_name`, `email`, `phone`, `created_at`, `update_at`) VALUES (11, 'Garry', 'Runolfsdottir', 'aarmstrong@example.net', '825-370-8628', '2017-08-30 01:47:44', '2017-06-25 16:18:38');
INSERT INTO `users` (`id`, `first_name`, `last_name`, `email`, `phone`, `created_at`, `update_at`) VALUES (12, 'Jessica', 'Torphy', 'florine.watsica@example.com', '290.300.1212x3016', '2012-04-05 08:30:56', '2014-02-09 01:49:28');
INSERT INTO `users` (`id`, `first_name`, `last_name`, `email`, `phone`, `created_at`, `update_at`) VALUES (13, 'Raegan', 'Harris', 'pedro.emard@example.net', '334-324-0891x73105', '2011-05-04 23:59:47', '2016-04-01 07:55:47');
INSERT INTO `users` (`id`, `first_name`, `last_name`, `email`, `phone`, `created_at`, `update_at`) VALUES (14, 'Valentin', 'Rice', 'ora83@example.com', '1-163-320-8598x6219', '2015-12-14 08:22:57', '2012-09-16 06:56:52');
INSERT INTO `users` (`id`, `first_name`, `last_name`, `email`, `phone`, `created_at`, `update_at`) VALUES (15, 'Emelia', 'Schaden', 'imetz@example.org', '466.199.7855x52696', '2015-09-20 10:05:07', '2018-08-11 06:30:09');
INSERT INTO `users` (`id`, `first_name`, `last_name`, `email`, `phone`, `created_at`, `update_at`) VALUES (16, 'Ford', 'Hoppe', 'vernice75@example.net', '730.296.9081x21822', '2013-10-28 09:06:58', '2015-02-17 13:25:33');
INSERT INTO `users` (`id`, `first_name`, `last_name`, `email`, `phone`, `created_at`, `update_at`) VALUES (17, 'Freida', 'Swaniawski', 'xcummings@example.com', '1-739-163-7209x116', '2013-03-26 08:27:23', '2016-09-09 03:52:21');
INSERT INTO `users` (`id`, `first_name`, `last_name`, `email`, `phone`, `created_at`, `update_at`) VALUES (18, 'Everette', 'McDermott', 'denesik.kaelyn@example.net', '(283)340-6406x2562', '2014-03-10 10:03:13', '2019-05-17 04:47:15');
INSERT INTO `users` (`id`, `first_name`, `last_name`, `email`, `phone`, `created_at`, `update_at`) VALUES (19, 'Izaiah', 'Konopelski', 'fschmidt@example.com', '1-452-876-1724x96586', '2013-09-12 14:43:44', '2010-09-23 00:07:55');
INSERT INTO `users` (`id`, `first_name`, `last_name`, `email`, `phone`, `created_at`, `update_at`) VALUES (20, 'Dusty', 'Bosco', 'qkiehn@example.com', '1-741-466-8148', '2014-10-25 16:03:38', '2018-04-14 08:51:06');
INSERT INTO `users` (`id`, `first_name`, `last_name`, `email`, `phone`, `created_at`, `update_at`) VALUES (21, 'Arvilla', 'Kozey', 'abernathy.madalyn@example.com', '02525005014', '2019-06-19 03:24:47', '2015-10-21 10:37:25');
INSERT INTO `users` (`id`, `first_name`, `last_name`, `email`, `phone`, `created_at`, `update_at`) VALUES (22, 'Adriel', 'Leuschke', 'breitenberg.ally@example.com', '1-794-284-1493x50390', '2010-06-28 02:04:13', '2019-12-10 13:26:49');
INSERT INTO `users` (`id`, `first_name`, `last_name`, `email`, `phone`, `created_at`, `update_at`) VALUES (23, 'Otha', 'Kuhlman', 'ibatz@example.net', '1-743-467-8578x51051', '2013-04-01 10:44:14', '2015-06-01 10:09:24');
INSERT INTO `users` (`id`, `first_name`, `last_name`, `email`, `phone`, `created_at`, `update_at`) VALUES (24, 'Khalil', 'Feeney', 'bbreitenberg@example.org', '+09(9)2614660288', '2015-12-28 04:41:32', '2019-08-11 05:24:00');
INSERT INTO `users` (`id`, `first_name`, `last_name`, `email`, `phone`, `created_at`, `update_at`) VALUES (25, 'Reginald', 'Jacobi', 'shilll@example.com', '+54(4)6286154179', '2011-06-26 01:40:29', '2010-07-25 09:28:38');
INSERT INTO `users` (`id`, `first_name`, `last_name`, `email`, `phone`, `created_at`, `update_at`) VALUES (26, 'Dan', 'Zboncak', 'marjorie09@example.net', '264.715.9928x68971', '2016-02-29 19:36:51', '2018-03-16 04:35:27');
INSERT INTO `users` (`id`, `first_name`, `last_name`, `email`, `phone`, `created_at`, `update_at`) VALUES (27, 'Rahsaan', 'Windler', 'osbaldo57@example.com', '(164)777-0588x585', '2017-07-27 21:45:25', '2011-05-07 10:04:39');
INSERT INTO `users` (`id`, `first_name`, `last_name`, `email`, `phone`, `created_at`, `update_at`) VALUES (28, 'William', 'Zemlak', 'dorthy.zemlak@example.org', '+05(6)3377375252', '2011-04-02 12:22:43', '2018-06-01 04:22:14');
INSERT INTO `users` (`id`, `first_name`, `last_name`, `email`, `phone`, `created_at`, `update_at`) VALUES (29, 'Florence', 'Keebler', 'sammie41@example.net', '(123)891-4842x0946', '2018-10-31 04:55:09', '2010-09-16 13:09:16');
INSERT INTO `users` (`id`, `first_name`, `last_name`, `email`, `phone`, `created_at`, `update_at`) VALUES (30, 'Kaela', 'Gottlieb', 'cierra47@example.net', '662.618.6786', '2018-03-27 10:23:26', '2013-09-12 07:03:28');
INSERT INTO `users` (`id`, `first_name`, `last_name`, `email`, `phone`, `created_at`, `update_at`) VALUES (31, 'Rubye', 'Rutherford', 'danny.berge@example.net', '048-946-2938', '2014-04-28 01:23:02', '2013-11-02 21:17:21');
INSERT INTO `users` (`id`, `first_name`, `last_name`, `email`, `phone`, `created_at`, `update_at`) VALUES (32, 'Kristy', 'Quitzon', 'rogahn.kris@example.org', '549.874.6932x870', '2014-07-16 20:29:43', '2016-10-27 01:01:00');
INSERT INTO `users` (`id`, `first_name`, `last_name`, `email`, `phone`, `created_at`, `update_at`) VALUES (33, 'Jude', 'Goyette', 'aaufderhar@example.com', '1-498-009-7024x2348', '2014-10-24 14:50:58', '2019-10-07 04:48:56');
INSERT INTO `users` (`id`, `first_name`, `last_name`, `email`, `phone`, `created_at`, `update_at`) VALUES (34, 'Issac', 'Welch', 'noemie76@example.org', '02296232860', '2015-07-25 00:11:45', '2017-02-28 21:18:21');
INSERT INTO `users` (`id`, `first_name`, `last_name`, `email`, `phone`, `created_at`, `update_at`) VALUES (35, 'Jeff', 'Bergstrom', 'ryan.santa@example.net', '(809)941-8339x2197', '2014-10-23 16:13:12', '2016-07-22 03:40:17');
INSERT INTO `users` (`id`, `first_name`, `last_name`, `email`, `phone`, `created_at`, `update_at`) VALUES (36, 'Esperanza', 'Lesch', 'wkautzer@example.org', '(751)182-1574x9950', '2012-08-04 17:05:02', '2015-07-21 01:06:09');
INSERT INTO `users` (`id`, `first_name`, `last_name`, `email`, `phone`, `created_at`, `update_at`) VALUES (37, 'Jovany', 'Block', 'feil.bud@example.org', '(048)507-1045x0434', '2011-07-01 04:52:43', '2014-12-29 19:33:25');
INSERT INTO `users` (`id`, `first_name`, `last_name`, `email`, `phone`, `created_at`, `update_at`) VALUES (38, 'Chanel', 'Lueilwitz', 'bill.boehm@example.org', '338.835.7630', '2019-07-13 21:00:29', '2018-05-25 07:56:28');
INSERT INTO `users` (`id`, `first_name`, `last_name`, `email`, `phone`, `created_at`, `update_at`) VALUES (39, 'Alexandrine', 'Schowalter', 'fblick@example.com', '(855)428-3901x42998', '2012-12-31 01:30:05', '2017-06-27 12:29:26');
INSERT INTO `users` (`id`, `first_name`, `last_name`, `email`, `phone`, `created_at`, `update_at`) VALUES (40, 'Sarah', 'Russel', 'grace.zboncak@example.org', '1-388-452-6390', '2015-07-16 11:52:48', '2013-09-27 02:33:25');
INSERT INTO `users` (`id`, `first_name`, `last_name`, `email`, `phone`, `created_at`, `update_at`) VALUES (41, 'Giovanna', 'McDermott', 'nona.cassin@example.com', '774-556-1723x4922', '2014-07-25 07:09:26', '2013-09-13 04:57:14');
INSERT INTO `users` (`id`, `first_name`, `last_name`, `email`, `phone`, `created_at`, `update_at`) VALUES (42, 'Jamaal', 'Parisian', 'glover.salma@example.com', '867-780-3570', '2010-08-11 09:49:42', '2012-03-01 02:11:45');
INSERT INTO `users` (`id`, `first_name`, `last_name`, `email`, `phone`, `created_at`, `update_at`) VALUES (43, 'Aubrey', 'Schaefer', 'jzemlak@example.com', '1-539-586-4415x976', '2018-04-12 05:17:33', '2011-12-01 16:07:00');
INSERT INTO `users` (`id`, `first_name`, `last_name`, `email`, `phone`, `created_at`, `update_at`) VALUES (44, 'Reilly', 'Dickens', 'glangworth@example.net', '1-913-701-8017x290', '2019-01-26 04:52:45', '2018-04-21 13:10:37');
INSERT INTO `users` (`id`, `first_name`, `last_name`, `email`, `phone`, `created_at`, `update_at`) VALUES (45, 'Jarod', 'Mante', 'reginald20@example.com', '(650)115-3992x9436', '2015-10-04 04:15:02', '2014-12-11 16:57:22');
INSERT INTO `users` (`id`, `first_name`, `last_name`, `email`, `phone`, `created_at`, `update_at`) VALUES (46, 'Dudley', 'Funk', 'neha77@example.com', '807-856-4773x800', '2015-04-28 11:54:20', '2018-03-10 20:36:18');
INSERT INTO `users` (`id`, `first_name`, `last_name`, `email`, `phone`, `created_at`, `update_at`) VALUES (47, 'Mack', 'Schowalter', 'johnathan64@example.org', '(317)533-8084x258', '2018-01-07 14:36:07', '2018-01-26 15:49:40');
INSERT INTO `users` (`id`, `first_name`, `last_name`, `email`, `phone`, `created_at`, `update_at`) VALUES (48, 'Hipolito', 'Johns', 'lwalter@example.net', '(654)245-4907x2944', '2016-12-24 20:45:54', '2015-05-02 23:06:44');
INSERT INTO `users` (`id`, `first_name`, `last_name`, `email`, `phone`, `created_at`, `update_at`) VALUES (49, 'Samanta', 'Collier', 'asia98@example.com', '991.358.3098', '2010-11-07 12:49:09', '2019-06-15 11:25:00');
INSERT INTO `users` (`id`, `first_name`, `last_name`, `email`, `phone`, `created_at`, `update_at`) VALUES (50, 'Parker', 'Gutmann', 'iherman@example.net', '(973)313-3753', '2014-01-05 13:00:00', '2017-09-27 04:41:01');
INSERT INTO `users` (`id`, `first_name`, `last_name`, `email`, `phone`, `created_at`, `update_at`) VALUES (51, 'Cierra', 'Mitchell', 'msawayn@example.net', '117-815-8784', '2015-05-04 13:30:31', '2015-03-12 06:59:14');
INSERT INTO `users` (`id`, `first_name`, `last_name`, `email`, `phone`, `created_at`, `update_at`) VALUES (52, 'Haley', 'Conn', 'myrtle63@example.com', '171-671-1157x77505', '2015-06-11 05:16:55', '2019-08-04 22:22:31');
INSERT INTO `users` (`id`, `first_name`, `last_name`, `email`, `phone`, `created_at`, `update_at`) VALUES (53, 'Graham', 'Cartwright', 'wisoky.edison@example.net', '02231918367', '2011-12-28 04:22:42', '2011-01-09 21:44:35');
INSERT INTO `users` (`id`, `first_name`, `last_name`, `email`, `phone`, `created_at`, `update_at`) VALUES (54, 'Bruce', 'Hane', 'cleve.gulgowski@example.net', '771-235-8498x37328', '2015-03-29 12:05:22', '2014-07-16 09:24:43');
INSERT INTO `users` (`id`, `first_name`, `last_name`, `email`, `phone`, `created_at`, `update_at`) VALUES (55, 'Eveline', 'Greenholt', 'milford74@example.org', '1-215-125-1736', '2017-02-21 14:25:33', '2013-06-26 21:10:26');
INSERT INTO `users` (`id`, `first_name`, `last_name`, `email`, `phone`, `created_at`, `update_at`) VALUES (56, 'Trinity', 'Larson', 'zulauf.henri@example.org', '1-805-266-1019x59878', '2011-06-26 13:57:07', '2017-04-18 15:52:18');
INSERT INTO `users` (`id`, `first_name`, `last_name`, `email`, `phone`, `created_at`, `update_at`) VALUES (57, 'Jadyn', 'Wisozk', 'dgerlach@example.net', '967.270.4600x9184', '2014-01-25 04:49:36', '2019-06-09 09:18:25');
INSERT INTO `users` (`id`, `first_name`, `last_name`, `email`, `phone`, `created_at`, `update_at`) VALUES (58, 'Patrick', 'Yost', 'alia14@example.com', '+05(7)7047734623', '2018-04-18 03:31:29', '2011-01-14 07:28:48');
INSERT INTO `users` (`id`, `first_name`, `last_name`, `email`, `phone`, `created_at`, `update_at`) VALUES (59, 'Vincenza', 'Hoppe', 'catalina.reichel@example.net', '488.293.4653x34527', '2015-08-15 10:31:22', '2012-02-29 11:30:11');
INSERT INTO `users` (`id`, `first_name`, `last_name`, `email`, `phone`, `created_at`, `update_at`) VALUES (60, 'Joanny', 'Haag', 'handerson@example.net', '108-077-8110', '2016-10-05 15:36:33', '2016-09-22 06:29:07');
INSERT INTO `users` (`id`, `first_name`, `last_name`, `email`, `phone`, `created_at`, `update_at`) VALUES (61, 'Mariano', 'Runolfsdottir', 'stracke.omari@example.com', '+37(7)7097640395', '2015-10-29 14:16:01', '2020-01-26 20:26:02');
INSERT INTO `users` (`id`, `first_name`, `last_name`, `email`, `phone`, `created_at`, `update_at`) VALUES (62, 'Tom', 'Quitzon', 'alvina79@example.com', '08448519618', '2016-06-02 10:42:14', '2011-11-12 18:05:06');
INSERT INTO `users` (`id`, `first_name`, `last_name`, `email`, `phone`, `created_at`, `update_at`) VALUES (63, 'Favian', 'Frami', 'lbosco@example.com', '750.625.7031', '2013-01-03 06:07:57', '2013-12-05 11:20:20');
INSERT INTO `users` (`id`, `first_name`, `last_name`, `email`, `phone`, `created_at`, `update_at`) VALUES (64, 'Jaeden', 'Wiza', 'bmitchell@example.net', '1-874-526-2528x967', '2018-10-13 19:05:42', '2017-05-14 07:47:05');
INSERT INTO `users` (`id`, `first_name`, `last_name`, `email`, `phone`, `created_at`, `update_at`) VALUES (65, 'Emma', 'Jenkins', 'dovie.jones@example.org', '(014)293-0227x244', '2014-11-05 07:13:49', '2017-12-13 22:18:29');
INSERT INTO `users` (`id`, `first_name`, `last_name`, `email`, `phone`, `created_at`, `update_at`) VALUES (66, 'Jaylon', 'Bruen', 'ceasar.anderson@example.com', '1-970-696-3450', '2015-08-20 18:13:56', '2016-06-17 12:53:18');
INSERT INTO `users` (`id`, `first_name`, `last_name`, `email`, `phone`, `created_at`, `update_at`) VALUES (67, 'Crystal', 'Carroll', 'jkassulke@example.com', '(846)207-9430x945', '2011-11-03 04:24:37', '2016-03-14 19:10:36');
INSERT INTO `users` (`id`, `first_name`, `last_name`, `email`, `phone`, `created_at`, `update_at`) VALUES (68, 'Caleb', 'Kuhn', 'kulas.william@example.net', '+04(2)0262701259', '2010-04-09 08:16:45', '2010-12-24 08:16:02');
INSERT INTO `users` (`id`, `first_name`, `last_name`, `email`, `phone`, `created_at`, `update_at`) VALUES (69, 'Angel', 'Leffler', 'igreenholt@example.org', '+90(4)9848206909', '2010-09-29 22:54:30', '2019-08-05 21:27:39');
INSERT INTO `users` (`id`, `first_name`, `last_name`, `email`, `phone`, `created_at`, `update_at`) VALUES (70, 'Kaitlin', 'Hilll', 'pschamberger@example.com', '06411022982', '2014-07-29 11:56:14', '2016-12-05 03:49:27');
INSERT INTO `users` (`id`, `first_name`, `last_name`, `email`, `phone`, `created_at`, `update_at`) VALUES (71, 'Mariam', 'Kiehn', 'hquigley@example.org', '06761109133', '2014-01-19 21:20:49', '2018-02-15 10:38:18');
INSERT INTO `users` (`id`, `first_name`, `last_name`, `email`, `phone`, `created_at`, `update_at`) VALUES (72, 'Brian', 'Borer', 'cecilia.renner@example.com', '(706)520-5605x915', '2014-07-27 04:12:24', '2018-01-28 15:54:11');
INSERT INTO `users` (`id`, `first_name`, `last_name`, `email`, `phone`, `created_at`, `update_at`) VALUES (73, 'Karolann', 'Cruickshank', 'evangeline59@example.com', '186-302-5209', '2014-12-07 02:53:10', '2013-09-09 09:19:55');
INSERT INTO `users` (`id`, `first_name`, `last_name`, `email`, `phone`, `created_at`, `update_at`) VALUES (74, 'Norris', 'Turner', 'gfarrell@example.org', '1-320-851-8577', '2010-04-15 19:54:39', '2015-07-19 22:52:53');
INSERT INTO `users` (`id`, `first_name`, `last_name`, `email`, `phone`, `created_at`, `update_at`) VALUES (75, 'Gloria', 'Gibson', 'aubree44@example.com', '921.659.7671', '2017-01-03 13:47:56', '2013-11-29 11:17:28');
INSERT INTO `users` (`id`, `first_name`, `last_name`, `email`, `phone`, `created_at`, `update_at`) VALUES (76, 'Alvina', 'Pfannerstill', 'alverta14@example.org', '(835)558-6454', '2016-04-22 12:31:22', '2013-12-25 15:08:02');
INSERT INTO `users` (`id`, `first_name`, `last_name`, `email`, `phone`, `created_at`, `update_at`) VALUES (77, 'Gus', 'Kreiger', 'morar.dana@example.org', '311.228.6027x37552', '2015-05-04 18:18:41', '2013-05-20 21:18:53');
INSERT INTO `users` (`id`, `first_name`, `last_name`, `email`, `phone`, `created_at`, `update_at`) VALUES (78, 'Reynold', 'Hermiston', 'gleichner.shanie@example.com', '256.301.4077x283', '2019-02-11 14:11:59', '2011-05-30 21:41:18');
INSERT INTO `users` (`id`, `first_name`, `last_name`, `email`, `phone`, `created_at`, `update_at`) VALUES (79, 'Rocky', 'Robel', 'layne47@example.org', '080.129.7173', '2011-10-27 08:21:03', '2020-01-12 07:50:15');
INSERT INTO `users` (`id`, `first_name`, `last_name`, `email`, `phone`, `created_at`, `update_at`) VALUES (80, 'Imogene', 'Gibson', 'telly.howe@example.com', '+92(7)6167434087', '2011-01-11 20:34:09', '2014-07-13 22:51:36');
INSERT INTO `users` (`id`, `first_name`, `last_name`, `email`, `phone`, `created_at`, `update_at`) VALUES (81, 'Leanne', 'Pfannerstill', 'trantow.era@example.net', '(976)476-9610x4119', '2013-11-14 03:22:29', '2016-03-04 09:05:47');
INSERT INTO `users` (`id`, `first_name`, `last_name`, `email`, `phone`, `created_at`, `update_at`) VALUES (82, 'Kadin', 'Raynor', 'franecki.lewis@example.com', '030-382-2145', '2014-03-10 06:29:48', '2016-04-28 19:28:18');
INSERT INTO `users` (`id`, `first_name`, `last_name`, `email`, `phone`, `created_at`, `update_at`) VALUES (83, 'Estevan', 'Schmitt', 'west.corine@example.net', '1-243-080-8989x9060', '2018-10-31 14:57:53', '2017-05-14 19:53:52');
INSERT INTO `users` (`id`, `first_name`, `last_name`, `email`, `phone`, `created_at`, `update_at`) VALUES (84, 'Kelvin', 'Cartwright', 'anahi.lockman@example.com', '588-756-8850x14298', '2013-11-22 15:43:27', '2013-08-22 13:10:48');
INSERT INTO `users` (`id`, `first_name`, `last_name`, `email`, `phone`, `created_at`, `update_at`) VALUES (85, 'Judd', 'Funk', 'reese82@example.net', '+26(9)7043738410', '2019-11-19 02:58:14', '2014-07-28 21:39:17');
INSERT INTO `users` (`id`, `first_name`, `last_name`, `email`, `phone`, `created_at`, `update_at`) VALUES (86, 'Flavie', 'Corwin', 'bertha83@example.net', '055.443.0256x79866', '2011-02-07 20:48:45', '2016-07-30 12:50:35');
INSERT INTO `users` (`id`, `first_name`, `last_name`, `email`, `phone`, `created_at`, `update_at`) VALUES (87, 'Akeem', 'Kunze', 'trantow.ruthe@example.net', '01293072316', '2014-06-26 06:09:48', '2014-05-04 15:20:22');
INSERT INTO `users` (`id`, `first_name`, `last_name`, `email`, `phone`, `created_at`, `update_at`) VALUES (88, 'Marjorie', 'Marks', 'armani.heidenreich@example.org', '102.899.4423x265', '2019-07-08 10:38:46', '2013-01-18 00:38:16');
INSERT INTO `users` (`id`, `first_name`, `last_name`, `email`, `phone`, `created_at`, `update_at`) VALUES (89, 'Delaney', 'Mann', 'serenity69@example.com', '794-954-8142x757', '2010-04-16 16:35:30', '2015-12-26 07:05:07');
INSERT INTO `users` (`id`, `first_name`, `last_name`, `email`, `phone`, `created_at`, `update_at`) VALUES (90, 'Kayla', 'Shanahan', 'mabel.emard@example.com', '1-329-612-9787', '2012-03-06 00:12:07', '2015-06-13 13:52:47');
INSERT INTO `users` (`id`, `first_name`, `last_name`, `email`, `phone`, `created_at`, `update_at`) VALUES (91, 'Reyna', 'Kilback', 'camron23@example.com', '1-747-701-3292', '2012-06-10 09:24:33', '2017-03-19 13:48:25');
INSERT INTO `users` (`id`, `first_name`, `last_name`, `email`, `phone`, `created_at`, `update_at`) VALUES (92, 'Alfred', 'O\'Keefe', 'blanda.trever@example.com', '418.812.1338', '2010-07-24 22:59:39', '2018-10-24 02:43:34');
INSERT INTO `users` (`id`, `first_name`, `last_name`, `email`, `phone`, `created_at`, `update_at`) VALUES (93, 'Laverna', 'Dickinson', 'zgaylord@example.org', '(511)778-8379x449', '2018-03-19 14:34:21', '2014-03-18 07:00:51');
INSERT INTO `users` (`id`, `first_name`, `last_name`, `email`, `phone`, `created_at`, `update_at`) VALUES (94, 'Kellie', 'Marks', 'mcartwright@example.net', '1-041-520-3570', '2014-05-13 03:41:02', '2017-01-10 23:21:02');
INSERT INTO `users` (`id`, `first_name`, `last_name`, `email`, `phone`, `created_at`, `update_at`) VALUES (95, 'Kade', 'Schuppe', 'iliana.jacobson@example.com', '321-490-3513', '2017-12-02 05:02:47', '2017-11-26 04:39:58');
INSERT INTO `users` (`id`, `first_name`, `last_name`, `email`, `phone`, `created_at`, `update_at`) VALUES (96, 'Margarita', 'Smitham', 'koch.uriel@example.com', '(380)235-6019', '2017-02-11 16:27:09', '2019-08-05 13:06:17');
INSERT INTO `users` (`id`, `first_name`, `last_name`, `email`, `phone`, `created_at`, `update_at`) VALUES (97, 'Jay', 'Connelly', 'bkemmer@example.org', '372-424-1582x8864', '2013-12-22 12:06:23', '2010-12-29 20:52:05');
INSERT INTO `users` (`id`, `first_name`, `last_name`, `email`, `phone`, `created_at`, `update_at`) VALUES (98, 'Emily', 'Labadie', 'samara.kreiger@example.net', '008-965-9360x6202', '2016-03-13 03:55:21', '2019-12-23 06:37:45');
INSERT INTO `users` (`id`, `first_name`, `last_name`, `email`, `phone`, `created_at`, `update_at`) VALUES (99, 'Elza', 'Hintz', 'gaylord.demetris@example.org', '(910)500-8209', '2019-05-13 04:14:10', '2018-04-20 02:47:54');
INSERT INTO `users` (`id`, `first_name`, `last_name`, `email`, `phone`, `created_at`, `update_at`) VALUES (100, 'Dorris', 'Cole', 'rosendo.zulauf@example.com', '1-691-571-6896', '2011-07-06 14:50:43', '2010-12-09 00:17:35');


