-- MySQL dump 10.13  Distrib 8.0.19, for Linux (x86_64)
--
-- Host: localhost    Database: my_vk
-- ------------------------------------------------------
-- Server version	8.0.19

/*!40101 SET @OLD_CHARACTER_SET_CLIENT=@@CHARACTER_SET_CLIENT */;
/*!40101 SET @OLD_CHARACTER_SET_RESULTS=@@CHARACTER_SET_RESULTS */;
/*!40101 SET @OLD_COLLATION_CONNECTION=@@COLLATION_CONNECTION */;
/*!50503 SET NAMES utf8mb4 */;
/*!40103 SET @OLD_TIME_ZONE=@@TIME_ZONE */;
/*!40103 SET TIME_ZONE='+00:00' */;
/*!40014 SET @OLD_UNIQUE_CHECKS=@@UNIQUE_CHECKS, UNIQUE_CHECKS=0 */;
/*!40014 SET @OLD_FOREIGN_KEY_CHECKS=@@FOREIGN_KEY_CHECKS, FOREIGN_KEY_CHECKS=0 */;
/*!40101 SET @OLD_SQL_MODE=@@SQL_MODE, SQL_MODE='NO_AUTO_VALUE_ON_ZERO' */;
/*!40111 SET @OLD_SQL_NOTES=@@SQL_NOTES, SQL_NOTES=0 */;

--
-- Table structure for table `communities`
--

DROP TABLE IF EXISTS `communities`;
/*!40101 SET @saved_cs_client     = @@character_set_client */;
/*!50503 SET character_set_client = utf8mb4 */;
CREATE TABLE `communities` (
  `id` int unsigned NOT NULL AUTO_INCREMENT,
  `name` varchar(150) CHARACTER SET utf8 COLLATE utf8_unicode_ci NOT NULL,
  PRIMARY KEY (`id`),
  UNIQUE KEY `name` (`name`)
) ENGINE=InnoDB AUTO_INCREMENT=101 DEFAULT CHARSET=utf8 COLLATE=utf8_unicode_ci;
/*!40101 SET character_set_client = @saved_cs_client */;

--
-- Dumping data for table `communities`
--

LOCK TABLES `communities` WRITE;
/*!40000 ALTER TABLE `communities` DISABLE KEYS */;
INSERT INTO `communities` VALUES (12,'ad'),(20,'atque'),(1,'blanditiis'),(5,'dicta'),(16,'dolor'),(14,'dolores'),(8,'et'),(2,'eveniet'),(17,'ipsam'),(10,'necessitatibus'),(18,'nemo'),(19,'nostrum'),(4,'nulla'),(6,'placeat'),(7,'quidem'),(9,'quos'),(15,'sit'),(3,'unde'),(11,'ut'),(13,'voluptatem');
/*!40000 ALTER TABLE `communities` ENABLE KEYS */;
UNLOCK TABLES;

--
-- Table structure for table `communities_users`
--

DROP TABLE IF EXISTS `communities_users`;
/*!40101 SET @saved_cs_client     = @@character_set_client */;
/*!50503 SET character_set_client = utf8mb4 */;
CREATE TABLE `communities_users` (
  `community_id` int unsigned NOT NULL,
  `user_id` int unsigned NOT NULL,
  PRIMARY KEY (`community_id`,`user_id`)
) ENGINE=InnoDB DEFAULT CHARSET=utf8 COLLATE=utf8_unicode_ci;
/*!40101 SET character_set_client = @saved_cs_client */;

--
-- Dumping data for table `communities_users`
--

LOCK TABLES `communities_users` WRITE;
/*!40000 ALTER TABLE `communities_users` DISABLE KEYS */;
INSERT INTO `communities_users` VALUES (1,21),(1,43),(1,61),(1,72),(1,76),(1,81),(2,2),(2,29),(2,60),(2,63),(3,7),(3,35),(3,40),(3,69),(4,12),(4,59),(4,74),(4,92),(5,66),(5,71),(5,80),(5,88),(5,97),(6,13),(6,86),(7,6),(7,9),(7,39),(7,49),(7,82),(7,91),(8,10),(8,52),(8,53),(8,55),(8,85),(9,17),(9,31),(9,47),(9,65),(9,78),(9,87),(10,5),(10,15),(10,73),(10,77),(10,84),(11,30),(11,46),(11,48),(11,57),(11,75),(11,98),(12,32),(12,58),(12,96),(13,19),(13,25),(13,34),(13,41),(14,4),(14,33),(14,36),(14,54),(15,8),(15,56),(15,70),(15,79),(15,83),(16,1),(16,16),(16,18),(16,20),(16,22),(16,26),(16,42),(16,44),(16,45),(17,11),(17,23),(17,24),(17,27),(17,38),(17,51),(17,62),(17,90),(17,95),(18,14),(18,93),(18,94),(18,99),(18,100),(19,28),(19,64),(19,67),(19,89),(20,3),(20,37),(20,50),(20,68);
/*!40000 ALTER TABLE `communities_users` ENABLE KEYS */;
UNLOCK TABLES;

--
-- Table structure for table `friendship`
--

DROP TABLE IF EXISTS `friendship`;
/*!40101 SET @saved_cs_client     = @@character_set_client */;
/*!50503 SET character_set_client = utf8mb4 */;
CREATE TABLE `friendship` (
  `user_id` int unsigned NOT NULL,
  `friend_id` int unsigned NOT NULL,
  `status_id` int unsigned NOT NULL,
  `requested_at` datetime DEFAULT CURRENT_TIMESTAMP,
  `confirmed_at` datetime DEFAULT NULL,
  PRIMARY KEY (`user_id`,`friend_id`)
) ENGINE=InnoDB DEFAULT CHARSET=utf8 COLLATE=utf8_unicode_ci;
/*!40101 SET character_set_client = @saved_cs_client */;

--
-- Dumping data for table `friendship`
--

LOCK TABLES `friendship` WRITE;
/*!40000 ALTER TABLE `friendship` DISABLE KEYS */;
INSERT INTO `friendship` VALUES (1,11,3,'2016-12-10 08:50:12','2020-04-02 23:02:25'),(1,24,1,'2015-01-13 20:47:42','2020-04-02 23:03:45'),(1,50,2,'2014-05-24 12:31:11','2020-04-02 23:03:45'),(2,29,2,'2011-07-12 09:52:37','2020-04-02 23:02:25'),(2,98,3,'2015-08-15 06:18:12','2020-04-02 23:03:45'),(3,7,3,'2011-09-12 20:59:03','2020-04-02 23:02:25'),(3,85,1,'2017-12-01 15:25:33','2020-04-02 23:02:25'),(4,23,1,'2014-11-06 21:36:24','2020-04-02 23:02:25'),(5,54,3,'2011-05-05 03:57:49','2020-04-02 23:02:25'),(6,47,2,'2017-04-16 23:00:09','2020-04-02 23:03:45'),(7,65,1,'2013-12-09 00:59:59','2020-04-02 23:02:25'),(7,84,1,'2011-11-30 03:15:22','2020-04-02 23:03:45'),(9,53,3,'2013-08-06 13:49:46','2020-04-02 23:03:45'),(9,100,1,'2011-11-26 02:27:29','2020-04-02 23:02:25'),(11,27,1,'2020-01-28 09:01:07','2020-04-02 23:03:45'),(11,58,1,'2014-08-06 11:29:01','2020-04-02 23:02:25'),(14,15,3,'2015-07-01 17:46:39','2020-04-02 23:02:25'),(14,39,3,'2013-09-21 14:45:22','2020-04-02 23:03:45'),(15,3,2,'2010-10-15 16:12:37','2020-04-02 23:02:25'),(15,31,3,'2010-08-03 18:48:23','2020-04-02 23:02:25'),(15,41,2,'2013-04-08 13:53:07','2020-04-02 23:03:45'),(15,70,1,'2019-02-18 17:52:39','2020-04-02 23:03:45'),(16,22,1,'2015-04-28 04:24:16','2020-04-02 23:02:25'),(17,45,3,'2011-03-10 06:39:43','2020-04-02 23:02:25'),(19,89,2,'2012-06-06 15:12:20','2020-04-02 23:02:25'),(20,15,1,'2012-07-27 01:39:18','2020-04-02 23:02:25'),(22,91,2,'2010-10-05 21:06:37','2020-04-02 23:02:25'),(23,30,1,'2010-05-23 22:39:55','2020-04-02 23:02:25'),(23,93,2,'2017-01-01 15:14:13','2020-04-02 23:02:25'),(24,46,3,'2011-06-04 15:50:46','2020-04-02 23:02:25'),(26,15,2,'2017-07-29 15:28:11','2020-04-02 23:03:45'),(26,18,2,'2017-01-23 01:07:31','2020-04-02 23:03:45'),(26,24,1,'2014-11-08 00:22:20','2020-04-02 23:03:45'),(26,75,3,'2013-11-14 01:34:45','2020-04-02 23:02:25'),(28,7,3,'2014-12-03 08:40:50','2020-04-02 23:03:45'),(29,95,2,'2014-01-15 06:29:41','2020-04-02 23:03:45'),(31,51,3,'2010-07-20 12:20:45','2020-04-02 23:02:25'),(32,16,3,'2015-06-09 05:12:57','2020-04-02 23:03:45'),(36,83,3,'2017-10-14 16:05:04','2020-04-02 23:02:25'),(37,24,2,'2013-10-23 21:28:44','2020-04-02 23:03:45'),(37,64,1,'2013-01-01 01:15:34','2020-04-02 23:03:45'),(38,51,1,'2016-01-03 12:49:23','2020-04-02 23:02:25'),(39,28,1,'2017-06-09 00:26:16','2020-04-02 23:03:45'),(40,12,1,'2017-06-18 08:59:37','2020-04-02 23:03:45'),(41,32,2,'2016-04-03 22:51:56','2020-04-02 23:02:25'),(41,69,3,'2012-12-28 06:49:03','2020-04-02 23:02:25'),(41,96,1,'2010-09-12 18:20:43','2020-04-02 23:02:25'),(42,57,1,'2012-01-12 04:58:15','2020-04-02 23:02:25'),(43,58,3,'2017-09-04 22:21:41','2020-04-02 23:03:45'),(44,49,2,'2019-11-06 14:34:27','2020-04-02 23:03:45'),(45,44,3,'2019-09-12 16:07:38','2020-04-02 23:03:45'),(46,80,2,'2016-09-26 02:18:16','2020-04-02 23:03:45'),(47,56,3,'2016-06-18 07:42:00','2020-04-02 23:03:45'),(50,30,2,'2016-05-28 00:09:35','2020-04-02 23:03:45'),(50,35,2,'2012-01-23 08:14:49','2020-04-02 23:02:25'),(51,17,2,'2010-05-11 21:44:49','2020-04-02 23:02:25'),(53,3,2,'2017-10-25 02:42:33','2020-04-02 23:03:45'),(54,36,1,'2019-05-24 18:23:54','2020-04-02 23:03:45'),(54,84,2,'2020-03-21 06:56:12','2020-04-02 23:03:45'),(54,94,2,'2010-09-25 04:49:46','2020-04-02 23:02:25'),(55,38,2,'2011-08-01 05:29:00','2020-04-02 23:03:45'),(55,58,1,'2017-09-11 08:53:11','2020-04-02 23:03:45'),(57,10,2,'2018-06-02 20:09:13','2020-04-02 23:03:45'),(58,78,2,'2015-03-07 02:09:07','2020-04-02 23:02:25'),(59,2,1,'2012-04-26 05:58:16','2020-04-02 23:02:25'),(59,40,3,'2018-07-04 15:52:38','2020-04-02 23:03:45'),(60,30,3,'2013-12-13 06:00:19','2020-04-02 23:03:45'),(60,77,1,'2010-05-13 22:11:42','2020-04-02 23:02:25'),(61,51,3,'2018-09-04 20:01:56','2020-04-02 23:03:45'),(63,96,1,'2015-04-21 14:33:44','2020-04-02 23:03:45'),(64,44,3,'2020-01-24 05:07:27','2020-04-02 23:03:45'),(64,54,2,'2013-10-06 19:01:33','2020-04-02 23:03:45'),(64,78,2,'2011-07-06 04:56:05','2020-04-02 23:02:25'),(66,43,3,'2016-09-28 15:50:01','2020-04-02 23:03:45'),(70,39,2,'2016-12-20 10:29:18','2020-04-02 23:02:25'),(70,50,1,'2013-04-30 12:19:23','2020-04-02 23:02:25'),(71,3,1,'2018-11-28 21:28:15','2020-04-02 23:02:25'),(73,28,1,'2015-07-21 20:33:34','2020-04-02 23:03:45'),(75,13,1,'2012-12-14 07:49:55','2020-04-02 23:02:25'),(77,9,2,'2018-01-16 10:05:25','2020-04-02 23:03:45'),(77,74,3,'2012-05-23 23:07:27','2020-04-02 23:02:25'),(80,8,1,'2017-02-14 19:30:43','2020-04-02 23:03:45'),(80,38,1,'2012-06-26 14:56:08','2020-04-02 23:02:25'),(80,67,2,'2011-02-27 18:55:52','2020-04-02 23:02:25'),(81,58,3,'2013-11-20 14:05:36','2020-04-02 23:02:25'),(82,80,2,'2012-07-06 21:06:52','2020-04-02 23:02:25'),(84,26,3,'2016-06-21 03:57:01','2020-04-02 23:03:45'),(85,60,2,'2018-05-11 01:57:44','2020-04-02 23:03:45'),(87,18,2,'2010-06-14 13:48:37','2020-04-02 23:02:25'),(87,51,3,'2016-09-25 14:41:01','2020-04-02 23:02:25'),(88,64,1,'2014-09-09 18:19:09','2020-04-02 23:03:45'),(90,25,2,'2017-10-09 16:29:16','2020-04-02 23:03:45'),(91,3,2,'2012-11-21 22:56:59','2020-04-02 23:02:25'),(92,71,1,'2016-02-15 03:47:47','2020-04-02 23:02:25'),(95,53,3,'2012-02-10 00:14:30','2020-04-02 23:02:25'),(95,75,1,'2017-11-19 04:52:18','2020-04-02 23:03:45'),(97,3,1,'2012-07-16 11:08:17','2020-04-02 23:03:45'),(99,60,1,'2013-01-28 18:51:19','2020-04-02 23:03:45'),(99,72,3,'2010-12-03 03:14:37','2020-04-02 23:02:25');
/*!40000 ALTER TABLE `friendship` ENABLE KEYS */;
UNLOCK TABLES;

--
-- Table structure for table `friendship_statuses`
--

DROP TABLE IF EXISTS `friendship_statuses`;
/*!40101 SET @saved_cs_client     = @@character_set_client */;
/*!50503 SET character_set_client = utf8mb4 */;
CREATE TABLE `friendship_statuses` (
  `id` int unsigned NOT NULL AUTO_INCREMENT,
  `name` varchar(150) CHARACTER SET utf8 COLLATE utf8_unicode_ci NOT NULL,
  PRIMARY KEY (`id`),
  UNIQUE KEY `name` (`name`)
) ENGINE=InnoDB AUTO_INCREMENT=4 DEFAULT CHARSET=utf8 COLLATE=utf8_unicode_ci;
/*!40101 SET character_set_client = @saved_cs_client */;

--
-- Dumping data for table `friendship_statuses`
--

LOCK TABLES `friendship_statuses` WRITE;
/*!40000 ALTER TABLE `friendship_statuses` DISABLE KEYS */;
INSERT INTO `friendship_statuses` VALUES (2,'confirmed'),(3,'rejected'),(1,'requested');
/*!40000 ALTER TABLE `friendship_statuses` ENABLE KEYS */;
UNLOCK TABLES;

--
-- Table structure for table `media`
--

DROP TABLE IF EXISTS `media`;
/*!40101 SET @saved_cs_client     = @@character_set_client */;
/*!50503 SET character_set_client = utf8mb4 */;
CREATE TABLE `media` (
  `id` int unsigned NOT NULL AUTO_INCREMENT,
  `media_type_id` int unsigned NOT NULL,
  `user_id` int unsigned NOT NULL,
  `file_path` varchar(255) CHARACTER SET utf8 COLLATE utf8_unicode_ci NOT NULL,
  `size` int NOT NULL,
  `metadata` json DEFAULT NULL,
  `created_at` datetime DEFAULT CURRENT_TIMESTAMP,
  `update_at` datetime DEFAULT CURRENT_TIMESTAMP ON UPDATE CURRENT_TIMESTAMP,
  PRIMARY KEY (`id`)
) ENGINE=InnoDB AUTO_INCREMENT=101 DEFAULT CHARSET=utf8 COLLATE=utf8_unicode_ci;
/*!40101 SET character_set_client = @saved_cs_client */;

--
-- Dumping data for table `media`
--

LOCK TABLES `media` WRITE;
/*!40000 ALTER TABLE `media` DISABLE KEYS */;
INSERT INTO `media` VALUES (1,1,19,'http//dropbox/vk/file_6068',75113,'{\"owner\": \"Izaiah Konopelski\"}','2018-09-12 14:21:26','2020-04-02 22:23:47'),(2,2,92,'http//dropbox/vk/file_507',53693,'{\"owner\": \"Alfred O\'Keefe\"}','2019-07-04 14:44:02','2020-04-02 22:23:47'),(3,1,4,'http//dropbox/vk/file_4329',33126,'{\"owner\": \"Betty Gibson\"}','2019-04-18 06:13:43','2020-04-02 22:23:47'),(4,2,43,'http//dropbox/vk/file_122',94553,'{\"owner\": \"Aubrey Schaefer\"}','2019-10-15 22:12:36','2020-04-02 22:23:47'),(5,2,3,'http//dropbox/vk/file_7624',63387,'{\"owner\": \"Magnolia Franecki\"}','2017-09-18 17:05:37','2020-04-02 22:23:47'),(6,2,84,'http//dropbox/vk/file_7753',23278,'{\"owner\": \"Kelvin Cartwright\"}','2015-10-15 08:18:50','2020-04-02 22:23:47'),(7,1,13,'http//dropbox/vk/file_5893',16228,'{\"owner\": \"Raegan Harris\"}','2014-09-09 01:15:45','2020-04-02 22:23:47'),(8,1,12,'http//dropbox/vk/file_6205',101309,'{\"owner\": \"Jessica Torphy\"}','2013-12-06 19:53:06','2020-04-02 22:23:47'),(9,2,20,'http//dropbox/vk/file_3346',47858,'{\"owner\": \"Dusty Bosco\"}','2012-10-09 21:05:16','2020-04-02 22:23:47'),(10,2,62,'http//dropbox/vk/file_8113',25364,'{\"owner\": \"Tom Quitzon\"}','2019-03-21 10:32:41','2020-04-02 22:23:47'),(11,2,51,'http//dropbox/vk/file_527',73249,'{\"owner\": \"Cierra Mitchell\"}','2011-10-20 03:23:43','2020-04-02 22:23:47'),(12,1,69,'http//dropbox/vk/file_8295',80150,'{\"owner\": \"Angel Leffler\"}','2012-07-13 21:04:52','2020-04-02 22:23:47'),(13,1,90,'http//dropbox/vk/file_9896',71007,'{\"owner\": \"Kayla Shanahan\"}','2011-04-29 06:43:30','2020-04-02 22:23:47'),(14,2,45,'http//dropbox/vk/file_4591',104584,'{\"owner\": \"Jarod Mante\"}','2016-06-25 04:06:15','2020-04-02 22:23:47'),(15,1,52,'http//dropbox/vk/file_3269',99900,'{\"owner\": \"Haley Conn\"}','2017-02-07 14:26:33','2020-04-02 22:23:47'),(16,2,27,'http//dropbox/vk/file_2570',75747,'{\"owner\": \"Rahsaan Windler\"}','2017-10-02 01:59:36','2020-04-02 22:23:47'),(17,2,78,'http//dropbox/vk/file_3044',69038,'{\"owner\": \"Reynold Hermiston\"}','2019-02-11 09:13:12','2020-04-02 22:23:47'),(18,2,9,'http//dropbox/vk/file_7507',107947,'{\"owner\": \"Dejuan Balistreri\"}','2018-10-17 16:26:49','2020-04-02 22:23:47'),(19,2,12,'http//dropbox/vk/file_8404',22622,'{\"owner\": \"Jessica Torphy\"}','2018-09-08 17:44:11','2020-04-02 22:23:47'),(20,1,30,'http//dropbox/vk/file_9498',79268,'{\"owner\": \"Kaela Gottlieb\"}','2016-08-04 14:54:39','2020-04-02 22:23:47'),(21,2,13,'http//dropbox/vk/file_2279',18476,'{\"owner\": \"Raegan Harris\"}','2017-05-19 17:14:06','2020-04-02 22:23:47'),(22,2,75,'http//dropbox/vk/file_2901',44577,'{\"owner\": \"Gloria Gibson\"}','2012-05-18 16:37:03','2020-04-02 22:23:47'),(23,1,36,'http//dropbox/vk/file_7664',57455,'{\"owner\": \"Esperanza Lesch\"}','2016-02-17 00:58:53','2020-04-02 22:23:47'),(24,2,55,'http//dropbox/vk/file_9620',43547,'{\"owner\": \"Eveline Greenholt\"}','2015-05-03 05:13:48','2020-04-02 22:23:47'),(25,2,67,'http//dropbox/vk/file_5106',35368,'{\"owner\": \"Crystal Carroll\"}','2011-04-02 06:22:51','2020-04-02 22:23:47'),(26,1,67,'http//dropbox/vk/file_6671',36201,'{\"owner\": \"Crystal Carroll\"}','2013-06-10 02:41:21','2020-04-02 22:23:47'),(27,2,34,'http//dropbox/vk/file_8035',64901,'{\"owner\": \"Issac Welch\"}','2017-06-10 08:37:44','2020-04-02 22:23:47'),(28,1,69,'http//dropbox/vk/file_162',105902,'{\"owner\": \"Angel Leffler\"}','2017-10-16 15:04:08','2020-04-02 22:23:47'),(29,1,44,'http//dropbox/vk/file_6704',24809,'{\"owner\": \"Reilly Dickens\"}','2018-02-18 20:59:01','2020-04-02 22:23:47'),(30,2,13,'http//dropbox/vk/file_3036',96340,'{\"owner\": \"Raegan Harris\"}','2011-02-12 16:06:35','2020-04-02 22:23:47'),(31,1,32,'http//dropbox/vk/file_5065',97273,'{\"owner\": \"Kristy Quitzon\"}','2019-01-16 13:05:34','2020-04-02 22:23:47'),(32,2,19,'http//dropbox/vk/file_6218',87345,'{\"owner\": \"Izaiah Konopelski\"}','2018-05-12 20:26:13','2020-04-02 22:23:47'),(33,2,1,'http//dropbox/vk/file_5894',34906,'{\"owner\": \"Malinda Mertz\"}','2012-07-15 01:48:33','2020-04-02 22:23:47'),(34,1,44,'http//dropbox/vk/file_815',102498,'{\"owner\": \"Reilly Dickens\"}','2014-08-28 23:31:02','2020-04-02 22:23:47'),(35,2,20,'http//dropbox/vk/file_6391',97770,'{\"owner\": \"Dusty Bosco\"}','2012-10-07 03:52:29','2020-04-02 22:23:47'),(36,1,65,'http//dropbox/vk/file_9513',71356,'{\"owner\": \"Emma Jenkins\"}','2020-01-29 05:10:53','2020-04-02 22:23:47'),(37,2,66,'http//dropbox/vk/file_8389',53473,'{\"owner\": \"Jaylon Bruen\"}','2016-04-27 03:53:23','2020-04-02 22:23:47'),(38,2,33,'http//dropbox/vk/file_3406',43296,'{\"owner\": \"Jude Goyette\"}','2011-12-01 19:20:27','2020-04-02 22:23:47'),(39,1,67,'http//dropbox/vk/file_1862',46063,'{\"owner\": \"Crystal Carroll\"}','2014-07-23 00:51:01','2020-04-02 22:23:47'),(40,2,34,'http//dropbox/vk/file_9091',90428,'{\"owner\": \"Issac Welch\"}','2012-08-14 18:52:41','2020-04-02 22:23:47'),(41,1,70,'http//dropbox/vk/file_9867',103950,'{\"owner\": \"Kaitlin Hilll\"}','2018-04-27 09:25:33','2020-04-02 22:23:47'),(42,1,47,'http//dropbox/vk/file_2063',38469,'{\"owner\": \"Mack Schowalter\"}','2013-01-16 01:32:34','2020-04-02 22:23:47'),(43,2,24,'http//dropbox/vk/file_715',70492,'{\"owner\": \"Khalil Feeney\"}','2018-01-03 18:36:22','2020-04-02 22:23:47'),(44,2,78,'http//dropbox/vk/file_7386',27054,'{\"owner\": \"Reynold Hermiston\"}','2018-04-02 12:42:54','2020-04-02 22:23:47'),(45,1,19,'http//dropbox/vk/file_4781',13797,'{\"owner\": \"Izaiah Konopelski\"}','2017-01-15 21:50:27','2020-04-02 22:23:47'),(46,1,59,'http//dropbox/vk/file_1749',77822,'{\"owner\": \"Vincenza Hoppe\"}','2015-07-26 05:32:34','2020-04-02 22:23:47'),(47,1,40,'http//dropbox/vk/file_4403',37720,'{\"owner\": \"Sarah Russel\"}','2013-09-27 11:00:23','2020-04-02 22:23:47'),(48,2,22,'http//dropbox/vk/file_6764',45136,'{\"owner\": \"Adriel Leuschke\"}','2012-12-07 12:17:11','2020-04-02 22:23:47'),(49,2,91,'http//dropbox/vk/file_614',102520,'{\"owner\": \"Reyna Kilback\"}','2017-04-15 22:24:02','2020-04-02 22:23:47'),(50,2,86,'http//dropbox/vk/file_2775',67194,'{\"owner\": \"Flavie Corwin\"}','2016-02-13 08:54:02','2020-04-02 22:23:47'),(51,2,56,'http//dropbox/vk/file_2034',18409,'{\"owner\": \"Trinity Larson\"}','2012-02-18 05:56:47','2020-04-02 22:23:47'),(52,2,21,'http//dropbox/vk/file_1845',80463,'{\"owner\": \"Arvilla Kozey\"}','2017-04-08 00:56:48','2020-04-02 22:23:47'),(53,1,38,'http//dropbox/vk/file_3123',37090,'{\"owner\": \"Chanel Lueilwitz\"}','2019-02-03 00:59:06','2020-04-02 22:23:47'),(54,1,25,'http//dropbox/vk/file_78',34061,'{\"owner\": \"Reginald Jacobi\"}','2015-11-15 20:11:33','2020-04-02 22:23:47'),(55,2,10,'http//dropbox/vk/file_1022',49036,'{\"owner\": \"Emerald O\'Kon\"}','2018-09-27 13:26:19','2020-04-02 22:23:47'),(56,2,74,'http//dropbox/vk/file_4875',32997,'{\"owner\": \"Norris Turner\"}','2012-02-23 03:30:34','2020-04-02 22:23:47'),(57,2,40,'http//dropbox/vk/file_1307',107879,'{\"owner\": \"Sarah Russel\"}','2016-06-18 22:28:45','2020-04-02 22:23:47'),(58,1,78,'http//dropbox/vk/file_1912',30403,'{\"owner\": \"Reynold Hermiston\"}','2019-03-10 21:24:35','2020-04-02 22:23:47'),(59,2,70,'http//dropbox/vk/file_5636',18378,'{\"owner\": \"Kaitlin Hilll\"}','2015-07-18 19:13:19','2020-04-02 22:23:47'),(60,1,14,'http//dropbox/vk/file_2442',90683,'{\"owner\": \"Valentin Rice\"}','2018-05-29 14:49:18','2020-04-02 22:23:47'),(61,2,62,'http//dropbox/vk/file_5305',88281,'{\"owner\": \"Tom Quitzon\"}','2019-08-01 05:31:55','2020-04-02 22:23:47'),(62,2,65,'http//dropbox/vk/file_9197',59355,'{\"owner\": \"Emma Jenkins\"}','2013-07-09 03:52:37','2020-04-02 22:23:47'),(63,1,39,'http//dropbox/vk/file_68',21933,'{\"owner\": \"Alexandrine Schowalter\"}','2020-02-21 18:36:36','2020-04-02 22:23:47'),(64,2,100,'http//dropbox/vk/file_2751',21601,'{\"owner\": \"Dorris Cole\"}','2013-06-09 19:37:29','2020-04-02 22:23:47'),(65,2,80,'http//dropbox/vk/file_3550',32205,'{\"owner\": \"Imogene Gibson\"}','2010-08-10 16:40:12','2020-04-02 22:23:47'),(66,1,3,'http//dropbox/vk/file_9496',86226,'{\"owner\": \"Magnolia Franecki\"}','2020-02-01 10:15:42','2020-04-02 22:23:47'),(67,2,72,'http//dropbox/vk/file_6829',24512,'{\"owner\": \"Brian Borer\"}','2013-11-15 21:46:58','2020-04-02 22:23:47'),(68,2,53,'http//dropbox/vk/file_5655',53883,'{\"owner\": \"Graham Cartwright\"}','2012-09-12 02:11:27','2020-04-02 22:23:47'),(69,2,47,'http//dropbox/vk/file_7791',85881,'{\"owner\": \"Mack Schowalter\"}','2018-01-23 21:50:30','2020-04-02 22:23:47'),(70,2,74,'http//dropbox/vk/file_1987',57754,'{\"owner\": \"Norris Turner\"}','2019-08-24 22:21:22','2020-04-02 22:23:47'),(71,2,29,'http//dropbox/vk/file_6561',21127,'{\"owner\": \"Florence Keebler\"}','2017-08-16 17:26:59','2020-04-02 22:23:47'),(72,2,21,'http//dropbox/vk/file_6844',22377,'{\"owner\": \"Arvilla Kozey\"}','2018-11-22 20:59:22','2020-04-02 22:23:47'),(73,1,18,'http//dropbox/vk/file_4537',38502,'{\"owner\": \"Everette McDermott\"}','2010-09-19 16:37:03','2020-04-02 22:23:47'),(74,1,28,'http//dropbox/vk/file_2153',15379,'{\"owner\": \"William Zemlak\"}','2011-07-28 21:05:32','2020-04-02 22:23:47'),(75,2,86,'http//dropbox/vk/file_7152',51391,'{\"owner\": \"Flavie Corwin\"}','2019-02-25 14:15:05','2020-04-02 22:23:47'),(76,2,46,'http//dropbox/vk/file_9303',100816,'{\"owner\": \"Dudley Funk\"}','2016-07-17 12:23:35','2020-04-02 22:23:47'),(77,2,71,'http//dropbox/vk/file_5056',39910,'{\"owner\": \"Mariam Kiehn\"}','2019-01-03 08:32:52','2020-04-02 22:23:47'),(78,2,17,'http//dropbox/vk/file_7372',87100,'{\"owner\": \"Freida Swaniawski\"}','2020-02-26 22:57:26','2020-04-02 22:23:47'),(79,2,69,'http//dropbox/vk/file_1693',105773,'{\"owner\": \"Angel Leffler\"}','2016-12-08 05:10:45','2020-04-02 22:23:47'),(80,1,94,'http//dropbox/vk/file_6345',57563,'{\"owner\": \"Kellie Marks\"}','2017-09-18 20:03:09','2020-04-02 22:23:47'),(81,1,63,'http//dropbox/vk/file_6649',60500,'{\"owner\": \"Favian Frami\"}','2016-09-08 11:32:16','2020-04-02 22:23:47'),(82,1,35,'http//dropbox/vk/file_4207',19808,'{\"owner\": \"Jeff Bergstrom\"}','2018-12-09 07:28:33','2020-04-02 22:23:47'),(83,1,82,'http//dropbox/vk/file_1086',107542,'{\"owner\": \"Kadin Raynor\"}','2019-02-28 00:20:35','2020-04-02 22:23:47'),(84,2,5,'http//dropbox/vk/file_2811',68285,'{\"owner\": \"Nikita O\'Kon\"}','2018-10-19 17:53:15','2020-04-02 22:23:47'),(85,2,80,'http//dropbox/vk/file_795',108799,'{\"owner\": \"Imogene Gibson\"}','2012-11-26 17:42:47','2020-04-02 22:23:47'),(86,2,83,'http//dropbox/vk/file_5543',29140,'{\"owner\": \"Estevan Schmitt\"}','2017-08-01 03:41:49','2020-04-02 22:23:47'),(87,1,74,'http//dropbox/vk/file_5331',109302,'{\"owner\": \"Norris Turner\"}','2014-01-14 05:46:01','2020-04-02 22:23:47'),(88,1,20,'http//dropbox/vk/file_23',49094,'{\"owner\": \"Dusty Bosco\"}','2020-03-16 02:15:44','2020-04-02 22:23:47'),(89,2,79,'http//dropbox/vk/file_4123',107564,'{\"owner\": \"Rocky Robel\"}','2018-12-14 20:19:42','2020-04-02 22:23:47'),(90,1,35,'http//dropbox/vk/file_546',80540,'{\"owner\": \"Jeff Bergstrom\"}','2014-06-05 23:41:58','2020-04-02 22:23:47'),(91,1,38,'http//dropbox/vk/file_361',70006,'{\"owner\": \"Chanel Lueilwitz\"}','2018-06-28 08:08:53','2020-04-02 22:23:47'),(92,2,82,'http//dropbox/vk/file_165',98410,'{\"owner\": \"Kadin Raynor\"}','2019-08-23 21:42:49','2020-04-02 22:23:47'),(93,2,96,'http//dropbox/vk/file_9741',72035,'{\"owner\": \"Margarita Smitham\"}','2018-12-27 23:17:01','2020-04-02 22:23:47'),(94,2,35,'http//dropbox/vk/file_8210',54943,'{\"owner\": \"Jeff Bergstrom\"}','2019-07-18 00:30:25','2020-04-02 22:23:47'),(95,2,84,'http//dropbox/vk/file_1826',48610,'{\"owner\": \"Kelvin Cartwright\"}','2011-11-30 07:52:17','2020-04-02 22:23:47'),(96,2,14,'http//dropbox/vk/file_4498',68223,'{\"owner\": \"Valentin Rice\"}','2019-03-18 07:43:47','2020-04-02 22:23:47'),(97,1,19,'http//dropbox/vk/file_7014',85283,'{\"owner\": \"Izaiah Konopelski\"}','2019-12-11 21:09:30','2020-04-02 22:23:47'),(98,2,54,'http//dropbox/vk/file_1573',11748,'{\"owner\": \"Bruce Hane\"}','2012-05-24 20:01:04','2020-04-02 22:23:47'),(99,2,13,'http//dropbox/vk/file_6823',92893,'{\"owner\": \"Raegan Harris\"}','2010-09-13 20:04:13','2020-04-02 22:23:47'),(100,1,100,'http//dropbox/vk/file_9396',19220,'{\"owner\": \"Dorris Cole\"}','2017-11-10 06:05:05','2020-04-02 22:23:47');
/*!40000 ALTER TABLE `media` ENABLE KEYS */;
UNLOCK TABLES;

--
-- Table structure for table `media_types`
--

DROP TABLE IF EXISTS `media_types`;
/*!40101 SET @saved_cs_client     = @@character_set_client */;
/*!50503 SET character_set_client = utf8mb4 */;
CREATE TABLE `media_types` (
  `id` int unsigned NOT NULL AUTO_INCREMENT,
  `name` varchar(255) CHARACTER SET utf8 COLLATE utf8_unicode_ci NOT NULL,
  PRIMARY KEY (`id`),
  UNIQUE KEY `name` (`name`)
) ENGINE=InnoDB AUTO_INCREMENT=4 DEFAULT CHARSET=utf8 COLLATE=utf8_unicode_ci;
/*!40101 SET character_set_client = @saved_cs_client */;

--
-- Dumping data for table `media_types`
--

LOCK TABLES `media_types` WRITE;
/*!40000 ALTER TABLE `media_types` DISABLE KEYS */;
INSERT INTO `media_types` VALUES (2,'audio'),(1,'photo'),(3,'video');
/*!40000 ALTER TABLE `media_types` ENABLE KEYS */;
UNLOCK TABLES;

--
-- Table structure for table `messages`
--

DROP TABLE IF EXISTS `messages`;
/*!40101 SET @saved_cs_client     = @@character_set_client */;
/*!50503 SET character_set_client = utf8mb4 */;
CREATE TABLE `messages` (
  `id` int unsigned NOT NULL AUTO_INCREMENT,
  `from_user_id` int unsigned NOT NULL,
  `to_user_id` int unsigned NOT NULL,
  `body` text CHARACTER SET utf8 COLLATE utf8_unicode_ci NOT NULL,
  `is_important` tinyint(1) DEFAULT NULL,
  `is_delivered` tinyint(1) DEFAULT NULL,
  `created_at` datetime DEFAULT CURRENT_TIMESTAMP,
  PRIMARY KEY (`id`)
) ENGINE=InnoDB AUTO_INCREMENT=101 DEFAULT CHARSET=utf8 COLLATE=utf8_unicode_ci;
/*!40101 SET character_set_client = @saved_cs_client */;

--
-- Dumping data for table `messages`
--

LOCK TABLES `messages` WRITE;
/*!40000 ALTER TABLE `messages` DISABLE KEYS */;
INSERT INTO `messages` VALUES (1,79,33,'Itaque tenetur hic rerum dolor maxime voluptatem. Error id quia ut. Atque aperiam suscipit iste est aut. Ab at ut et et ab hic laudantium.',0,1,'2017-05-06 04:35:08'),(2,32,46,'Est maiores explicabo odit rerum tempora et necessitatibus. Voluptas voluptas quod sed cumque rem et qui. Voluptas rerum ex occaecati numquam tempora qui rerum. Sunt ea et sit modi.',0,1,'2013-04-21 21:16:01'),(3,67,54,'Neque accusantium est similique id aut quaerat animi. Asperiores asperiores ut at aut consectetur sequi. Molestiae sed sint quibusdam. Sit qui et sint quia voluptatem et.',0,1,'2011-10-17 07:29:34'),(4,41,9,'Veritatis et praesentium repellat. Et iusto aut rerum quam expedita earum. Dolorem ut et illum in in nihil veniam accusantium. Ut ab nihil voluptatum libero quos. Eius ut fugit sapiente.',0,0,'2013-06-30 06:05:49'),(5,100,3,'Qui esse nobis sit nulla. Et reprehenderit eos vitae a molestiae.',0,0,'2013-11-18 16:35:38'),(6,3,24,'Voluptatum ad ea quo recusandae aut. Voluptatem optio est veniam dolore placeat. Sed omnis soluta libero quod.',1,0,'2013-05-17 20:16:04'),(7,43,16,'Rerum cum facere necessitatibus asperiores praesentium officia. Adipisci expedita ut rerum aliquid. Culpa sit soluta consequatur blanditiis sit. Ratione impedit ut est voluptas molestias qui.',0,1,'2015-11-23 02:11:28'),(8,65,85,'Et autem et quam eum. Ea dolores nobis cum hic consequatur id. Architecto consectetur animi aliquid at natus voluptas accusamus.',0,1,'2012-08-02 08:16:28'),(9,92,46,'Quae ut dolorum aut eos quia voluptate. Quis ipsa quibusdam reiciendis ab est libero. Vitae recusandae eius ut sapiente.',0,1,'2012-07-18 04:47:04'),(10,89,17,'Animi fugit repudiandae ut quia quam dolorem. Asperiores rerum blanditiis officiis laborum repudiandae iure beatae. Aut eius autem id non.',0,1,'2015-03-14 19:51:37'),(11,35,4,'Dolorem odio placeat nihil nemo mollitia voluptatem. Molestias cupiditate recusandae amet quia omnis voluptatem. Delectus consectetur ipsam aliquid. Officiis dolore nisi magni dolores veritatis tempore necessitatibus.',1,0,'2018-07-12 19:05:35'),(12,47,41,'A ut ex vitae alias omnis eum. Illo ex voluptatem iure animi quis. Totam aspernatur corporis in et voluptatem ut velit. Quia impedit cum facilis nihil vel.',0,0,'2013-11-06 02:21:12'),(13,3,92,'Placeat est sequi aut eligendi aut. Quia hic nisi quibusdam repudiandae error minima. Accusamus quisquam sed quo pariatur est sunt ut.',1,0,'2015-10-20 22:57:53'),(14,71,9,'Distinctio sequi optio ut animi. Non perferendis velit et eveniet.',1,1,'2011-02-24 20:51:28'),(15,54,36,'Quo nemo tempore dolores exercitationem repudiandae beatae pariatur perspiciatis. Qui non ab iure ea distinctio modi molestiae. Occaecati sapiente qui dolorum. Reprehenderit praesentium voluptate illum quo magnam unde amet tenetur. Voluptate tenetur distinctio modi ut ut id dolores.',0,0,'2014-10-26 09:54:08'),(16,57,60,'Laborum suscipit et quam rem aspernatur earum et non. Iste accusamus numquam aut quos inventore. Provident ut velit minima adipisci aliquid maiores. Modi doloremque est rem ea.',0,1,'2017-10-05 01:30:08'),(17,77,66,'Quis maxime tempora veritatis laboriosam. Odit totam ducimus sequi quidem quibusdam. Et consequatur consequuntur voluptates nostrum repudiandae iure consequuntur. Aspernatur odio enim neque non quod sed esse. Ad quaerat officiis quae assumenda.',0,0,'2013-06-20 08:18:45'),(18,56,26,'Repellat praesentium officiis velit saepe expedita quis. Amet provident dolores aspernatur tempore. Asperiores sed ut quia quos eius. Quasi sapiente ipsam et vitae molestiae qui sunt quo.',1,1,'2015-06-15 13:36:08'),(19,46,10,'Ipsum et ea eius illo nihil. Aut in libero velit sed libero delectus ipsam. Delectus error qui molestiae maxime voluptas culpa. Molestiae numquam beatae saepe rerum a.',1,1,'2017-10-04 21:29:45'),(20,72,1,'Eos quasi non dicta deleniti. Rem numquam fugit nesciunt nemo tempore. Laboriosam modi et eligendi ipsum esse eaque. Non accusantium quod nesciunt omnis consequatur dolores. Iusto laudantium adipisci vero sed atque odio iusto.',0,0,'2019-11-07 09:59:06'),(21,45,74,'Ut id soluta unde est corrupti. Eum adipisci id reiciendis est. Perferendis amet reprehenderit rerum voluptatem nulla corporis. Et saepe eos velit sapiente provident commodi quibusdam.',0,0,'2020-02-18 10:20:35'),(22,15,91,'Iste quidem amet eum maiores et mollitia harum adipisci. Delectus accusamus quis quis sint quisquam. Ea eaque repellat et adipisci. Dolorem facilis aut dolorem omnis distinctio. Minima quos blanditiis repellendus aut vel quibusdam repudiandae.',1,0,'2015-10-02 20:01:27'),(23,69,48,'Qui exercitationem qui sit vitae ab. Perspiciatis dolores ut corrupti vero sit aliquam modi. Et repellat accusamus est aut dolores blanditiis nulla corrupti.',1,1,'2016-12-08 00:02:03'),(24,86,52,'Aperiam est odit est consectetur quia a. Voluptas dolores sequi inventore similique optio. Aspernatur rerum nihil repellendus aut fugit voluptas similique molestiae. Minus est et aut ut blanditiis voluptas.',0,1,'2012-01-17 12:19:28'),(25,30,86,'Ipsa sit et aut eligendi quos. Autem alias perferendis dolores distinctio repudiandae fugit. Est similique fugit aut eaque vel ea.',0,1,'2012-04-04 23:34:13'),(26,11,88,'Itaque enim nostrum magnam facilis delectus. Consequatur sit accusamus enim iste blanditiis nisi. Ut illo sit consequatur sed.',0,0,'2015-03-29 06:30:23'),(27,66,23,'Soluta nihil qui sit enim. Temporibus natus quo iure nihil officia dolorum cupiditate. Incidunt reprehenderit qui alias vero.',1,1,'2015-11-11 23:52:07'),(28,87,63,'In eum enim delectus voluptatem quas temporibus explicabo. Repellat eos hic doloribus doloremque atque sapiente. Pariatur non nisi quod repellat et necessitatibus repudiandae. Incidunt fugit expedita repellat dolorem ea perspiciatis enim perspiciatis.',0,1,'2018-01-12 06:28:34'),(29,12,72,'Quo necessitatibus sit commodi tempora consectetur inventore. Officiis inventore assumenda nam est delectus dolor odit.',1,0,'2019-07-06 15:12:47'),(30,43,65,'Et laborum consequatur fugit maxime culpa nostrum. Architecto omnis beatae quas. Odit aut fuga ut at repudiandae voluptates in voluptatem.',1,0,'2013-11-25 17:08:22'),(31,1,100,'Velit quia neque dolor tenetur rem soluta et. Quia est illo laboriosam qui excepturi autem. Iusto sit saepe dolorum fugiat velit nesciunt laborum.',0,0,'2011-01-24 08:50:35'),(32,68,7,'Quis architecto ab consequatur quia impedit asperiores ipsam. Eum non ut est aut ipsum labore. Aliquam velit suscipit dignissimos sequi et aspernatur. Quis aut voluptatibus et.',1,0,'2010-09-12 09:23:28'),(33,67,64,'Nesciunt voluptatem et atque quia tempora blanditiis aut. Qui eos adipisci dolores quos ab aut fugit beatae. Et rem veniam sed aut mollitia distinctio. Aliquid explicabo natus voluptatem voluptas molestiae.',0,0,'2017-12-20 11:12:22'),(34,7,71,'Tempore modi facere ea totam in. Saepe amet dolorum dolores odit unde tenetur quia. Autem ut qui maiores. Dolorem soluta ut ea hic velit labore.',0,0,'2010-07-29 03:46:10'),(35,83,16,'Ex nam provident commodi minus ipsa soluta ipsum. Cum vero enim est nam. Natus veniam est magni in quam qui eius. Deserunt perspiciatis et totam totam qui expedita.',1,0,'2017-12-25 20:56:23'),(36,4,92,'Cumque deserunt aspernatur corporis in earum. A sit ab ipsum. Pariatur dolore est ipsam repudiandae rerum recusandae dolor. Suscipit est neque ipsam reiciendis sequi.',0,0,'2017-11-11 04:50:10'),(37,36,83,'Itaque quisquam alias qui quod. Ea aut eos libero. Sunt amet eligendi repellendus voluptatem.',1,1,'2016-11-03 05:14:13'),(38,85,91,'Earum esse blanditiis beatae ullam. Atque vitae rerum qui. Est incidunt sit deserunt doloribus omnis sed.',1,0,'2018-08-17 01:06:15'),(39,19,81,'Voluptates doloremque deserunt sunt aut quaerat expedita. Dolore quos adipisci accusantium officiis ut ullam eum vel. Amet aperiam consectetur consequatur tempore.',1,1,'2012-01-29 20:09:41'),(40,48,36,'Sed aliquam expedita nostrum temporibus. Aut beatae qui et eos eaque.',1,1,'2015-06-21 07:03:55'),(41,50,36,'Aliquam non nisi voluptas. Molestiae et et doloribus eos.',1,1,'2013-03-15 08:28:08'),(42,70,9,'Facilis autem impedit nisi. Autem quis et molestias itaque quis.',1,0,'2014-05-14 12:39:12'),(43,78,90,'Hic perferendis aperiam veritatis hic. In laudantium qui ea magni voluptatibus rerum quo sit. Dignissimos provident occaecati cum.',1,0,'2012-09-26 16:51:38'),(44,39,91,'Ea nesciunt labore repellat nulla dolores. Voluptatum at reprehenderit vitae numquam.',0,0,'2013-11-03 03:11:47'),(45,59,37,'Id eum repudiandae eos quibusdam consectetur et vel. Nihil repellendus quod quia consequuntur. Non exercitationem quo nobis sunt et aliquam sequi.',0,1,'2012-08-25 11:12:00'),(46,93,50,'Voluptate voluptas provident et. Deserunt amet fugit voluptate porro voluptatem quibusdam. Omnis consectetur eaque et. Facere nihil deleniti aut est at.',0,0,'2010-05-20 02:14:25'),(47,51,96,'Debitis vero atque eaque rerum aut aperiam illum officia. Reiciendis commodi maiores tenetur. Harum in nam ullam est quia ipsum. Modi numquam ducimus dolorem et assumenda voluptas.',1,0,'2010-05-05 20:44:21'),(48,53,97,'Porro temporibus aut quae porro nihil quia voluptate. Consequatur labore eligendi veritatis illo suscipit et at recusandae. Reprehenderit et ut quidem quasi ea laborum in. Iusto ullam aliquam nostrum.',1,1,'2017-10-21 17:48:54'),(49,91,51,'Blanditiis sapiente porro ipsa ut quam eos. Sunt ut facere sed quaerat quam ducimus. In nostrum voluptas nulla sed repellendus aperiam accusantium.',0,1,'2013-11-21 15:53:14'),(50,86,87,'Dolorum corporis omnis inventore perspiciatis nesciunt dolores. Minima similique soluta iure consectetur deserunt voluptas fugit. Dolor totam quis eligendi alias et natus dolorum.',1,0,'2019-06-06 10:53:06'),(51,18,89,'Est voluptas earum distinctio nulla voluptas. Voluptates repudiandae ea cum dolores voluptatibus aliquid. Aut sed aliquam voluptates et sit at explicabo.',1,0,'2015-10-24 10:27:36'),(52,29,28,'Possimus dolores ea libero nisi quos aspernatur. Odio voluptatem illum error sunt ut voluptate.',0,0,'2011-03-15 02:11:42'),(53,79,12,'Quae fugiat ea facere labore rerum nemo excepturi. Expedita enim delectus aliquid cupiditate numquam est. Ut beatae at aut enim. Molestiae vitae vero aut vel non voluptas harum.',0,1,'2015-07-30 06:44:36'),(54,53,99,'Natus non error ut deleniti esse. Aut deserunt veritatis reiciendis minus accusamus recusandae cupiditate. Architecto id minus aut quos similique consequatur cum.',1,0,'2015-06-08 01:08:17'),(55,1,73,'Dolorem soluta culpa voluptatem asperiores. Minima eveniet omnis esse est delectus optio veritatis et. Repellat tempora sit quae nobis saepe. Deserunt asperiores fugit molestias sed quod.',1,0,'2019-01-29 08:02:31'),(56,69,4,'Delectus iure incidunt vel doloremque. Eum sed quibusdam assumenda laboriosam. Repudiandae et quod odit cupiditate sint ducimus. Sunt nihil eius sed itaque ipsa. Ullam in et quas nostrum molestiae repellat.',1,0,'2017-04-14 04:03:43'),(57,13,2,'Natus id sint amet tempora distinctio deleniti. Distinctio molestias dolores est aspernatur officiis. Iste et sed quis recusandae. Commodi alias consectetur doloribus magni tenetur rem tempore.',0,1,'2018-06-16 15:03:21'),(58,17,99,'Nisi possimus alias est provident iste ducimus. Inventore minima vitae ut quia harum. Quidem provident non exercitationem aut mollitia. Et ut non corporis est.',0,1,'2014-07-20 16:25:41'),(59,25,48,'Doloribus modi quo fuga commodi est. Ex aspernatur nemo impedit commodi ut. Ab eum earum praesentium tempore ut. Consectetur voluptatem doloremque quia quo ad sit esse.',0,1,'2015-01-11 18:39:48'),(60,20,7,'Et id quo porro deleniti non autem. Quas officiis illo est recusandae sint. Officia eligendi exercitationem incidunt autem. Neque officia nulla in est aliquid necessitatibus magni.',1,0,'2013-11-09 22:20:27'),(61,96,16,'Distinctio atque rerum qui dignissimos fugiat quis ea. Harum molestiae pariatur deserunt aut. Ipsa itaque iusto nulla ea tempora omnis a deserunt.',0,0,'2019-11-12 22:22:33'),(62,95,55,'Repellat non libero aut praesentium. Velit praesentium hic earum et amet. Ad aliquam voluptas modi rem id voluptas.',1,0,'2018-08-15 18:53:21'),(63,86,64,'Quisquam quidem beatae officiis dolore. Cum sit ut mollitia ut. Et ipsam et ipsum. Magni itaque itaque veritatis mollitia qui. Sapiente excepturi vitae velit.',1,0,'2014-12-14 01:14:42'),(64,24,70,'Sed ex neque voluptate suscipit ut. Dolor sed neque sunt ratione harum excepturi cupiditate. Id est porro nihil laborum omnis sit ratione voluptates. Nemo sint dolore optio iusto magnam vero illum perspiciatis.',1,1,'2011-11-04 20:44:56'),(65,18,36,'Dolores dolorem ullam similique molestiae quos voluptatum. Odio sunt cupiditate totam occaecati consequatur minima nobis repudiandae.',1,1,'2019-11-13 18:36:04'),(66,2,95,'Ipsam laudantium nesciunt voluptatibus qui. Et officia ullam sed non. Unde suscipit rerum rem unde expedita doloribus. Aut neque delectus deserunt.',1,0,'2014-09-06 22:15:10'),(67,70,5,'Dolor magni reprehenderit unde. Eveniet aut dolores neque facere sed velit. Fugit et saepe exercitationem optio rerum qui. Nostrum ad doloribus est sequi illo.',1,1,'2018-06-14 01:54:05'),(68,22,52,'Totam rerum neque recusandae laudantium. Nihil dolor aperiam ad alias ipsam iste. Tenetur vel sunt sed aut quaerat. Sed laudantium sapiente dicta nobis laudantium tempora rerum.',1,0,'2013-07-05 07:12:41'),(69,47,92,'Doloremque officia sunt et minus. Officia consequatur quam voluptate architecto. Labore unde dolorem minus. Omnis similique maiores error qui repellat.',1,1,'2011-02-08 09:48:27'),(70,9,30,'Dolor beatae sit eius eos. Et qui maiores ut quia amet dignissimos quia. Quia vitae ipsum excepturi at non nostrum rerum exercitationem.',0,1,'2017-06-08 19:42:44'),(71,92,100,'Corporis magnam excepturi cumque non quia eligendi impedit. Sit cum quibusdam incidunt. Eaque omnis inventore aut et sed quia. Magni et autem quia accusamus vel id animi et.',1,0,'2010-10-12 19:36:20'),(72,3,37,'Et hic qui voluptate impedit unde sequi ut et. Ipsa eveniet aut id temporibus omnis. Et autem consequatur id maiores veritatis.',0,1,'2019-01-09 05:39:43'),(73,22,28,'Eligendi dolores voluptate molestiae laboriosam aut qui sit. Voluptas et quia ipsa placeat deserunt explicabo cum. Officia corrupti possimus pariatur non natus rerum.',1,0,'2011-07-11 06:48:45'),(74,51,83,'Adipisci quod consequatur laudantium id nisi consectetur enim. Sapiente quia optio repellat sit. Nobis consequatur nostrum pariatur. Voluptate autem accusamus enim voluptas.',0,0,'2011-04-15 08:19:01'),(75,13,43,'Autem praesentium occaecati est numquam sunt architecto maxime. Iure earum laudantium eum commodi. Sunt voluptas sed accusamus non voluptatem. Sint provident sit sit eos qui id voluptatem.',0,1,'2013-05-07 07:03:41'),(76,63,30,'Harum molestiae quod nihil voluptas. Sequi eveniet voluptatibus totam id fugit omnis. Est illum id delectus est.',1,0,'2013-11-27 13:53:05'),(77,16,65,'Quos ratione sit pariatur repellat. Atque odio dolor a nesciunt beatae officia consequatur. Adipisci qui ipsam quia ea est dolores. Qui aliquid explicabo omnis ut sed.',0,1,'2014-04-28 09:25:21'),(78,90,19,'Nulla ullam quaerat ducimus. Repellendus omnis fugiat sunt ipsam veritatis autem. Illo optio est quia omnis molestiae excepturi dolore.',0,0,'2011-08-30 07:33:23'),(79,38,44,'Beatae accusantium aut quo velit labore sed facere neque. Aspernatur qui optio dolor quasi. Non omnis dolores iste velit ut placeat quibusdam.',0,1,'2010-05-17 17:12:30'),(80,24,51,'Officiis nisi ad rerum quo eveniet. Commodi rerum veritatis possimus ex eveniet consequatur odio doloremque. Occaecati iure eum ea aut.',1,0,'2010-09-23 13:33:48'),(81,51,60,'Culpa nobis distinctio dolor ipsam deleniti suscipit placeat. Et autem aperiam voluptatum ut magni. Consequatur ea reiciendis eius eum. Officiis quibusdam fugit omnis dolorum.',1,0,'2016-03-26 04:01:36'),(82,57,64,'Ut laboriosam omnis laudantium quam beatae enim deserunt. Aut ut ut qui. Suscipit molestias veritatis non non. Enim enim perferendis natus quo labore.',0,1,'2019-03-20 05:49:35'),(83,39,99,'Corrupti dicta quis dicta nobis perspiciatis sint et saepe. Nobis necessitatibus quidem enim cumque occaecati similique voluptate. Dolorem nihil qui nihil est.',1,0,'2018-05-29 14:54:36'),(84,80,56,'Rem ut ut ipsam dignissimos assumenda laborum. Nostrum eum officia dolore. Ipsam dolorem rerum quas ipsum quisquam autem dolores. Id quia saepe neque exercitationem aut possimus velit.',0,1,'2016-08-11 19:46:14'),(85,83,66,'Et et adipisci minus rerum veniam autem. Eos beatae temporibus quia alias aspernatur soluta. Qui itaque voluptatem iusto dolor est. Cumque ullam magni quo.',0,0,'2012-04-08 23:17:37'),(86,57,67,'Alias magnam dicta dolorum ut. Ex dignissimos aut fuga aut sapiente quaerat dolorem. Itaque dignissimos doloremque aut alias vitae perferendis quis voluptatem.',0,1,'2012-06-20 13:11:33'),(87,81,54,'Eos ut dicta non voluptatibus aut animi placeat. Et temporibus sit sequi dolores et. Et impedit quisquam ducimus aspernatur non magnam. Odio amet adipisci voluptatum deleniti culpa. Veritatis modi molestiae ea eum vel rem dolores.',0,0,'2011-08-11 01:40:50'),(88,7,13,'Nesciunt molestias omnis qui a et ut molestias nisi. Ratione quis est totam ducimus distinctio omnis. Quis et rerum nemo adipisci. Reiciendis temporibus libero optio est.',1,0,'2011-01-23 19:08:51'),(89,87,39,'Fugit modi rerum nesciunt voluptatem doloremque beatae excepturi. Ipsum excepturi accusamus magnam eos error sit iste. Cupiditate molestiae quia quam voluptatem quasi dolores. Ullam sunt beatae quibusdam voluptatum rem perspiciatis eius.',1,0,'2018-10-30 23:25:31'),(90,27,78,'Animi esse nobis in pariatur. Nulla et qui eaque sit odit. Eius aliquid vel adipisci quisquam voluptatem ducimus cum iure.',1,0,'2020-02-19 01:28:41'),(91,58,86,'Ducimus ad error aliquid omnis perspiciatis et sint aspernatur. Et totam eos neque culpa in. Illum non in non et harum consequatur dolore.',1,0,'2014-05-08 11:34:15'),(92,8,67,'Maiores nobis adipisci et aut dicta cum. Est necessitatibus quisquam autem voluptas. Distinctio dolor cupiditate incidunt enim aperiam est maxime.',0,1,'2020-01-25 08:42:44'),(93,78,41,'Occaecati voluptatem molestias blanditiis ducimus qui iusto vel numquam. A quia tempora sed ut omnis. Doloremque velit sed placeat et. Voluptatem suscipit ut error ut consequatur dolor.',1,0,'2013-07-06 06:47:21'),(94,54,78,'Laudantium quis neque aut. Quod ab sit rerum nemo. Velit atque vel a expedita velit amet est nesciunt. Et perspiciatis est ullam.',1,1,'2018-12-20 19:55:31'),(95,57,10,'Porro molestias molestiae et beatae autem. Laboriosam aut est at enim ut velit occaecati. Quae et quidem quo numquam facere. Esse culpa ut et enim dignissimos voluptas molestiae iure.',1,1,'2015-08-18 05:21:56'),(96,61,52,'Quibusdam sed laboriosam sed in molestias quia. Nesciunt doloribus natus alias debitis. Sit et est et. Sint et quia facilis qui facere.',0,0,'2017-06-23 14:05:33'),(97,65,5,'Eum tempore est nihil aspernatur quia dolores beatae. Dicta sed et aut quae explicabo voluptatum et. Quae accusantium aut laboriosam.',0,1,'2015-12-02 03:20:09'),(98,6,56,'Dolorum architecto iure neque rerum perferendis labore modi eos. Aliquid ut dolore rerum quia. In ipsa atque aliquam aut voluptatem architecto praesentium. Quo temporibus rem cumque voluptatem quisquam.',1,0,'2018-03-13 09:15:44'),(99,5,37,'Maxime atque nesciunt cum praesentium. Corrupti cumque ducimus aspernatur exercitationem laborum sequi. Nihil exercitationem molestiae quia repellat tempore aperiam labore non.',0,1,'2010-11-28 05:02:40'),(100,97,36,'Incidunt ad reiciendis ex doloribus. Ea dolor consectetur vel incidunt sit qui beatae. Aut necessitatibus reprehenderit officiis eum eveniet saepe quia. Laboriosam in mollitia cum explicabo illum.',0,1,'2014-05-01 21:23:39');
/*!40000 ALTER TABLE `messages` ENABLE KEYS */;
UNLOCK TABLES;

--
-- Table structure for table `profiles`
--

DROP TABLE IF EXISTS `profiles`;
/*!40101 SET @saved_cs_client     = @@character_set_client */;
/*!50503 SET character_set_client = utf8mb4 */;
CREATE TABLE `profiles` (
  `user_id` int unsigned NOT NULL,
  `gender` char(1) CHARACTER SET utf8 COLLATE utf8_unicode_ci NOT NULL,
  `birthday` date DEFAULT NULL,
  `city` varchar(100) CHARACTER SET utf8 COLLATE utf8_unicode_ci DEFAULT NULL,
  `photo_id` int unsigned NOT NULL,
  `created_at` datetime DEFAULT CURRENT_TIMESTAMP,
  `update_at` datetime DEFAULT CURRENT_TIMESTAMP ON UPDATE CURRENT_TIMESTAMP,
  PRIMARY KEY (`user_id`)
) ENGINE=InnoDB DEFAULT CHARSET=utf8 COLLATE=utf8_unicode_ci;
/*!40101 SET character_set_client = @saved_cs_client */;

--
-- Dumping data for table `profiles`
--

LOCK TABLES `profiles` WRITE;
/*!40000 ALTER TABLE `profiles` DISABLE KEYS */;
INSERT INTO `profiles` VALUES (1,'m','2008-09-26','West Kade',22,'2010-12-09 15:44:16','2020-04-02 21:35:23'),(2,'m','1985-07-28','Wilkinsonport',31,'2010-10-24 02:36:13','2020-04-02 21:35:23'),(3,'m','2018-09-01','Kristophermouth',53,'2016-09-01 11:17:12','2020-04-02 21:35:23'),(4,'m','1993-06-14','West Sallyshire',7,'2019-09-29 22:11:54','2020-04-02 21:35:23'),(5,'f','1986-05-04','Lake Coby',43,'2016-11-12 16:01:04','2020-04-02 21:35:23'),(6,'m','2002-03-18','Nitzschebury',91,'2011-01-05 02:13:46','2020-04-02 21:35:23'),(7,'m','1999-01-17','Haagville',39,'2010-09-28 03:13:44','2020-04-02 21:35:23'),(8,'f','2005-04-16','New Javier',64,'2019-02-15 10:47:29','2020-04-02 21:35:23'),(9,'f','1997-10-29','New Luisa',55,'2017-09-08 11:17:24','2020-04-02 21:35:23'),(10,'m','2004-04-04','Mohrborough',43,'2011-06-16 10:05:39','2020-04-02 21:35:23'),(11,'m','1992-09-20','South Stuart',80,'2016-07-09 03:14:07','2011-07-07 18:05:17'),(12,'f','1999-05-27','Marvinshire',85,'2011-10-19 17:20:25','2020-04-02 21:35:23'),(13,'f','1970-12-06','Port Michel',17,'2012-06-11 02:53:22','2020-04-02 21:35:23'),(14,'f','2017-09-15','Carmenberg',33,'2011-07-23 15:30:32','2020-04-02 21:35:23'),(15,'f','1979-06-11','Naderberg',85,'2015-12-17 21:44:51','2020-04-02 21:35:23'),(16,'f','1970-11-08','Emmerichfort',47,'2016-06-23 21:17:39','2020-04-02 21:35:23'),(17,'f','2007-03-18','Kuhnport',92,'2011-07-11 03:13:16','2020-04-02 21:35:23'),(18,'m','1987-01-21','Brownside',99,'2014-08-26 19:21:22','2015-04-21 20:41:21'),(19,'m','2009-05-29','West Gregoriaview',55,'2014-09-15 14:10:19','2016-01-22 14:35:42'),(20,'f','1972-06-08','Lake Reece',56,'2010-10-30 21:18:33','2020-04-02 21:35:23'),(21,'f','1991-12-09','East Savannahville',67,'2014-01-30 12:36:15','2020-04-02 21:35:23'),(22,'f','1997-07-22','Auerhaven',65,'2014-05-21 00:20:06','2020-04-02 21:35:23'),(23,'m','1994-08-17','Markshaven',68,'2017-01-17 22:12:22','2012-06-04 20:18:17'),(24,'m','1995-04-25','West Audiebury',2,'2015-08-01 19:08:54','2020-04-02 21:35:23'),(25,'m','1989-03-22','Vonmouth',20,'2013-06-20 07:07:10','2015-12-19 00:52:51'),(26,'m','2008-11-30','Port Josueburgh',88,'2011-04-19 05:10:36','2017-03-16 06:49:58'),(27,'m','1989-09-07','Jasenland',100,'2017-12-09 05:40:14','2015-02-23 03:58:08'),(28,'m','1980-07-05','East Olaf',32,'2012-06-07 06:45:49','2020-04-02 21:35:23'),(29,'m','2013-10-27','Lillianafort',69,'2016-07-09 04:59:32','2020-04-02 21:35:23'),(30,'m','1999-01-04','Lake Jeaniechester',44,'2012-06-15 11:55:52','2015-04-28 00:17:45'),(31,'m','2001-01-18','New Shemar',90,'2015-06-11 01:56:39','2011-12-06 22:13:18'),(32,'m','2005-03-31','Stevieland',15,'2020-02-27 11:54:10','2016-02-19 11:09:35'),(33,'m','1985-05-01','South Blaisefurt',6,'2010-11-07 21:04:07','2020-04-02 21:35:23'),(34,'f','2010-04-07','Lake Dulce',23,'2011-04-28 10:09:52','2020-04-02 21:35:23'),(35,'f','2008-05-12','Lake Darenview',66,'2016-07-12 05:44:43','2020-04-02 21:35:23'),(36,'f','2014-05-30','Wisokymouth',98,'2011-10-28 13:43:00','2020-04-02 21:35:23'),(37,'m','1970-12-30','Flotown',58,'2020-01-05 19:42:44','2020-04-02 21:35:23'),(38,'m','2000-03-18','Port Wendell',87,'2011-07-06 12:04:02','2020-04-02 21:35:23'),(39,'m','1978-10-05','North Myriam',40,'2014-03-12 02:57:00','2020-04-02 21:35:23'),(40,'m','1984-02-09','Lake Gregg',5,'2012-10-22 06:23:03','2016-03-31 14:11:46'),(41,'m','1977-01-21','Kutchhaven',3,'2016-06-17 15:32:17','2020-04-02 21:35:23'),(42,'m','1979-01-27','Lake Annette',17,'2018-11-10 09:18:27','2020-04-02 21:35:23'),(43,'f','2007-12-22','Johnsonville',12,'2017-12-09 16:10:49','2020-04-02 21:35:23'),(44,'f','1998-04-14','VonRuedenport',69,'2015-07-31 09:50:17','2020-04-02 21:35:23'),(45,'m','1983-07-31','North Bria',25,'2020-02-10 01:47:21','2010-09-25 13:02:11'),(46,'m','2008-12-27','Robertsborough',82,'2020-02-13 17:24:53','2016-11-10 04:56:28'),(47,'m','2003-08-11','Bergnaumbury',57,'2018-04-25 18:20:34','2015-11-10 21:52:46'),(48,'f','1992-02-04','Lake Theo',32,'2014-03-01 12:13:01','2020-04-02 21:35:23'),(49,'m','1974-05-19','Millermouth',48,'2015-07-25 15:26:01','2016-01-10 05:48:54'),(50,'m','1996-02-11','Uriahmouth',85,'2014-02-05 19:25:20','2019-10-21 02:00:20'),(51,'m','1987-02-02','Dejastad',56,'2019-01-09 20:04:34','2013-10-19 18:48:39'),(52,'f','1997-06-12','North Fred',73,'2015-05-26 01:46:43','2020-04-02 21:35:23'),(53,'m','2013-02-07','Halvorsonland',52,'2012-09-04 15:15:42','2011-10-22 08:36:45'),(54,'m','2017-12-20','Hectormouth',85,'2016-12-13 22:52:50','2020-04-02 21:35:23'),(55,'f','1997-01-25','Port Ransomborough',70,'2017-04-02 06:07:57','2020-04-02 21:35:23'),(56,'f','1971-06-20','East Nikkomouth',11,'2019-08-08 18:28:30','2020-04-02 21:35:23'),(57,'m','2020-03-28','East Lolita',30,'2014-12-07 14:44:45','2014-02-21 21:44:12'),(58,'m','1974-07-12','South Ari',69,'2018-03-19 13:29:21','2020-04-02 21:35:23'),(59,'m','1989-09-09','South Winfieldfort',83,'2015-05-18 04:48:05','2017-04-29 04:36:37'),(60,'f','2018-05-27','North Virginieview',74,'2015-07-23 00:13:35','2020-04-02 21:35:23'),(61,'f','1991-10-21','North Estaside',60,'2017-03-16 01:56:46','2020-04-02 21:35:23'),(62,'f','1985-09-09','Collinsmouth',41,'2017-01-18 19:34:30','2020-04-02 21:35:23'),(63,'f','1988-10-24','East Sandystad',96,'2015-02-08 08:08:22','2020-04-02 21:35:23'),(64,'f','1993-02-25','Lake Rossieton',24,'2016-08-02 05:03:39','2020-04-02 21:35:23'),(65,'f','2001-05-30','Port Claudieshire',2,'2016-10-05 18:37:00','2020-04-02 21:35:23'),(66,'f','1976-12-17','Millerstad',34,'2014-08-10 08:41:45','2020-04-02 21:35:23'),(67,'m','1995-10-31','Heidenreichstad',52,'2020-01-08 20:00:59','2020-04-02 21:35:23'),(68,'m','2013-01-08','Lake Kendra',34,'2011-08-17 09:36:34','2020-04-02 21:35:23'),(69,'m','2013-08-06','North Enosfurt',48,'2015-04-10 21:46:35','2020-04-02 21:35:23'),(70,'m','1992-10-18','West Kathrynside',41,'2011-03-18 12:31:57','2020-04-02 21:35:23'),(71,'f','2000-05-27','Dietrichhaven',69,'2019-08-21 01:34:38','2020-04-02 21:35:23'),(72,'f','1988-10-22','East Joanie',29,'2019-05-31 07:08:21','2020-04-02 21:35:23'),(73,'m','2006-07-06','Reillystad',93,'2018-03-16 15:14:00','2013-04-12 06:16:29'),(74,'f','1972-10-29','Lake Ella',31,'2019-11-01 19:27:20','2020-04-02 21:35:23'),(75,'f','1995-12-13','Madisonburgh',45,'2014-04-15 23:37:54','2020-04-02 21:35:23'),(76,'f','1976-06-16','Murazikton',1,'2019-11-07 09:39:03','2020-04-02 21:35:23'),(77,'m','1991-03-22','Melvinafurt',10,'2019-07-06 05:17:34','2010-08-16 07:52:21'),(78,'m','2008-06-26','North America',56,'2019-02-08 00:24:27','2020-04-02 21:35:23'),(79,'m','2019-12-08','Ernserfurt',38,'2019-03-25 02:35:28','2015-01-08 00:17:47'),(80,'m','1996-10-26','North Zachariahfurt',43,'2011-01-01 02:20:33','2018-03-30 13:53:41'),(81,'m','2008-02-27','Finnfort',52,'2016-02-20 00:07:16','2011-03-20 05:43:20'),(82,'f','2008-10-10','Gillianbury',9,'2017-10-02 11:10:17','2020-04-02 21:35:23'),(83,'m','2015-03-04','Daphneeton',46,'2014-06-19 17:55:35','2020-04-02 21:35:23'),(84,'f','1992-09-15','Port Alessiaside',69,'2019-10-18 02:57:47','2020-04-02 21:35:23'),(85,'m','1982-05-30','Clarabelleside',91,'2011-03-04 01:06:08','2017-05-25 17:43:18'),(86,'f','2017-11-11','New Maritzaborough',57,'2019-03-27 19:02:43','2020-04-02 21:35:23'),(87,'m','1979-09-08','McClureview',89,'2010-04-23 10:11:03','2020-02-06 11:32:49'),(88,'f','1982-03-12','New Darrion',87,'2014-01-19 00:09:58','2020-04-02 21:35:23'),(89,'f','2011-10-26','Johnschester',22,'2018-02-22 08:45:35','2020-04-02 21:35:23'),(90,'f','1980-08-25','West Heatherbury',34,'2014-02-24 11:27:29','2020-04-02 21:35:23'),(91,'m','1971-07-28','New Francomouth',87,'2012-04-03 00:24:57','2019-09-30 16:24:19'),(92,'m','1978-12-16','Patsybury',28,'2013-10-16 02:10:39','2016-10-04 04:30:13'),(93,'f','1987-07-02','Ginotown',65,'2016-08-22 23:14:13','2020-04-02 21:35:23'),(94,'m','2009-09-09','Kuhnton',22,'2017-04-28 09:48:58','2020-04-02 21:35:23'),(95,'m','2009-10-15','Clementinaberg',36,'2015-08-10 09:44:36','2020-04-02 21:35:23'),(96,'m','1993-03-08','Harveyborough',77,'2010-10-10 12:59:35','2018-03-08 18:30:31'),(97,'f','1984-06-07','Selmerfort',24,'2016-04-30 04:23:38','2020-04-02 21:35:23'),(98,'f','2015-03-12','North Ludieland',95,'2012-08-17 12:04:07','2020-04-02 21:35:23'),(99,'m','1979-01-09','Kuhnton',60,'2017-04-30 06:40:25','2020-04-02 21:35:23'),(100,'f','1986-05-12','Lonnieville',14,'2017-11-01 01:18:59','2020-04-02 21:35:23');
/*!40000 ALTER TABLE `profiles` ENABLE KEYS */;
UNLOCK TABLES;

--
-- Table structure for table `users`
--

DROP TABLE IF EXISTS `users`;
/*!40101 SET @saved_cs_client     = @@character_set_client */;
/*!50503 SET character_set_client = utf8mb4 */;
CREATE TABLE `users` (
  `id` int unsigned NOT NULL AUTO_INCREMENT,
  `first_name` varchar(100) CHARACTER SET utf8 COLLATE utf8_unicode_ci NOT NULL,
  `last_name` varchar(100) CHARACTER SET utf8 COLLATE utf8_unicode_ci NOT NULL,
  `email` varchar(120) CHARACTER SET utf8 COLLATE utf8_unicode_ci NOT NULL,
  `phone` varchar(120) CHARACTER SET utf8 COLLATE utf8_unicode_ci NOT NULL,
  `created_at` datetime DEFAULT CURRENT_TIMESTAMP,
  `update_at` datetime DEFAULT CURRENT_TIMESTAMP ON UPDATE CURRENT_TIMESTAMP,
  PRIMARY KEY (`id`),
  UNIQUE KEY `email` (`email`),
  UNIQUE KEY `phone` (`phone`)
) ENGINE=InnoDB AUTO_INCREMENT=101 DEFAULT CHARSET=utf8 COLLATE=utf8_unicode_ci;
/*!40101 SET character_set_client = @saved_cs_client */;

--
-- Dumping data for table `users`
--

LOCK TABLES `users` WRITE;
/*!40000 ALTER TABLE `users` DISABLE KEYS */;
INSERT INTO `users` VALUES (1,'Malinda','Mertz','gaylord.candice@example.com','+79101485783','2011-02-10 13:54:34','2020-04-02 21:15:35'),(2,'Monique','Farrell','zelda99@example.net','+79107201352','2016-03-15 21:43:25','2020-04-02 21:15:35'),(3,'Magnolia','Franecki','selina.shanahan@example.net','+79131549414','2014-01-16 02:45:12','2020-04-02 21:15:35'),(4,'Betty','Gibson','prosacco.mckayla@example.net','+79136143021','2018-10-16 14:04:33','2020-04-02 21:15:35'),(5,'Nikita','O\'Kon','johnson.lazaro@example.com','+79186066867','2018-09-07 22:10:06','2020-04-02 21:15:35'),(6,'Juana','VonRueden','harvey.darryl@example.org','+79121905278','2012-12-05 14:55:01','2020-04-02 21:15:35'),(7,'Fausto','Witting','bmckenzie@example.net','+79151325789','2015-04-11 21:25:36','2020-04-02 21:15:35'),(8,'Mariam','Fadel','bergnaum.carli@example.com','+79190913116','2011-08-02 12:55:40','2020-04-02 21:15:35'),(9,'Dejuan','Balistreri','blowe@example.com','+79100588221','2016-12-30 08:58:31','2020-04-02 21:15:35'),(10,'Emerald','O\'Kon','crist.raymundo@example.net','+79130201757','2012-08-25 19:23:07','2020-04-02 21:15:35'),(11,'Garry','Runolfsdottir','aarmstrong@example.net','+79149244125','2017-08-30 01:47:44','2020-04-02 21:15:35'),(12,'Jessica','Torphy','florine.watsica@example.com','+79155615359','2012-04-05 08:30:56','2020-04-02 21:15:35'),(13,'Raegan','Harris','pedro.emard@example.net','+79130344425','2011-05-04 23:59:47','2020-04-02 21:15:35'),(14,'Valentin','Rice','ora83@example.com','+79184876052','2015-12-14 08:22:57','2020-04-02 21:15:35'),(15,'Emelia','Schaden','imetz@example.org','+79133346992','2015-09-20 10:05:07','2020-04-02 21:15:35'),(16,'Ford','Hoppe','vernice75@example.net','+79112106804','2013-10-28 09:06:58','2020-04-02 21:15:35'),(17,'Freida','Swaniawski','xcummings@example.com','+79160493046','2013-03-26 08:27:23','2020-04-02 21:15:35'),(18,'Everette','McDermott','denesik.kaelyn@example.net','+79166144826','2014-03-10 10:03:13','2020-04-02 21:15:35'),(19,'Izaiah','Konopelski','fschmidt@example.com','+79149244994','2013-09-12 14:43:44','2020-04-02 21:15:35'),(20,'Dusty','Bosco','qkiehn@example.com','+79147790497','2014-10-25 16:03:38','2020-04-02 21:15:35'),(21,'Arvilla','Kozey','abernathy.madalyn@example.com','+79191217507','2019-06-19 03:24:47','2020-04-02 21:15:35'),(22,'Adriel','Leuschke','breitenberg.ally@example.com','+79112716051','2010-06-28 02:04:13','2020-04-02 21:15:35'),(23,'Otha','Kuhlman','ibatz@example.net','+79189927733','2013-04-01 10:44:14','2020-04-02 21:15:35'),(24,'Khalil','Feeney','bbreitenberg@example.org','+79111490518','2015-12-28 04:41:32','2020-04-02 21:15:35'),(25,'Reginald','Jacobi','shilll@example.com','+79187669395','2011-06-26 01:40:29','2020-04-02 21:15:35'),(26,'Dan','Zboncak','marjorie09@example.net','+79103875426','2016-02-29 19:36:51','2020-04-02 21:15:35'),(27,'Rahsaan','Windler','osbaldo57@example.com','+79156368947','2017-07-27 21:45:25','2020-04-02 21:15:35'),(28,'William','Zemlak','dorthy.zemlak@example.org','+79170218462','2011-04-02 12:22:43','2020-04-02 21:15:35'),(29,'Florence','Keebler','sammie41@example.net','+79181985475','2018-10-31 04:55:09','2020-04-02 21:15:35'),(30,'Kaela','Gottlieb','cierra47@example.net','+79199271994','2018-03-27 10:23:26','2020-04-02 21:15:35'),(31,'Rubye','Rutherford','danny.berge@example.net','+79150403551','2014-04-28 01:23:02','2020-04-02 21:15:35'),(32,'Kristy','Quitzon','rogahn.kris@example.org','+79154201774','2014-07-16 20:29:43','2020-04-02 21:15:35'),(33,'Jude','Goyette','aaufderhar@example.com','+79119798221','2014-10-24 14:50:58','2020-04-02 21:15:35'),(34,'Issac','Welch','noemie76@example.org','+79136385786','2015-07-25 00:11:45','2020-04-02 21:15:35'),(35,'Jeff','Bergstrom','ryan.santa@example.net','+79122534274','2014-10-23 16:13:12','2020-04-02 21:15:35'),(36,'Esperanza','Lesch','wkautzer@example.org','+79103514013','2012-08-04 17:05:02','2020-04-02 21:15:35'),(37,'Jovany','Block','feil.bud@example.org','+79149967245','2011-07-01 04:52:43','2020-04-02 21:15:35'),(38,'Chanel','Lueilwitz','bill.boehm@example.org','+79139294193','2019-07-13 21:00:29','2020-04-02 21:15:35'),(39,'Alexandrine','Schowalter','fblick@example.com','+79146569232','2012-12-31 01:30:05','2020-04-02 21:15:35'),(40,'Sarah','Russel','grace.zboncak@example.org','+79114963588','2015-07-16 11:52:48','2020-04-02 21:15:35'),(41,'Giovanna','McDermott','nona.cassin@example.com','+79135110247','2014-07-25 07:09:26','2020-04-02 21:15:35'),(42,'Jamaal','Parisian','glover.salma@example.com','+79130660476','2010-08-11 09:49:42','2020-04-02 21:15:35'),(43,'Aubrey','Schaefer','jzemlak@example.com','+79147971640','2018-04-12 05:17:33','2020-04-02 21:15:35'),(44,'Reilly','Dickens','glangworth@example.net','+79147876776','2019-01-26 04:52:45','2020-04-02 21:15:35'),(45,'Jarod','Mante','reginald20@example.com','+79195468966','2015-10-04 04:15:02','2020-04-02 21:15:35'),(46,'Dudley','Funk','neha77@example.com','+79133714507','2015-04-28 11:54:20','2020-04-02 21:15:35'),(47,'Mack','Schowalter','johnathan64@example.org','+79182165641','2018-01-07 14:36:07','2020-04-02 21:15:35'),(48,'Hipolito','Johns','lwalter@example.net','+79109684689','2016-12-24 20:45:54','2020-04-02 21:15:35'),(49,'Samanta','Collier','asia98@example.com','+79101926525','2010-11-07 12:49:09','2020-04-02 21:15:35'),(50,'Parker','Gutmann','iherman@example.net','+79180578560','2014-01-05 13:00:00','2020-04-02 21:15:35'),(51,'Cierra','Mitchell','msawayn@example.net','+79197113231','2015-05-04 13:30:31','2020-04-02 21:15:35'),(52,'Haley','Conn','myrtle63@example.com','+79143830482','2015-06-11 05:16:55','2020-04-02 21:15:35'),(53,'Graham','Cartwright','wisoky.edison@example.net','+79127812719','2011-12-28 04:22:42','2020-04-02 21:15:35'),(54,'Bruce','Hane','cleve.gulgowski@example.net','+79107572154','2015-03-29 12:05:22','2020-04-02 21:15:35'),(55,'Eveline','Greenholt','milford74@example.org','+79154422614','2017-02-21 14:25:33','2020-04-02 21:15:35'),(56,'Trinity','Larson','zulauf.henri@example.org','+79149396613','2011-06-26 13:57:07','2020-04-02 21:15:35'),(57,'Jadyn','Wisozk','dgerlach@example.net','+79183715228','2014-01-25 04:49:36','2020-04-02 21:15:35'),(58,'Patrick','Yost','alia14@example.com','+79170386305','2018-04-18 03:31:29','2020-04-02 21:15:35'),(59,'Vincenza','Hoppe','catalina.reichel@example.net','+79100785846','2015-08-15 10:31:22','2020-04-02 21:15:35'),(60,'Joanny','Haag','handerson@example.net','+79192770316','2016-10-05 15:36:33','2020-04-02 21:15:35'),(61,'Mariano','Runolfsdottir','stracke.omari@example.com','+79161494051','2015-10-29 14:16:01','2020-04-02 21:15:35'),(62,'Tom','Quitzon','alvina79@example.com','+79129159309','2016-06-02 10:42:14','2020-04-02 21:15:35'),(63,'Favian','Frami','lbosco@example.com','+79161314393','2013-01-03 06:07:57','2020-04-02 21:15:35'),(64,'Jaeden','Wiza','bmitchell@example.net','+79119094045','2018-10-13 19:05:42','2020-04-02 21:15:35'),(65,'Emma','Jenkins','dovie.jones@example.org','+79111527050','2014-11-05 07:13:49','2020-04-02 21:15:35'),(66,'Jaylon','Bruen','ceasar.anderson@example.com','+79100353116','2015-08-20 18:13:56','2020-04-02 21:15:35'),(67,'Crystal','Carroll','jkassulke@example.com','+79167184433','2011-11-03 04:24:37','2020-04-02 21:15:35'),(68,'Caleb','Kuhn','kulas.william@example.net','+79134862822','2010-04-09 08:16:45','2020-04-02 21:15:35'),(69,'Angel','Leffler','igreenholt@example.org','+79172760816','2010-09-29 22:54:30','2020-04-02 21:15:35'),(70,'Kaitlin','Hilll','pschamberger@example.com','+79159215620','2014-07-29 11:56:14','2020-04-02 21:15:35'),(71,'Mariam','Kiehn','hquigley@example.org','+79177795656','2014-01-19 21:20:49','2020-04-02 21:15:35'),(72,'Brian','Borer','cecilia.renner@example.com','+79111331426','2014-07-27 04:12:24','2020-04-02 21:15:35'),(73,'Karolann','Cruickshank','evangeline59@example.com','+79123270161','2014-12-07 02:53:10','2020-04-02 21:15:35'),(74,'Norris','Turner','gfarrell@example.org','+79182356533','2010-04-15 19:54:39','2020-04-02 21:15:35'),(75,'Gloria','Gibson','aubree44@example.com','+79141972186','2017-01-03 13:47:56','2020-04-02 21:15:35'),(76,'Alvina','Pfannerstill','alverta14@example.org','+79162791335','2016-04-22 12:31:22','2020-04-02 21:15:35'),(77,'Gus','Kreiger','morar.dana@example.org','+79188040122','2015-05-04 18:18:41','2020-04-02 21:15:35'),(78,'Reynold','Hermiston','gleichner.shanie@example.com','+79151826611','2019-02-11 14:11:59','2020-04-02 21:15:35'),(79,'Rocky','Robel','layne47@example.org','+79195012690','2011-10-27 08:21:03','2020-04-02 21:15:35'),(80,'Imogene','Gibson','telly.howe@example.com','+79119583622','2011-01-11 20:34:09','2020-04-02 21:15:35'),(81,'Leanne','Pfannerstill','trantow.era@example.net','+79112880044','2013-11-14 03:22:29','2020-04-02 21:15:35'),(82,'Kadin','Raynor','franecki.lewis@example.com','+79105649356','2014-03-10 06:29:48','2020-04-02 21:15:35'),(83,'Estevan','Schmitt','west.corine@example.net','+79189606652','2018-10-31 14:57:53','2020-04-02 21:15:35'),(84,'Kelvin','Cartwright','anahi.lockman@example.com','+79131085199','2013-11-22 15:43:27','2020-04-02 21:15:35'),(85,'Judd','Funk','reese82@example.net','+79186606041','2019-11-19 02:58:14','2020-04-02 21:15:35'),(86,'Flavie','Corwin','bertha83@example.net','+79139774616','2011-02-07 20:48:45','2020-04-02 21:15:35'),(87,'Akeem','Kunze','trantow.ruthe@example.net','+79139054958','2014-06-26 06:09:48','2020-04-02 21:15:35'),(88,'Marjorie','Marks','armani.heidenreich@example.org','+79175950945','2019-07-08 10:38:46','2020-04-02 21:15:35'),(89,'Delaney','Mann','serenity69@example.com','+79162589856','2010-04-16 16:35:30','2020-04-02 21:15:35'),(90,'Kayla','Shanahan','mabel.emard@example.com','+79185096451','2012-03-06 00:12:07','2020-04-02 21:15:35'),(91,'Reyna','Kilback','camron23@example.com','+79137712692','2012-06-10 09:24:33','2020-04-02 21:15:35'),(92,'Alfred','O\'Keefe','blanda.trever@example.com','+79133274107','2010-07-24 22:59:39','2020-04-02 21:15:35'),(93,'Laverna','Dickinson','zgaylord@example.org','+79153232465','2018-03-19 14:34:21','2020-04-02 21:15:35'),(94,'Kellie','Marks','mcartwright@example.net','+79166340007','2014-05-13 03:41:02','2020-04-02 21:15:35'),(95,'Kade','Schuppe','iliana.jacobson@example.com','+79172002647','2017-12-02 05:02:47','2020-04-02 21:15:35'),(96,'Margarita','Smitham','koch.uriel@example.com','+79160993218','2017-02-11 16:27:09','2020-04-02 21:15:35'),(97,'Jay','Connelly','bkemmer@example.org','+79188958153','2013-12-22 12:06:23','2020-04-02 21:15:35'),(98,'Emily','Labadie','samara.kreiger@example.net','+79161811118','2016-03-13 03:55:21','2020-04-02 21:15:35'),(99,'Elza','Hintz','gaylord.demetris@example.org','+79142181132','2019-05-13 04:14:10','2020-04-02 21:15:35'),(100,'Dorris','Cole','rosendo.zulauf@example.com','+79125472310','2011-07-06 14:50:43','2020-04-02 21:15:35');
/*!40000 ALTER TABLE `users` ENABLE KEYS */;
UNLOCK TABLES;
/*!40103 SET TIME_ZONE=@OLD_TIME_ZONE */;

/*!40101 SET SQL_MODE=@OLD_SQL_MODE */;
/*!40014 SET FOREIGN_KEY_CHECKS=@OLD_FOREIGN_KEY_CHECKS */;
/*!40014 SET UNIQUE_CHECKS=@OLD_UNIQUE_CHECKS */;
/*!40101 SET CHARACTER_SET_CLIENT=@OLD_CHARACTER_SET_CLIENT */;
/*!40101 SET CHARACTER_SET_RESULTS=@OLD_CHARACTER_SET_RESULTS */;
/*!40101 SET COLLATION_CONNECTION=@OLD_COLLATION_CONNECTION */;
/*!40111 SET SQL_NOTES=@OLD_SQL_NOTES */;

-- Dump completed on 2020-04-03  9:17:07
